Workbook

Sheet APRIL 25
C1: DISPOSAFE HEALTH AND LIFE CARE LIMITED Plot No.37A, Sector-06, Ballabgarh (Faridabad) Haryana India 121006
A3: ASSEMBLY SECTION DAILY REJECTION REPORT FOR APRIL 25
A4: DATE | B4: VISUAL QTY | C4: VISUAL ACPT QTY | D4: REJ QTY | E4: REJ % | F4: BALLOON CHKD QTY | G4: BALLOON ACPT QTY | H4: REJ QTY | I4: REJ % | J4: VALVE INT CHKD QTY | K4: VALVE INTY ACPT QTY | L4: VALVE INTY REJ Qty | M4: REJ % | N4: FINAL CHECKED QTY | O4: FINAL REJECTION | P4: TOTAL REJ QTY | Q4: FINAL REJ % | R4: VISUAL CHECKED QTY | S4: VISUAL REJ QTY | T4: VISUAL REJ %
A6: 45748 | B6: 10982 | C6: 9627 | D6: 1054 | E6: =D6/B6*100 -> 9.5975232 | F6: 9627 | G6: 9612 | H6: 15 | I6: =H6/F6*100 -> 0.15581178 | J6: 9612 | K6: 9483 | L6: 129 | M6: =L6/J6*100 -> 1.3420724 | N6: 6685 | O6: 1448 | P6: =D6+H6+L6+O6 -> 2646 | Q6: =O6/N6*100 -> 21.660434 | R6: WEEK 1
A7: 45749 | B7: 11054 | C7: 9907 | D7: 828 | E7: =D7/B7*100 -> 7.4905012 | F7: 9907 | G7: 9858 | H7: 49 | I7: =H7/F7*100 -> 0.49459978 | J7: 9858 | K7: 9767 | L7: 91 | M7: =L7/J7*100 -> 0.92310814 | N7: 9767 | O7: 140 | P7: =D7+H7+L7+O7 -> 1108 | Q7: =O7/N7*100 -> 1.4333982 | R7: =SUM(B6:B10) -> 53701 | S7: =SUM(P6:P10) -> 6932 | T7: =S7/R7*100 -> 12.908512
A8: 45750 | B8: 12039 | C8: 10946 | D8: 847 | E8: =D8/B8*100 -> 7.0354681 | F8: 10746 | G8: 10683 | H8: 63 | I8: =H8/F8*100 -> 0.58626466 | J8: 10683 | K8: 10632 | L8: 51 | M8: =L8/J8*100 -> 0.47739399 | N8: 4231 | O8: 99 | P8: =D8+H8+L8+O8 -> 1060 | Q8: =O8/N8*100 -> 2.3398724
A9: 45751 | B9: 11041 | C9: 9573 | D9: 1117 | E9: =D9/B9*100 -> 10.116837 | F9: 9573 | G9: 9555 | H9: 18 | I9: =H9/F9*100 -> 0.18802883 | J9: 9555 | K9: 9481 | L9: 74 | M9: =L9/J9*100 -> 0.77446363 | P9: =D9+H9+L9+O9 -> 1209 | Q9: 0
A10: 45752 | B10: 8585 | C10: 7801 | D10: 654 | E10: =D10/B10*100 -> 7.6179383 | F10: 7038 | G10: 7018 | H10: 20 | I10: =H10/F10*100 -> 0.28417164 | J10: 7018 | K10: 6963 | L10: 55 | M10: =L10/J10*100 -> 0.78369906 | N10: 6401 | O10: 180 | P10: =D10+H10+L10+O10 -> 909 | Q10: =O10/N10*100 -> 2.8120606
B11: =SUM(B6:B10) -> 53701 | C11: =SUM(C6:C10) -> 47854 | D11: =SUM(D6:D10) -> 4500 | E11: =D11/B11*100 -> 8.3797322 | F11: =SUM(F6:F10) -> 46891 | G11: =SUM(G6:G10) -> 46726 | H11: =SUM(H6:H10) -> 165 | I11: =H11/F11*100 -> 0.35187989 | J11: =SUM(J6:J10) -> 46726 | K11: =SUM(K6:K10) -> 46326 | L11: =SUM(L6:L10) -> 400 | M11: =L11/J11*100 -> 0.85605445 | N11: =SUM(N6:N10) -> 27084 | O11: =SUM(O6:O10) -> 1867 | P11: =SUM(P6:P10) -> 6932 | Q11: =O11/N11*100 -> 6.8933688
A12: SUNDAY
A13: 45754 | B13: 5230 | C13: 4553 | D13: 609 | E13: =D13/B13*100 -> 11.644359 | F13: 4553 | G13: 4498 | H13: 55 | I13: =H13/F13*100 -> 1.2079947 | J13: 4498 | K13: 4443 | L13: 55 | M13: =L13/J13*100 -> 1.2227657 | N13: 6963 | O13: 87 | P13: =D13+H13+L13+O13 -> 806 | Q13: =O13/N13*100 -> 1.2494614 | R13: WEEK 2
A14: 45755 | B14: 10167 | C14: 9400 | D14: 680 | E14: =D14/B14*100 -> 6.6883053 | F14: 9400 | G14: 9326 | H14: 71 | I14: =H14/F14*100 -> 0.75531915 | J14: 9326 | K14: 9100 | L14: 226 | M14: =L14/J14*100 -> 2.4233326 | N14: 3590 | O14: 91 | P14: =D14+H14+L14+O14 -> 1068 | Q14: =O14/N14*100 -> 2.5348189 | R14: =SUM(B13:B18) -> 56572 | S14: =SUM(P13:P18) -> 4845 | T14: =S14/R14*100 -> 8.5643074
A15: 45756 | B15: 9455 | C15: 8912 | D15: 297 | E15: =D15/B15*100 -> 3.1411951 | F15: 8912 | G15: 8886 | H15: 26 | I15: =H15/F15*100 -> 0.29174147 | J15: 8886 | K15: 8820 | L15: 66 | M15: =L15/J15*100 -> 0.74274139 | N15: 5527 | O15: 170 | P15: =D15+H15+L15+O15 -> 559 | Q15: =O15/N15*100 -> 3.0758097
A16: 45757 | B16: 10959 | C16: 10350 | D16: 455 | E16: =D16/B16*100 -> 4.1518387 | F16: 10350 | G16: 10279 | H16: 71 | I16: =H16/F16*100 -> 0.68599034 | J16: 10279 | K16: 10159 | L16: 120 | M16: =L16/J16*100 -> 1.1674287 | N16: 9970 | O16: 220 | P16: =D16+H16+L16+O16 -> 866 | Q16: =O16/N16*100 -> 2.2066199
A17: 45758 | B17: 12959 | C17: 12214 | D17: 527 | E17: =D17/B17*100 -> 4.0666718 | F17: 12214 | G17: 12114 | H17: 100 | I17: =H17/F17*100 -> 0.8187326 | J17: 12114 | K17: 12058 | L17: 56 | M17: =L17/J17*100 -> 0.46227505 | N17: 9689 | O17: 139 | P17: =D17+H17+L17+O17 -> 822 | Q17: =O17/N17*100 -> 1.4346166
A18: 45759 | B18: 7802 | C18: 7250 | D18: 379 | E18: =D18/B18*100 -> 4.8577288 | F18: 7250 | G18: 7214 | H18: 36 | I18: =H18/F18*100 -> 0.49655172 | J18: 7214 | K18: 7148 | L18: 66 | M18: =L18/J18*100 -> 0.91488772 | N18: 12748 | O18: 243 | P18: =D18+H18+L18+O18 -> 724 | Q18: =O18/N18*100 -> 1.9061814
B19: =SUM(B13:B18) -> 56572 | C19: =SUM(C13:C18) -> 52679 | D19: =SUM(D13:D18) -> 2947 | E19: =D19/B19*100 -> 5.2092908 | F19: =SUM(F13:F18) -> 52679 | G19: =SUM(G13:G18) -> 52317 | H19: =SUM(H13:H18) -> 359 | I19: =H19/F19*100 -> 0.68148598 | J19: =SUM(J13:J18) -> 52317 | K19: =SUM(K13:K18) -> 51728 | L19: =SUM(L13:L18) -> 589 | M19: =L19/J19*100 -> 1.1258291 | N19: =SUM(N13:N18) -> 48487 | O19: =SUM(O13:O18) -> 950 | P19: =SUM(P13:P18) -> 4845 | Q19: =O19/N19*100 -> 1.9592881
A20: SUNDAY
A21: 45761 | B21: 7479 | C21: 6182 | D21: 1247 | E21: =D21/B21*100 -> 16.673352 | F21: 6152 | G21: 6088 | H21: 94 | I21: =H21/F21*100 -> 1.5279584 | J21: 6088 | K21: 5967 | L21: 121 | M21: =L21/J21*100 -> 1.9875164 | N21: 8733 | O21: 118 | P21: =D21+H21+L21+O21 -> 1580 | Q21: =O21/N21*100 -> 1.3511966 | R21: WEEK 3
A22: 45762 | B22: 12492 | C22: 11557 | D22: 700 | E22: =D22/B22*100 -> 5.6035863 | F22: 11557 | G22: 11479 | H22: 78 | I22: =H22/F22*100 -> 0.67491564 | J22: 11479 | K22: 11376 | L22: 103 | M22: =L22/J22*100 -> 0.8972907 | N22: 4077 | O22: 294 | P22: =D22+H22+L22+O22 -> 1175 | Q22: =O22/N22*100 -> 7.2111847 | R22: =SUM(B21:B26) -> 61231 | S22: =SUM(P21:P26) -> 10531 | T22: =S22/R22*100 -> 17.198805
A23: 45763 | B23: 10594 | C23: 8339 | D23: 671 | E23: =D23/B23*100 -> 6.3337738 | F23: 8339 | G23: 8267 | H23: 57 | I23: =H23/F23*100 -> 0.6835352 | J23: 8267 | K23: 7477 | L23: 790 | M23: =L23/J23*100 -> 9.5560663 | N23: 5022 | O23: 95 | P23: =D23+H23+L23+O23 -> 1613 | Q23: =O23/N23*100 -> 1.8916766
A24: 45764 | B24: 11049 | C24: 10209 | D24: 680 | E24: =D24/B24*100 -> 6.1544031 | F24: 10209 | G24: 10104 | H24: 105 | I24: =H24/F24*100 -> 1.0285043 | J24: 10104 | K24: 8874 | L24: 1230 | M24: =L24/J24*100 -> 12.173397 | N24: 11917 | O24: 224 | P24: =D24+H24+L24+O24 -> 2239 | Q24: =O24/N24*100 -> 1.8796677
A25: 45765 | B25: 9273 | C25: 8453 | D25: 722 | E25: =D25/B25*100 -> 7.7860455 | F25: 8453 | G25: 8390 | H25: 63 | I25: =H25/F25*100 -> 0.74529753 | J25: 8390 | K25: 6557 | L25: 1833 | M25: =L25/J25*100 -> 21.847437 | N25: 16314 | O25: 261 | P25: =D25+H25+L25+O25 -> 2879 | Q25: =O25/N25*100 -> 1.5998529
A26: 45766 | B26: 10344 | C26: 9612 | D26: 420 | E26: =D26/B26*100 -> 4.0603248 | F26: 10889 | G26: 10794 | H26: 95 | I26: =H26/F26*100 -> 0.87244008 | J26: 10794 | K26: 9967 | L26: 143 | M26: =L26/J26*100 -> 1.3248101 | N26: 4646 | O26: 387 | P26: =D26+H26+L26+O26 -> 1045 | Q26: =O26/N26*100 -> 8.329746
B27: =SUM(B21:B26) -> 61231 | C27: =SUM(C21:C26) -> 54352 | D27: =SUM(D21:D26) -> 4440 | E27: =D27/B27*100 -> 7.251229 | F27: =SUM(F21:F26) -> 55599 | G27: =SUM(G21:G26) -> 55122 | H27: =SUM(H21:H26) -> 492 | I27: =H27/F27*100 -> 0.884908 | J27: =SUM(J21:J26) -> 55122 | K27: =SUM(K21:K26) -> 50218 | L27: =SUM(L21:L26) -> 4220 | M27: =L27/J27*100 -> 7.6557454 | N27: =SUM(N21:N26) -> 50709 | O27: =SUM(O21:O26) -> 1379 | P27: =SUM(P21:P26) -> 10531 | Q27: =O27/N27*100 -> 2.7194384
A28: SUNDAY
A29: 45768 | B29: 0 | C29: 0 | D29: 0 | E29: =D29/B29*100 -> #DIV/0! | F29: 0 | G29: 0 | H29: 0 | I29: =H29/F29*100 -> #DIV/0! | J29: 0 | K29: 0 | L29: 0 | M29: =L29/J29*100 -> #DIV/0! | N29: 8720 | O29: 257 | P29: =D29+H29+L29+O29 -> 257 | Q29: =O29/N29*100 -> 2.9472477 | R29: WEEK 4
A30: 45769 | B30: 9439 | C30: 7281 | D30: 291 | E30: =D30/B30*100 -> 3.0829537 | F30: 7281 | G30: 7244 | H30: 37 | I30: =H30/F30*100 -> 0.50817195 | J30: 7244 | K30: 7177 | L30: 67 | M30: =L30/J30*100 -> 0.92490337 | N30: 15357 | O30: 262 | P30: =D30+H30+L30+O30 -> 657 | Q30: =O30/N30*100 -> 1.7060624 | R30: =SUM(B29:B34) -> 46816 | S30: =SUM(P29:P34) -> 6286 | T30: =S30/R30*100 -> 13.427033
A31: 45770 | B31: 8884 | C31: 7370 | D31: 414 | E31: =D31/B31*100 -> 4.660063 | F31: 7370 | G31: 7220 | H31: 150 | I31: =H31/F31*100 -> 2.0352782 | J31: 7220 | K31: 7143 | L31: 77 | M31: =L31/J31*100 -> 1.066482 | N31: 11881 | O31: 85 | P31: =D31+H31+L31+O31 -> 726 | Q31: =O31/N31*100 -> 0.71542799
A32: 45771 | B32: 9929 | C32: 6878 | D32: 1153 | E32: =D32/B32*100 -> 11.612448 | F32: 6878 | G32: 6755 | H32: 123 | I32: =H32/F32*100 -> 1.7883106 | J32: 6755 | K32: 6694 | L32: 61 | M32: =L32/J32*100 -> 0.90303479 | N32: 12095 | O32: 204 | P32: =D32+H32+L32+O32 -> 1541 | Q32: =O32/N32*100 -> 1.6866474
A33: 45772 | B33: 10020 | C33: 8614 | D33: 965 | E33: =D33/B33*100 -> 9.6307385 | F33: 8614 | G33: 8485 | H33: 129 | I33: =H33/F33*100 -> 1.4975621 | J33: 8485 | K33: 8425 | L33: 60 | M33: =L33/J33*100 -> 0.70713023 | N33: 8544 | O33: 49 | P33: =D33+H33+L33+O33 -> 1203 | Q33: =O33/N33*100 -> 0.57350187
A34: 45773 | B34: 8544 | C34: 5986 | D34: 1573 | E34: =D34/B34*100 -> 18.410581 | F34: 5986 | G34: 5937 | H34: 49 | I34: =H34/F34*100 -> 0.81857668 | J34: 5937 | K34: 5887 | L34: 58 | M34: =L34/J34*100 -> 0.97692437 | N34: 9758 | O34: 222 | P34: =D34+H34+L34+O34 -> 1902 | Q34: =O34/N34*100 -> 2.2750564
B35: =SUM(B29:B34) -> 46816 | C35: =SUM(C29:C34) -> 36129 | D35: =SUM(D29:D34) -> 4396 | E35: =D35/B35*100 -> 9.3899522 | F35: =SUM(F29:F34) -> 36129 | G35: =SUM(G29:G34) -> 35641 | H35: =SUM(H29:H34) -> 488 | I35: =H35/F35*100 -> 1.3507155 | J35: =SUM(J29:J34) -> 35641 | K35: =SUM(K29:K34) -> 35326 | L35: =SUM(L29:L34) -> 323 | M35: =L35/J35*100 -> 0.90625964 | N35: =SUM(N29:N34) -> 66355 | O35: =SUM(O29:O34) -> 1079 | P35: =SUM(P29:P34) -> 6286 | Q35: =O35/N35*100 -> 1.626102
A36: SUNDAY
A37: 45775 | B37: 9730 | C37: 8183 | D37: 926 | E37: =D37/B37*100 -> 9.5169579 | F37: 8183 | G37: 7955 | H37: 228 | I37: =H37/F37*100 -> 2.7862642 | J37: 7955 | K37: 7640 | L37: 315 | M37: =L37/J37*100 -> 3.9597737 | N37: 10039 | O37: 223 | P37: =D37+H37+L37+O37 -> 1692 | Q37: =O37/N37*100 -> 2.2213368 | R37: WEEK 5
A38: 45776 | B38: 9468 | C38: 8788 | D38: 354 | E38: =D38/B38*100 -> 3.73891 | F38: 8788 | G38: 8723 | H38: 65 | I38: =H38/F38*100 -> 0.73964497 | J38: 8723 | K38: 8597 | L38: 126 | M38: =L38/J38*100 -> 1.4444572 | N38: 10651 | O38: 88 | P38: =D38+H38+L38+O38 -> 633 | Q38: =O38/N38*100 -> 0.8262135 | R38: =SUM(B37:B39) -> 29447 | S38: =SUM(P37:P39) -> 4588 | T38: =S38/R38*100 -> 15.580535
A39: 45777 | B39: 10249 | C39: 7811 | D39: 1708 | E39: =D39/B39*100 -> 16.66504 | F39: 7811 | G39: 7698 | H39: 113 | I39: =H39/F39*100 -> 1.4466778 | J39: 7698 | K39: 7570 | L39: 128 | M39: =L39/J39*100 -> 1.6627696 | N39: 7570 | O39: 314 | P39: =D39+H39+L39+O39 -> 2263 | Q39: =O39/N39*100 -> 4.1479524
B40: =SUM(B37:B39) -> 29447 | C40: =SUM(C37:C39) -> 24782 | D40: =SUM(D37:D39) -> 2988 | E40: =D40/B40*100 -> 10.147044 | F40: =SUM(F37:F39) -> 24782 | G40: =SUM(G37:G39) -> 24376 | H40: =SUM(H37:H39) -> 406 | I40: =H40/F40*100 -> 1.6382859 | J40: =SUM(J37:J39) -> 24376 | K40: =SUM(K37:K39) -> 23807 | L40: =SUM(L37:L39) -> 569 | M40: =L40/J40*100 -> 2.3342632 | N40: =SUM(N37:N39) -> 28260 | O40: =SUM(O37:O39) -> 625 | P40: =SUM(P37:P39) -> 4588 | Q40: =O40/N40*100 -> 2.2116065
A41: Total | B41: =B40+B35+B27+B19+B11 -> 247767 | C41: =C40+C35+C27+C19+C11 -> 215796 | D41: =D40+D35+D27+D19+D11 -> 19271 | E41: =D41/B41*100 -> 7.777872 | F41: =F40+F35+F27+F19+F11 -> 216080 | G41: =G40+G35+G27+G19+G11 -> 214182 | H41: =H40+H35+H27+H19+H11 -> 1910 | I41: =H41/F41*100 -> 0.88393188 | J41: =J40+J35+J27+J19+J11 -> 214182 | K41: =K40+K35+K27+K19+K11 -> 207405 | L41: =L40+L35+L27+L19+L11 -> 6101 | M41: =L41/J41*100 -> 2.848512 | N41: =N40+N35+N27+N19+N11 -> 220895 | O41: =O40+O35+O27+O19+O11 -> 5900 | P41: =D41+H41+L41+O41 -> 33182 | Q41: =O41/N41*100 -> 2.6709523

Sheet MAY 25
C1: DISPOSAFE HEALTH AND LIFE CARE LIMITED Plot No.37A, Sector-06, Ballabgarh (Faridabad) Haryana India 121006
A3: ASSEMBLY SECTION DAILY REJECTION REPORT FOR MAY 25
A4: DATE | B4: VISUAL QTY | C4: VISUAL ACPT QTY | D4: REJ QTY | E4: REJ % | F4: BALLOON CHKD QTY | G4: BALLOON ACPT QTY | H4: REJ QTY | I4: REJ % | J4: VALVE INT CHKD QTY | K4: VALVE INTY ACPT QTY | L4: VALVE INTY REJ Qty | M4: REJ % | N4: FINAL CHECKED QTY | O4: FINAL REJECTION | P4: TOTAL REJ QTY | Q4: FINAL REJ % | R4: VISUAL CHECKED QTY | S4: VISUAL REJ QTY | T4: VISUAL REJ %
A6: 45778 | B6: 8346 | C6: 6229 | D6: 451 | E6: =D6/B6*100 -> 5.4037862 | F6: 6229 | G6: 6123 | H6: 106 | I6: =H6/F6*100 -> 1.7017178 | J6: 6123 | K6: 6000 | L6: 123 | M6: =L6/J6*100 -> 2.0088192 | N6: 6795 | O6: 56 | P6: =D6+H6+L6+O6 -> 736 | Q6: =O6/N6*100 -> 0.82413539 | R6: WEEK 1
A7: 45779 | B7: 4590 | C7: 4208 | D7: 193 | E7: =D7/B7*100 -> 4.204793 | F7: 4208 | G7: 4188 | H7: 20 | I7: =H7/F7*100 -> 0.47528517 | J7: 4188 | K7: 4138 | L7: 22 | M7: =L7/J7*100 -> 0.52531041 | N7: 5147 | O7: 66 | P7: =D7+H7+L7+O7 -> 301 | Q7: =O7/N7*100 -> 1.2823004 | R7: =SUM(B6:B8) -> 16560 | S7: =SUM(P6:P8) -> 1520 | T7: =S7/R7*100 -> 9.178744
A8: 45780 | B8: 3624 | C8: 2280 | D8: 356 | E8: =D8/B8*100 -> 9.8233996 | F8: 6642 | G8: 6591 | H8: 51 | I8: =H8/F8*100 -> 0.76784101 | J8: 6591 | K8: 6570 | L8: 21 | M8: =L8/J8*100 -> 0.31861629 | N8: 6603 | O8: 55 | P8: =D8+H8+L8+O8 -> 483 | Q8: =O8/N8*100 -> 0.83295472
B9: =SUM(B6:B8) -> 16560 | C9: =SUM(C6:C8) -> 12717 | D9: =SUM(D6:D8) -> 1000 | E9: =D9/B9*100 -> 6.0386473 | F9: =SUM(F6:F8) -> 17079 | G9: =SUM(G6:G8) -> 16902 | H9: =SUM(H6:H8) -> 177 | I9: =H9/F9*100 -> 1.0363604 | J9: =SUM(J6:J8) -> 16902 | K9: =SUM(K6:K8) -> 16708 | L9: =SUM(L6:L8) -> 166 | M9: =L9/J9*100 -> 0.98213229 | N9: =SUM(N6:N8) -> 18545 | O9: =SUM(O6:O8) -> 177 | P9: =SUM(P6:P8) -> 1520 | Q9: =O9/N9*100 -> 0.95443516
A10: SUNDAY
A11: 45782 | B11: 6924 | C11: 5847 | D11: 886 | E11: =D11/B11*100 -> 12.796072 | F11: 5847 | G11: 5698 | H11: 149 | I11: =H11/F11*100 -> 2.5483154 | J11: 5698 | K11: 5555 | L11: 143 | M11: =L11/J11*100 -> 2.5096525 | N11: 6034 | O11: 86 | P11: =D11+H11+L11+O11 -> 1264 | Q11: =O11/N11*100 -> 1.4252569 | R11: WEEK 2
A12: 45783 | B12: 7528 | C12: 6490 | D12: 823 | E12: =D12/B12*100 -> 10.932519 | F12: 6490 | G12: 6397 | H12: 93 | I12: =H12/F12*100 -> 1.4329738 | J12: 6397 | K12: 6243 | L12: 154 | M12: =L12/J12*100 -> 2.4073785 | N12: 6938 | O12: 229 | P12: =D12+H12+L12+O12 -> 1299 | Q12: =O12/N12*100 -> 3.300663 | R12: =SUM(B11:B16) -> 47279 | S12: =SUM(P11:P16) -> 6770 | T12: =S12/R12*100 -> 14.319254
A13: 45784 | B13: 8703 | C13: 7627 | D13: 833 | E13: =D13/B13*100 -> 9.5714122 | F13: 7268 | G13: 7164 | H13: 104 | I13: =H13/F13*100 -> 1.4309301 | J13: 7164 | K13: 7085 | L13: 79 | M13: =L13/J13*100 -> 1.1027359 | N13: 8000 | O13: 287 | P13: =D13+H13+L13+O13 -> 1303 | Q13: =O13/N13*100 -> 3.5875
A14: 45785 | B14: 9138 | C14: 7898 | D14: 682 | E14: =D14/B14*100 -> 7.4633399 | F14: 7808 | G14: 7747 | H14: 61 | I14: =H14/F14*100 -> 0.78125 | J14: 7747 | K14: 7666 | L14: 81 | M14: =L14/J14*100 -> 1.045566 | N14: 0 | O14: 824 | P14: =D14+H14+L14+O14 -> 1648 | Q14: 0
A15: 45786 | B15: 10611 | C15: 8845 | D15: 645 | E15: =D15/B15*100 -> 6.0785977 | F15: 7976 | G15: 7917 | H15: 59 | I15: =H15/F15*100 -> 0.73971916 | J15: 7917 | K15: 7879 | L15: 38 | M15: =L15/J15*100 -> 0.47997979 | N15: 6295 | O15: 125 | P15: =D15+H15+L15+O15 -> 867 | Q15: =O15/N15*100 -> 1.9857029
A16: 45787 | B16: 4375 | C16: 4110 | D16: 193 | E16: =D16/B16*100 -> 4.4114286 | F16: 9000 | G16: 8994 | H16: 6 | I16: =H16/F16*100 -> 0.066666667 | J16: 8994 | K16: 8992 | L16: 2 | M16: =L16/J16*100 -> 0.022237047 | N16: 8206 | O16: 188 | P16: =D16+H16+L16+O16 -> 389 | Q16: =O16/N16*100 -> 2.2910066
B17: =SUM(B11:B16) -> 47279 | C17: =SUM(C11:C16) -> 40817 | D17: =SUM(D11:D16) -> 4062 | E17: =D17/B17*100 -> 8.5915523 | F17: =SUM(F11:F16) -> 44389 | G17: =SUM(G11:G16) -> 43917 | H17: =SUM(H11:H16) -> 472 | I17: =H17/F17*100 -> 1.0633265 | J17: =SUM(J11:J16) -> 43917 | K17: =SUM(K11:K16) -> 43420 | L17: =SUM(L11:L16) -> 497 | M17: =L17/J17*100 -> 1.1316802 | N17: =SUM(N11:N16) -> 35473 | O17: =SUM(O11:O16) -> 1739 | P17: =SUM(P11:P16) -> 6770 | Q17: =O17/N17*100 -> 4.9023201
A18: SUNDAY
A19: 45789 | B19: 11451 | C19: 9915 | D19: 1239 | E19: =D19/B19*100 -> 10.820016 | F19: 8485 | G19: 8432 | H19: 53 | I19: =H19/F19*100 -> 0.6246317 | J19: 8432 | K19: 8382 | L19: 50 | M19: =L19/J19*100 -> 0.59297913 | N19: 10289 | O19: 67 | P19: =D19+H19+L19+O19 -> 1409 | Q19: =O19/N19*100 -> 0.65118087 | R19: WEEK 3
A20: 45790 | B20: 10602 | C20: 9560 | D20: 861 | E20: =D20/B20*100 -> 8.1211092 | F20: 10218 | G20: 10134 | H20: 84 | I20: =H20/F20*100 -> 0.82207868 | J20: 10134 | K20: 10076 | L20: 58 | M20: =L20/J20*100 -> 0.57233077 | N20: 9914 | O20: 76 | P20: =D20+H20+L20+O20 -> 1079 | Q20: =O20/N20*100 -> 0.7665927 | R20: =SUM(B19:B24) -> 65704 | S20: =SUM(P19:P24) -> 7031 | T20: =S20/R20*100 -> 10.701023
A21: 45791 | B21: 9696 | C21: 8825 | D21: 675 | E21: =D21/B21*100 -> 6.9616337 | F21: 10056 | G21: 9930 | H21: 126 | I21: =H21/F21*100 -> 1.2529833 | J21: 9930 | K21: 9786 | L21: 144 | M21: =L21/J21*100 -> 1.4501511 | N21: 6499 | O21: 124 | P21: =D21+H21+L21+O21 -> 1069 | Q21: =O21/N21*100 -> 1.9079858
A22: 45792 | B22: 9893 | C22: 8931 | D22: 689 | E22: =D22/B22*100 -> 6.9645204 | F22: 11144 | G22: 11047 | H22: 97 | I22: =H22/F22*100 -> 0.87042355 | J22: 11047 | K22: 10955 | L22: 92 | M22: =L22/J22*100 -> 0.83280529 | N22: 11513 | O22: 305 | P22: =D22+H22+L22+O22 -> 1183 | Q22: =O22/N22*100 -> 2.6491792
A23: 45793 | B23: 11608 | C23: 10757 | D23: 719 | E23: =D23/B23*100 -> 6.1940041 | F23: 10936 | G23: 10791 | H23: 145 | I23: =H23/F23*100 -> 1.3258961 | J23: 10791 | K23: 10651 | L23: 140 | M23: =L23/J23*100 -> 1.2973774 | N23: 9441 | O23: 376 | P23: =D23+H23+L23+O23 -> 1380 | Q23: =O23/N23*100 -> 3.982629
A24: 45794 | B24: 12454 | C24: 11708 | D24: 554 | E24: =D24/B24*100 -> 4.44837 | F24: 11780 | G24: 11702 | H24: 78 | I24: =H24/F24*100 -> 0.66213922 | J24: 11702 | K24: 11558 | L24: 144 | M24: =L24/J24*100 -> 1.2305589 | N24: 13307 | O24: 135 | P24: =D24+H24+L24+O24 -> 911 | Q24: =O24/N24*100 -> 1.0145036
B25: =SUM(B19:B24) -> 65704 | C25: =SUM(C19:C24) -> 59696 | D25: =SUM(D19:D24) -> 4737 | E25: =D25/B25*100 -> 7.2096067 | F25: =SUM(F19:F24) -> 62619 | G25: =SUM(G19:G24) -> 62036 | H25: =SUM(H19:H24) -> 583 | I25: =H25/F25*100 -> 0.93102732 | J25: =SUM(J19:J24) -> 62036 | K25: =SUM(K19:K24) -> 61408 | L25: =SUM(L19:L24) -> 628 | M25: =L25/J25*100 -> 1.0123154 | N25: =SUM(N19:N24) -> 60963 | O25: =SUM(O19:O24) -> 1083 | P25: =SUM(P19:P24) -> 7031 | Q25: =O25/N25*100 -> 1.7764874
A26: SUNDAY
A27: 45796 | B27: 12215 | C27: 11004 | D27: 895 | E27: =D27/B27*100 -> 7.3270569 | F27: 9892 | G27: 9889 | H27: 3 | I27: =H27/F27*100 -> 0.030327537 | J27: 9889 | K27: 9883 | L27: 6 | M27: =L27/J27*100 -> 0.060673476 | N27: 11962 | O27: 385 | P27: =D27+H27+L27+O27 -> 1289 | Q27: =O27/N27*100 -> 3.2185253 | R27: WEEK 4
A28: 45797 | B28: 11397 | C28: 10242 | D28: 892 | E28: =D28/B28*100 -> 7.826621 | F28: 11914 | G28: 11810 | H28: 104 | I28: =H28/F28*100 -> 0.87292261 | J28: 11810 | K28: 11737 | L28: 73 | M28: =L28/J28*100 -> 0.61812024 | N28: 11028 | O28: 816 | P28: =D28+H28+L28+O28 -> 1885 | Q28: =O28/N28*100 -> 7.3993471 | R28: =SUM(B27:B32) -> 71850 | S28: =SUM(P27:P32) -> 8450 | T28: =S28/R28*100 -> 11.760612
A29: 45798 | B29: 10437 | C29: 9557 | D29: 572 | E29: =D29/B29*100 -> 5.4805021 | F29: 10380 | G29: 10328 | H29: 52 | I29: =H29/F29*100 -> 0.50096339 | J29: 10328 | K29: 10287 | L29: 41 | M29: =L29/J29*100 -> 0.39697909 | N29: 12367 | O29: 394 | P29: =D29+H29+L29+O29 -> 1059 | Q29: =O29/N29*100 -> 3.185898
A30: 45799 | B30: 12008 | C30: 10736 | D30: 1074 | E30: =D30/B30*100 -> 8.9440373 | F30: 10200 | G30: 10080 | H30: 120 | I30: =H30/F30*100 -> 1.1764706 | J30: 10080 | K30: 10022 | L30: 58 | M30: =L30/J30*100 -> 0.57539683 | N30: 12549 | O30: 205 | P30: =D30+H30+L30+O30 -> 1457 | Q30: =O30/N30*100 -> 1.6335963
A31: 45800 | B31: 12477 | C31: 11464 | D31: 827 | E31: =D31/B31*100 -> 6.6281959 | F31: 10669 | G31: 10618 | H31: 51 | I31: =H31/F31*100 -> 0.47802043 | J31: 10618 | K31: 10548 | L31: 70 | M31: =L31/J31*100 -> 0.65925786 | N31: 9960 | O31: 186 | P31: =D31+H31+L31+O31 -> 1134 | Q31: =O31/N31*100 -> 1.8674699
A32: 45801 | B32: 13316 | C32: 11691 | D32: 1345 | E32: =D32/B32*100 -> 10.100631 | F32: 10423 | G32: 10360 | H32: 63 | I32: =H32/F32*100 -> 0.60443251 | J32: 10360 | K32: 10277 | L32: 83 | M32: =L32/J32*100 -> 0.8011583 | N32: 8087 | O32: 135 | P32: =D32+H32+L32+O32 -> 1626 | Q32: =O32/N32*100 -> 1.6693459
B33: =SUM(B27:B32) -> 71850 | C33: =SUM(C27:C32) -> 64694 | D33: =SUM(D27:D32) -> 5605 | E33: =D33/B33*100 -> 7.8009743 | F33: =SUM(F27:F32) -> 63478 | G33: =SUM(G27:G32) -> 63085 | H33: =SUM(H27:H32) -> 393 | I33: =H33/F33*100 -> 0.61911213 | J33: =SUM(J27:J32) -> 63085 | K33: =SUM(K27:K32) -> 62754 | L33: =SUM(L27:L32) -> 331 | M33: =L33/J33*100 -> 0.52468891 | N33: =SUM(N27:N32) -> 65953 | O33: =SUM(O27:O32) -> 2121 | P33: =SUM(P27:P32) -> 8450 | Q33: =O33/N33*100 -> 3.2159265
A34: SUNDAY
A35: 45803 | B35: 9199 | C35: 8559 | D35: 415 | E35: =D35/B35*100 -> 4.5113599 | F35: 10141 | G35: 10076 | H35: 65 | I35: =H35/F35*100 -> 0.64096243 | J35: 10076 | K35: 9979 | L35: 97 | M35: =L35/J35*100 -> 0.9626836 | N35: 9686 | O35: 137 | P35: =D35+H35+L35+O35 -> 714 | Q35: =O35/N35*100 -> 1.4144126 | R35: WEEK 5
A36: 45804 | B36: 10687 | C36: 9796 | D36: 610 | E36: =D36/B36*100 -> 5.7078694 | F36: 11162 | G36: 10925 | H36: 237 | I36: =H36/F36*100 -> 2.1232754 | J36: 10309 | K36: 10275 | L36: 34 | M36: =L36/J36*100 -> 0.3298089 | N36: 12118 | O36: 575 | P36: =D36+H36+L36+O36 -> 1456 | Q36: =O36/N36*100 -> 4.7450074 | R36: =SUM(B35:B40) -> 59476 | S36: =SUM(P35:P40) -> 8250 | T36: =S36/R36*100 -> 13.871141
A37: 45805 | B37: 10449 | C37: 9854 | D37: 341 | E37: =D37/B37*100 -> 3.2634702 | F37: 9310 | G37: 9305 | H37: 5 | I37: =H37/F37*100 -> 0.053705693 | J37: 11243 | K37: 11079 | L37: 164 | M37: =L37/J37*100 -> 1.4586854 | N37: 6202 | O37: 204 | P37: =D37+H37+L37+O37 -> 714 | Q37: =O37/N37*100 -> 3.2892615
A38: 45806 | B38: 10095 | C38: 9067 | D38: 651 | E38: =D38/B38*100 -> 6.448737 | F38: 9675 | G38: 9570 | H38: 105 | I38: =H38/F38*100 -> 1.0852713 | J38: 11354 | K38: 11211 | L38: 143 | M38: =L38/J38*100 -> 1.259468 | N38: 10157 | O38: 552 | P38: =D38+H38+L38+O38 -> 1451 | Q38: =O38/N38*100 -> 5.4346756
A39: 45807 | B39: 8512 | C39: 7543 | D39: 744 | E39: =D39/B39*100 -> 8.7406015 | F39: 10710 | G39: 10631 | H39: 79 | I39: =H39/F39*100 -> 0.73762838 | J39: 10524 | K39: 10393 | L39: 131 | M39: =L39/J39*100 -> 1.2447739 | N39: 13000 | O39: 1426 | P39: =D39+H39+L39+O39 -> 2380 | Q39: =O39/N39*100 -> 10.969231
A40: 45808 | B40: 10534 | C40: 9462 | D40: 633 | E40: =D40/B40*100 -> 6.0091133 | F40: 10299 | G40: 10234 | H40: 65 | I40: =H40/F40*100 -> 0.63112924 | J40: 10230 | K40: 9839 | L40: 391 | M40: =L40/J40*100 -> 3.8220919 | N40: 13914 | O40: 446 | P40: =D40+H40+L40+O40 -> 1535 | Q40: =O40/N40*100 -> 3.2054046
B41: =SUM(B35:B40) -> 59476 | C41: =SUM(C35:C40) -> 54281 | D41: =SUM(D35:D40) -> 3394 | E41: =D41/B41*100 -> 5.7065035 | F41: =SUM(F35:F40) -> 61297 | G41: =SUM(G35:G40) -> 60741 | H41: =SUM(H35:H40) -> 556 | I41: =H41/F41*100 -> 0.90705907 | J41: =SUM(J35:J40) -> 63736 | K41: =SUM(K35:K40) -> 62776 | L41: =SUM(L35:L40) -> 960 | M41: =L41/J41*100 -> 1.5062131 | N41: =SUM(N35:N40) -> 65077 | O41: =SUM(O35:O40) -> 3340 | P41: =SUM(P34:P40) -> 8250 | Q41: =O41/N41*100 -> 5.1323816
A42: Total | B42: =B41+B33+B25+B17+B9 -> 260869 | C42: =C41+C33+C25+C17+C9 -> 232205 | D42: =D41+D33+D25+D17+D9 -> 18798 | E42: =D42/B42*100 -> 7.2059156 | F42: =F41+F33+F25+F17+F9 -> 248862 | G42: =G41+G33+G25+G17+G9 -> 246681 | H42: =H41+H33+H25+H17+H9 -> 2181 | I42: =H42/F42*100 -> 0.87638932 | J42: =J41+J33+J25+J17+J9 -> 249676 | K42: =K41+K33+K25+K17+K9 -> 247066 | L42: =L41+L33+L25+L17+L9 -> 2582 | M42: =L42/J42*100 -> 1.0341402 | N42: =N41+N33+N25+N17+N9 -> 246011 | O42: =O41+O33+O25+O17+O9 -> 8460 | P42: =D42+H42+L42+O42 -> 32021 | Q42: =O42/N42*100 -> 3.4388706

Sheet JUNE 25
C1: DISPOSAFE HEALTH AND LIFE CARE LIMITED Plot No.37A, Sector-06, Ballabgarh (Faridabad) Haryana India 121006
A3: ASSEMBLY SECTION DAILY REJECTION REPORT FOR JUNE 25
A4: DATE | B4: VISUAL QTY | C4: VISUAL ACPT QTY | D4: REJ QTY | E4: REJ % | F4: BALLOON CHKD QTY | G4: BALLOON ACPT QTY | H4: REJ QTY | I4: REJ % | J4: VALVE INT CHKD QTY | K4: VALVE INTY ACPT QTY | L4: VALVE INTY REJ Qty | M4: REJ % | N4: FINAL CHECKED QTY | O4: FINAL REJECTION | P4: TOTAL REJ QTY | Q4: FINAL REJ % | R4: VISUAL CHECKED QTY | S4: VISUAL REJ QTY | T4: VISUAL REJ %
A6: 45809
A7: 45810 | B7: 10616 | C7: 8689 | D7: 345 | E7: =D7/B7*100 -> 3.2498116 | F7: 10047 | G7: 9713 | H7: 334 | I7: =H7/F7*100 -> 3.3243754 | J7: 10226 | K7: 10004 | L7: 222 | M7: =L7/J7*100 -> 2.1709368 | N7: 10346 | O7: 419 | P7: =D7+H7+L7+O7 -> 1320 | Q7: =O7/N7*100 -> 4.0498743 | R7: WEEK 1
A8: 45811 | B8: 7134 | C8: 6284 | D8: 545 | E8: =D8/B8*100 -> 7.6394729 | F8: 9465 | G8: 9361 | H8: 104 | I8: =H8/F8*100 -> 1.098785 | J8: 10626 | K8: 10477 | L8: 149 | M8: =L8/J8*100 -> 1.402221 | N8: 8448 | O8: 518 | P8: =D8+H8+L8+O8 -> 1316 | Q8: =O8/N8*100 -> 6.1316288 | R8: =SUM(B6:B12) -> 58931 | S8: =SUM(P6:P12) -> 8390 | T8: =S8/R8*100 -> 14.236989
A9: 45812 | B9: 8882 | C9: 7866 | D9: 717 | E9: =D9/B9*100 -> 8.0725062 | F9: 10582 | G9: 10541 | H9: 41 | I9: =H9/F9*100 -> 0.38745039 | J9: 9907 | K9: 9459 | L9: 448 | M9: =L9/J9*100 -> 4.5220551 | N9: 9850 | O9: 625 | P9: =D9+H9+L9+O9 -> 1831 | Q9: =O9/N9*100 -> 6.3451777
A10: 45813 | B10: 10963 | C10: 9942 | D10: 691 | E10: =D10/B10*100 -> 6.3030192 | F10: 9649 | G10: 9603 | H10: 46 | I10: =H10/F10*100 -> 0.47673334 | J10: 12699 | K10: 11918 | L10: 781 | M10: =L10/J10*100 -> 6.1500906 | N10: 11329 | O10: 115 | P10: =D10+H10+L10+O10 -> 1633 | Q10: =O10/N10*100 -> 1.015094
A11: 45814 | B11: 9576 | C11: 8635 | D11: 559 | E11: =D11/B11*100 -> 5.8375104 | F11: 10226 | G11: 10169 | H11: 57 | I11: =H11/F11*100 -> 0.5574027 | J11: 11489 | K11: 11272 | L11: 217 | M11: =L11/J11*100 -> 1.8887632 | N11: 12241 | O11: 137 | P11: =D11+H11+L11+O11 -> 970 | Q11: =O11/N11*100 -> 1.1191896
A12: 45815 | B12: 11760 | C12: 10625 | D12: 850 | E12: =D12/B12*100 -> 7.2278912 | F12: 10346 | G12: 10290 | H12: 56 | I12: =H12/F12*100 -> 0.54127199 | J12: 10290 | K12: 9979 | L12: 311 | M12: =L12/J12*100 -> 3.0223518 | N12: 11689 | O12: 103 | P12: =D12+H12+L12+O12 -> 1320 | Q12: =O12/N12*100 -> 0.88117033
A13: W. REPORT | B13: =SUM(B6:B12) -> 58931 | C13: =SUM(C6:C12) -> 52041 | D13: =SUM(D6:D12) -> 3707 | E13: =D13/B13*100 -> 6.2904074 | F13: =SUM(F6:F12) -> 60315 | G13: =SUM(G6:G12) -> 59677 | H13: =SUM(H6:H12) -> 638 | I13: =H13/F13*100 -> 1.05778 | J13: =SUM(J6:J12) -> 65237 | K13: =SUM(K6:K12) -> 63109 | L13: =SUM(L6:L12) -> 2128 | M13: =L13/J13*100 -> 3.2619526 | N13: =SUM(N7:N12) -> 63903 | O13: =SUM(O6:O12) -> 1917 | P13: =SUM(P6:P12) -> 8390 | Q13: =O13/N13*100 -> 2.9998592
A14: 45816
A15: 45817 | B15: 11133 | C15: 10220 | D15: 578 | E15: =D15/B15*100 -> 5.1917722 | F15: 10892 | G15: 10805 | H15: 87 | I15: =H15/F15*100 -> 0.79875138 | J15: 10805 | K15: 10679 | L15: 126 | M15: =L15/J15*100 -> 1.1661268 | N15: 9170 | O15: 63 | P15: =D15+H15+L15+O15 -> 854 | Q15: =O15/N15*100 -> 0.6870229 | R15: WEEK 2
A16: 45818 | B16: 10733 | C16: 9642 | D16: 547 | E16: =D16/B16*100 -> 5.0964316 | F16: 10481 | G16: 10065 | H16: 416 | I16: =H16/F16*100 -> 3.9690869 | J16: 10065 | K16: 9453 | L16: 612 | M16: =L16/J16*100 -> 6.0804769 | N16: 11040 | O16: 108 | P16: =D16+H16+L16+O16 -> 1683 | Q16: =O16/N16*100 -> 0.97826087 | R16: =SUM(B15:B20) -> 63488 | S16: =SUM(P15:P20) -> 7742 | T16: =S16/R16*100 -> 12.19443
A17: 45819 | B17: 11697 | C17: 10146 | D17: 1164 | E17: =D17/B17*100 -> 9.9512696 | F17: 10274 | G17: 10168 | H17: 106 | I17: =H17/F17*100 -> 1.0317306 | J17: 10168 | K17: 9882 | L17: 286 | M17: =L17/J17*100 -> 2.8127459 | N17: 9882 | O17: 175 | P17: =D17+H17+L17+O17 -> 1731 | Q17: =O17/N17*100 -> 1.7708966
A18: 45820 | B18: 10553 | C18: 10112 | D18: 415 | E18: =D18/B18*100 -> 3.932531 | F18: 10118 | G18: 10071 | H18: 47 | I18: =H18/F18*100 -> 0.46451868 | J18: 10071 | K18: 9696 | L18: 321 | M18: =L18/J18*100 -> 3.1873697 | N18: 9752 | O18: 153 | P18: =D18+H18+L18+O18 -> 936 | Q18: =O18/N18*100 -> 1.5689089
A19: 45821 | B19: 9505 | C19: 8630 | D19: 669 | E19: =D19/B19*100 -> 7.0384008 | F19: 10789 | G19: 10715 | H19: 74 | I19: =H19/F19*100 -> 0.68588377 | J19: 10715 | K19: 10386 | L19: 329 | M19: =L19/J19*100 -> 3.070462 | N19: 10386 | O19: 190 | P19: =D19+H19+L19+O19 -> 1262 | Q19: =O19/N19*100 -> 1.8293857
A20: 45822 | B20: 9867 | C20: 9319 | D20: 548 | E20: =D20/B20*100 -> 5.5538664 | F20: 10431 | G20: 10349 | H20: 82 | I20: =H20/F20*100 -> 0.7861183 | J20: 10349 | K20: 9878 | L20: 471 | M20: =L20/J20*100 -> 4.5511644 | N20: 9878 | O20: 175 | P20: =D20+H20+L20+O20 -> 1276 | Q20: =O20/N20*100 -> 1.7716137
A21: W. REPORT | B21: =SUM(B15:B20) -> 63488 | C21: =SUM(C15:C20) -> 58069 | D21: =SUM(D15:D20) -> 3921 | E21: =D21/B21*100 -> 6.1759703 | F21: =SUM(F15:F20) -> 62985 | G21: =SUM(G15:G20) -> 62173 | H21: =SUM(H15:H20) -> 812 | I21: =H21/F21*100 -> 1.2891958 | J21: =SUM(J15:J20) -> 62173 | K21: =SUM(K15:K20) -> 59974 | L21: =SUM(L15:L20) -> 2145 | M21: =L21/J21*100 -> 3.4500507 | N21: =SUM(N15:N20) -> 60108 | O21: =SUM(O15:O20) -> 864 | P21: =SUM(P15:P20) -> 7742 | Q21: =O21/N21*100 -> 1.4374127
A22: 45823
A23: 45824 | B23: 11497 | C23: 10483 | D23: 614 | E23: =D23/B23*100 -> 5.3405236 | F23: 10851 | G23: 10808 | H23: 43 | I23: =H23/F23*100 -> 0.39627684 | J23: 10808 | K23: 10613 | L23: 285 | M23: =L23/J23*100 -> 2.6369356 | N23: 10613 | O23: 119 | P23: =D23+H23+L23+O23 -> 1061 | Q23: =O23/N23*100 -> 1.1212664 | R23: WEEK 3
A24: 45825 | B24: 11226 | C24: 10107 | D24: 795 | E24: =D24/B24*100 -> 7.0817745 | F24: 9506 | G24: 9446 | H24: 60 | I24: =H24/F24*100 -> 0.63118031 | J24: 9446 | K24: 9179 | L24: 267 | M24: =L24/J24*100 -> 2.8265933 | N24: 9187 | O24: 138 | P24: =D24+H24+L24+O24 -> 1260 | Q24: =O24/N24*100 -> 1.5021226 | R24: =SUM(B23:B28) -> 64667 | S24: =SUM(P23:P28) -> 6600 | T24: =S24/R24*100 -> 10.206133
A25: 45826 | B25: 10787 | C25: 9862 | D25: 615 | E25: =D25/B25*100 -> 5.7013071 | F25: 10137 | G25: 10073 | H25: 64 | I25: =H25/F25*100 -> 0.6313505 | J25: 10073 | K25: 9846 | L25: 227 | M25: =L25/J25*100 -> 2.2535491 | N25: 11019 | O25: 148 | P25: =D25+H25+L25+O25 -> 1054 | Q25: =O25/N25*100 -> 1.3431346
A26: 45827 | B26: 11204 | C26: 10148 | D26: 532 | E26: =D26/B26*100 -> 4.7483042 | F26: 12684 | G26: 12635 | H26: 49 | I26: =H26/F26*100 -> 0.38631347 | J26: 12635 | K26: 12284 | L26: 351 | M26: =L26/J26*100 -> 2.7779976 | N26: 11111 | O26: 94 | P26: =D26+H26+L26+O26 -> 1026 | Q26: =O26/N26*100 -> 0.84600846
A27: 45828 | B27: 9384 | C27: 8614 | D27: 556 | E27: =D27/B27*100 -> 5.9249787 | F27: 11697 | G27: 11592 | H27: 105 | I27: =H27/F27*100 -> 0.89766607 | J27: 11592 | K27: 11114 | L27: 478 | M27: =L27/J27*100 -> 4.1235335 | N27: 9767 | O27: 133 | P27: =D27+H27+L27+O27 -> 1272 | Q27: =O27/N27*100 -> 1.3617283
A28: 45829 | B28: 10569 | C28: 9860 | D28: 450 | E28: =D28/B28*100 -> 4.2577349 | F28: 12405 | G28: 12340 | H28: 65 | I28: =H28/F28*100 -> 0.52398227 | J28: 12340 | K28: 12066 | L28: 274 | M28: =L28/J28*100 -> 2.2204214 | N28: 11117 | O28: 138 | P28: =D28+H28+L28+O28 -> 927 | Q28: =O28/N28*100 -> 1.2413421
A29: W. REPORT | B29: =SUM(B23:B28) -> 64667 | C29: =SUM(C23:C28) -> 59074 | D29: =SUM(D23:D28) -> 3562 | E29: =D29/B29*100 -> 5.508219 | F29: =SUM(F23:F28) -> 67280 | G29: =SUM(G23:G28) -> 66894 | H29: =SUM(H23:H28) -> 386 | I29: =H29/F29*100 -> 0.57372176 | J29: =SUM(J23:J28) -> 66894 | K29: =SUM(K23:K28) -> 65102 | L29: =SUM(L23:L28) -> 1882 | M29: =L29/J29*100 -> 2.8134063 | N29: =SUM(N23:N28) -> 62814 | O29: =SUM(O23:O28) -> 770 | P29: =SUM(P23:P28) -> 6600 | Q29: =O29/N29*100 -> 1.2258414
A30: 45830 | B30: 10013 | C30: 9544 | D30: 305 | E30: =D30/B30*100 -> 3.0460401 | F30: 10383 | G30: 10358 | H30: 25 | I30: =H30/F30*100 -> 0.2407782 | J30: 8140 | K30: 7625 | L30: 515 | M30: =L30/J30*100 -> 6.3267813 | N30: 8410 | O30: 146 | P30: =D30+H30+L30+O30 -> 991
A31: 45831 | B31: 12989 | C31: 12288 | D31: 383 | E31: =D31/B31*100 -> 2.9486489 | F31: 11300 | G31: 11240 | H31: 60 | I31: =H31/F31*100 -> 0.53097345 | J31: 12218 | K31: 11602 | L31: 616 | M31: =L31/J31*100 -> 5.0417417 | N31: 8410 | O31: 151 | P31: =D31+H31+L31+O31 -> 1210 | Q31: =O31/N31*100 -> 1.7954816 | R31: WEEK 4
A32: 45832 | B32: 11910 | C32: 10958 | D32: 703 | E32: =D32/B32*100 -> 5.9026029 | F32: 10261 | G32: 10218 | H32: 43 | I32: =H32/F32*100 -> 0.41906247 | J32: 10458 | K32: 10236 | L32: 222 | M32: =L32/J32*100 -> 2.1227768 | N32: 13221 | O32: 116 | P32: =D32+H32+L32+O32 -> 1084 | Q32: =O32/N32*100 -> 0.87739203 | R32: =SUM(B30:B36) -> 84222 | S32: =SUM(P30:P36) -> 7460 | T32: =S32/R32*100 -> 8.8575432
A33: 45833 | B33: 11260 | C33: 10404 | D33: 680 | E33: =D33/B33*100 -> 6.0390764 | F33: 10758 | G33: 10730 | H33: 28 | I33: =H33/F33*100 -> 0.26027143 | J33: 10745 | K33: 10624 | L33: 121 | M33: =L33/J33*100 -> 1.1261052 | N33: 9246 | O33: 276 | P33: =D33+H33+L33+O33 -> 1105 | Q33: =O33/N33*100 -> 2.9850746
A34: 45834 | B34: 12886 | C34: 12069 | D34: 587 | E34: =D34/B34*100 -> 4.5553314 | F34: 9518 | G34: 9497 | H34: 21 | I34: =H34/F34*100 -> 0.22063459 | J34: 10491 | K34: 10367 | L34: 124 | M34: =L34/J34*100 -> 1.1819655 | N34: 7324 | O34: 191 | P34: =D34+H34+L34+O34 -> 923 | Q34: =O34/N34*100 -> 2.6078646
A35: 45835 | B35: 11844 | C35: 11028 | D35: 656 | E35: =D35/B35*100 -> 5.5386694 | F35: 13746 | G35: 13720 | H35: 26 | I35: =H35/F35*100 -> 0.18914593 | J35: 12720 | K35: 12609 | L35: 111 | M35: =L35/J35*100 -> 0.87264151 | N35: 11894 | O35: 159 | P35: =D35+H35+L35+O35 -> 952 | Q35: =O35/N35*100 -> 1.3368085
A36: 45836 | B36: 13320 | C36: 12255 | D36: 832 | E36: =D36/B36*100 -> 6.2462462 | F36: 11974 | G36: 11940 | H36: 34 | I36: =H36/F36*100 -> 0.28394856 | J36: 11940 | K36: 11809 | L36: 131 | M36: =L36/J36*100 -> 1.0971524 | N36: 12796 | O36: 198 | P36: =D36+H36+L36+O36 -> 1195 | Q36: =O36/N36*100 -> 1.5473585
A37: W. REPORT | B37: =SUM(B30:B36) -> 84222 | C37: =SUM(C30:C36) -> 78546 | D37: =SUM(D30:D36) -> 4146 | E37: =D37/B37*100 -> 4.9227043 | F37: =SUM(F30:F36) -> 77940 | G37: =SUM(G30:G36) -> 77703 | H37: =SUM(H30:H36) -> 237 | I37: =H37/F37*100 -> 0.30408006 | J37: =SUM(J30:J36) -> 76712 | K37: =SUM(K30:K36) -> 74872 | L37: =SUM(L30:L36) -> 1840 | M37: =L37/J37*100 -> 2.3985817 | N37: =SUM(N30:N36) -> 71301 | O37: =SUM(O30:O36) -> 1237 | P37: =SUM(P30:P36) -> 7460 | Q37: =O37/N37*100 -> 1.7348985
A38: 45837
A39: 45838 | B39: 8224 | C39: 7455 | D39: 536 | E39: =D39/B39*100 -> 6.5175097 | F39: 12690 | G39: 12672 | H39: 18 | I39: =H39/F39*100 -> 0.14184397 | J39: 12888 | K39: 12790 | L39: 98 | M39: =L39/J39*100 -> 0.76039727 | N39: 8172 | O39: 110 | P39: =D39+H39+L39+O39 -> 762 | Q39: =O39/N39*100 -> 1.3460597 | R39: WEEK 5
A40: W. REPORT | B40: =SUM(B39:B39) -> 8224 | C40: =SUM(C39:C39) -> 7455 | D40: =SUM(D39:D39) -> 536 | E40: =D40/B40*100 -> 6.5175097 | F40: =SUM(F39:F39) -> 12690 | G40: =SUM(G39:G39) -> 12672 | H40: =SUM(H39:H39) -> 18 | I40: =H40/F40*100 -> 0.14184397 | J40: =SUM(J39:J39) -> 12888 | K40: =SUM(K39:K39) -> 12790 | L40: =SUM(L39:L39) -> 98 | M40: =L40/J40*100 -> 0.76039727 | N40: =N39 -> 8172 | O40: =SUM(O39:O39) -> 110 | P40: =SUM(P38:P39) -> 762 | Q40: =O40/N40*100 -> 1.3460597 | R40: =B39 -> 8224 | S40: =P39 -> 762 | T40: =S40/R40*100 -> 9.2655642
A41: Total | B41: =B40+B37+B29+B21+B13 -> 279532 | C41: =C40+C37+C29+C21+C13 -> 255185 | D41: =D40+D37+D29+D21+D13 -> 15872 | E41: =D41/B41*100 -> 5.6780619 | F41: =F40+F37+F29+F21+F13 -> 281210 | G41: =G40+G37+G29+G21+G13 -> 279119 | H41: =H40+H37+H29+H21+H13 -> 2091 | I41: =H41/F41*100 -> 0.74357242 | J41: =J40+J37+J29+J21+J13 -> 283904 | K41: =K40+K37+K29+K21+K13 -> 275847 | L41: =L40+L37+L29+L21+L13 -> 8093 | M41: =L41/J41*100 -> 2.8506115 | N41: =N40+N37+N29+N21+N13 -> 266298 | O41: =O40+O37+O29+O21+O13 -> 4898 | P41: =D41+H41+L41+O41 -> 30954 | Q41: =O41/N41*100 -> 1.8392928

Sheet JULY 25
C1: DISPOSAFE HEALTH AND LIFE CARE LIMITED Plot No.37A, Sector-06, Ballabgarh (Faridabad) Haryana India 121006
A3: ASSEMBLY SECTION DAILY REJECTION REPORT FOR JULY 25
A4: DATE | B4: VISUAL QTY | C4: VISUAL ACPT QTY | D4: REJ QTY | E4: REJ % | F4: BALLOON CHKD QTY | G4: BALLOON ACPT QTY | H4: REJ QTY | I4: REJ % | J4: VALVE INT CHKD QTY | K4: VALVE INTY ACPT QTY | L4: VALVE INTY REJ Qty | M4: REJ % | N4: FINAL CHECKED QTY | O4: FINAL REJECTION | P4: TOTAL REJ QTY | Q4: FINAL REJ % | R4: VISUAL CHECKED QTY | S4: VISUAL REJ QTY | T4: VISUAL REJ %
A6: 45839 | B6: 7482 | C6: 6049 | D6: 951 | E6: =D6/B6*100 -> 12.710505 | F6: 11448 | G6: 11387 | H6: 61 | I6: =H6/F6*100 -> 0.53284416 | J6: 12387 | K6: 12234 | L6: 153 | M6: =L6/J6*100 -> 1.2351659 | N6: 11653 | O6: 355 | P6: =D6+H6+L6+O6 -> 1520 | Q6: =O6/N6*100 -> 3.0464258 | R6: WEEK 1
A7: 45840 | B7: 13349 | C7: 11022 | D7: 975 | E7: =D7/B7*100 -> 7.3039179 | F7: 12083 | G7: 12049 | H7: 34 | I7: =H7/F7*100 -> 0.28138707 | J7: 12049 | K7: 11972 | L7: 77 | M7: =L7/J7*100 -> 0.63905718 | N7: 11916 | O7: 281 | P7: =D7+H7+L7+O7 -> 1367 | Q7: =O7/N7*100 -> 2.3581739 | R7: =SUM(B6:B10) -> 54720 | S7: =SUM(P6:P10) -> 6577 | T7: =S7/R7*100 -> 12.019371
A8: 45841 | B8: 10643 | C8: 9232 | D8: 992 | E8: =D8/B8*100 -> 9.3206803 | F8: 9565 | G8: 9498 | H8: 67 | I8: =H8/F8*100 -> 0.70047047 | J8: 9498 | K8: 9362 | L8: 136 | M8: =L8/J8*100 -> 1.4318804 | N8: 9904 | O8: 330 | P8: =D8+H8+L8+O8 -> 1525 | Q8: =O8/N8*100 -> 3.3319871
A9: 45842 | B9: 13078 | C9: 11892 | D9: 795 | E9: =D9/B9*100 -> 6.0789111 | F9: 11248 | G9: 11193 | H9: 55 | I9: =H9/F9*100 -> 0.48897582 | J9: 11193 | K9: 11002 | L9: 191 | M9: =L9/J9*100 -> 1.7064237 | N9: 11718 | O9: 351 | P9: =D9+H9+L9+O9 -> 1392 | Q9: =O9/N9*100 -> 2.9953917
A10: 45843 | B10: 10168 | C10: 9749 | D10: 561 | E10: =D10/B10*100 -> 5.5173092 | F10: 12619 | G10: 12578 | H10: 41 | I10: =H10/F10*100 -> 0.32490689 | J10: 12578 | K10: 12501 | L10: 77 | M10: =L10/J10*100 -> 0.61218 | N10: 10890 | O10: 94 | P10: =D10+H10+L10+O10 -> 773 | Q10: =O10/N10*100 -> 0.86317723
A11: W. REPORT | B11: =SUM(B6:B10) -> 54720 | C11: =SUM(C6:C10) -> 47944 | D11: =SUM(D6:D10) -> 4274 | E11: =D11/B11*100 -> 7.8106725 | F11: =SUM(F6:F10) -> 56963 | G11: =SUM(G6:G10) -> 56705 | H11: =SUM(H6:H10) -> 258 | I11: =H11/F11*100 -> 0.45292558 | J11: =SUM(J6:J10) -> 57705 | K11: =SUM(K6:K10) -> 57071 | L11: =SUM(L6:L10) -> 634 | M11: =L11/J11*100 -> 1.0986916 | N11: =SUM(N6:N10) -> 56081 | O11: =SUM(O6:O10) -> 1411 | P11: =SUM(P6:P10) -> 6577 | Q11: =O11/N11*100 -> 2.5160036
A12: 45844 | B12: 0 | C12: 0 | D12: 0 | E12: =D12/B12*100 -> #DIV/0! | F12: 0 | G12: 0 | H12: 0 | I12: =H12/F12*100 -> #DIV/0! | J12: 0 | K12: 0 | L12: 0 | M12: =L12/J12*100 -> #DIV/0! | N12: 0 | O12: 0 | P12: 0 | Q12: 0 | R12: WEEK 2
A13: 45845 | B13: 9058 | C13: 7949 | D13: 691 | E13: =D13/B13*100 -> 7.6286156 | F13: 11752 | G13: 11737 | H13: 15 | I13: =H13/F13*100 -> 0.12763785 | J13: 10644 | K13: 10578 | L13: 66 | M13: =L13/J13*100 -> 0.62006764 | N13: 7121 | O13: 157 | P13: =D13+H13+L13+O13 -> 929 | Q13: =O13/N13*100 -> 2.2047465 | R13: =SUM(B12:B18) -> 62326 | S13: =SUM(P12:P18) -> 5550 | T13: =S13/R13*100 -> 8.9047909
A14: 45846 | B14: 9811 | C14: 8359 | D14: 1093 | E14: =D14/B14*100 -> 11.140557 | F14: 11153 | G14: 11121 | H14: 32 | I14: =H14/F14*100 -> 0.28691832 | J14: 10945 | K14: 10902 | L14: 43 | M14: =L14/J14*100 -> 0.39287346 | N14: 8778 | O14: 147 | P14: =D14+H14+L14+O14 -> 1315 | Q14: =O14/N14*100 -> 1.6746411
A15: 45847 | B15: 11534 | C15: 10670 | D15: 674 | E15: =D15/B15*100 -> 5.8435929 | F15: 11394 | G15: 11364 | H15: 30 | I15: =H15/F15*100 -> 0.26329647 | J15: 10366 | K15: 10319 | L15: 47 | M15: =L15/J15*100 -> 0.45340536 | N15: 0 | O15: 0 | P15: =D15+H15+L15+O15 -> 751 | Q15: 0
A16: 45848 | B16: 10445 | C16: 9505 | D16: 773 | E16: =D16/B16*100 -> 7.4006702 | F16: 9652 | G16: 9611 | H16: 41 | I16: =H16/F16*100 -> 0.42478243 | J16: 8804 | K16: 8692 | L16: 102 | M16: =L16/J16*100 -> 1.1585643 | N16: 8804 | O16: 112 | P16: =D16+H16+L16+O16 -> 1028 | Q16: =O16/N16*100 -> 1.272149
A17: 45849 | B17: 10340 | C17: 9422 | D17: 590 | E17: =D17/B17*100 -> 5.7059961 | F17: 10694 | G17: 10661 | H17: 33 | I17: =H17/F17*100 -> 0.30858425 | J17: 10661 | K17: 10592 | L17: 69 | M17: =L17/J17*100 -> 0.64721884 | N17: 7581 | O17: 55 | P17: =D17+H17+L17+O17 -> 747 | Q17: =O17/N17*100 -> 0.72549796
A18: 45850 | B18: 11138 | C18: 10176 | D18: 612 | E18: =D18/B18*100 -> 5.4947028 | F18: 11488 | G18: 11447 | H18: 41 | I18: =H18/F18*100 -> 0.35689415 | J18: 11447 | K18: 11367 | L18: 80 | M18: =L18/J18*100 -> 0.69887307 | N18: 6929 | O18: 47 | P18: =D18+H18+L18+O18 -> 780 | Q18: =O18/N18*100 -> 0.67830856
A19: W. REPORT | B19: =SUM(B12:B18) -> 62326 | C19: =SUM(C12:C18) -> 56081 | D19: =SUM(D12:D18) -> 4433 | E19: =D19/B19*100 -> 7.1126015 | F19: =SUM(F12:F18) -> 66133 | G19: =SUM(G12:G18) -> 65941 | H19: =SUM(H12:H18) -> 192 | I19: =H19/F19*100 -> 0.29032404 | J19: =SUM(J12:J18) -> 62867 | K19: =SUM(K12:K18) -> 62450 | L19: =SUM(L12:L18) -> 407 | M19: =L19/J19*100 -> 0.64739848 | N19: =SUM(N13:N18) -> 39213 | O19: =SUM(O12:O18) -> 518 | P19: =SUM(P12:P18) -> 5550 | Q19: =O19/N19*100 -> 1.3209905
A20: 45851 | B20: 0 | C20: 0 | D20: 0 | E20: =D20/B20*100 -> #DIV/0! | F20: 0 | G20: 0 | H20: 0 | I20: =H20/F20*100 -> #DIV/0! | J20: 0 | K20: 0 | L20: 0 | M20: =L20/J20*100 -> #DIV/0! | N20: 0 | O20: 0 | P20: 0 | Q20: 0 | R20: WEEK 3
A21: 45852 | B21: 11290 | C21: 10305 | D21: 600 | E21: =D21/B21*100 -> 5.3144376 | F21: 9998 | G21: 9971 | H21: 27 | I21: =H21/F21*100 -> 0.27005401 | J21: 9971 | K21: 9948 | L21: 23 | M21: =L21/J21*100 -> 0.23066894 | N21: 11194 | O21: 365 | P21: =D21+H21+L21+O21 -> 1015 | Q21: =O21/N21*100 -> 3.2606754 | R21: =SUM(B20:B26) -> 67389 | S21: =SUM(P20:P26) -> 4956 | T21: =S21/R21*100 -> 7.354316
A22: 45853 | B22: 11943 | C22: 11116 | D22: 572 | E22: =D22/B22*100 -> 4.7894164 | F22: 10458 | G22: 10422 | H22: 36 | I22: =H22/F22*100 -> 0.34423408 | J22: 10422 | K22: 10371 | L22: 51 | M22: =L22/J22*100 -> 0.48934945 | N22: 9906 | O22: 92 | P22: =D22+H22+L22+O22 -> 751 | Q22: =O22/N22*100 -> 0.92873006
A23: 45854 | B23: 9674 | C23: 9005 | D23: 604 | E23: =D23/B23*100 -> 6.2435394 | F23: 10839 | G23: 10766 | H23: 73 | I23: =H23/F23*100 -> 0.67349386 | J23: 10766 | K23: 10686 | L23: 80 | M23: =L23/J23*100 -> 0.74308007 | N23: 12771 | O23: 88 | P23: =D23+H23+L23+O23 -> 845 | Q23: =O23/N23*100 -> 0.68906115
A24: 45855 | B24: 10096 | C24: 9429 | D24: 603 | E24: =D24/B24*100 -> 5.9726624 | F24: 12473 | G24: 12456 | H24: 17 | I24: =H24/F24*100 -> 0.1362944 | J24: 12456 | K24: 12381 | L24: 75 | M24: =L24/J24*100 -> 0.60211946 | N24: 8783 | O24: 91 | P24: =D24+H24+L24+O24 -> 786 | Q24: =O24/N24*100 -> 1.0360925
A25: 45856 | B25: 12103 | C25: 11421 | D25: 525 | E25: =D25/B25*100 -> 4.3377675 | F25: 11421 | G25: 11396 | H25: 25 | I25: =H25/F25*100 -> 0.21889502 | J25: 11396 | K25: 11378 | L25: 18 | M25: =L25/J25*100 -> 0.15795016 | N25: 13437 | O25: 195 | P25: =D25+H25+L25+O25 -> 763 | Q25: =O25/N25*100 -> 1.4512168
A26: 45857 | B26: 12283 | C26: 11507 | D26: 555 | E26: =D26/B26*100 -> 4.5184401 | F26: 10557 | G26: 10520 | H26: 37 | I26: =H26/F26*100 -> 0.35047836 | J26: 10520 | K26: 10500 | L26: 20 | M26: =L26/J26*100 -> 0.19011407 | N26: 9082 | O26: 184 | P26: =D26+H26+L26+O26 -> 796 | Q26: =O26/N26*100 -> 2.0259855
A27: W. REPORT | B27: =SUM(B20:B26) -> 67389 | C27: =SUM(C20:C26) -> 62783 | D27: =SUM(D20:D26) -> 3459 | E27: =D27/B27*100 -> 5.1328852 | F27: =SUM(F20:F26) -> 65746 | G27: =SUM(G20:G26) -> 65531 | H27: =SUM(H20:H26) -> 215 | I27: =H27/F27*100 -> 0.32701609 | J27: =SUM(J20:J26) -> 65531 | K27: =SUM(K20:K26) -> 65264 | L27: =SUM(L20:L26) -> 267 | M27: =L27/J27*100 -> 0.40744075 | N27: =SUM(N20:N26) -> 65173 | O27: =SUM(O20:O26) -> 1015 | P27: =SUM(P20:P26) -> 4956 | Q27: =O27/N27*100 -> 1.5573934
A28: 45858 | B28: 0 | C28: 0 | D28: 0 | E28: =D28/B28*100 -> #DIV/0! | F28: 0 | G28: 0 | H28: 0 | I28: =H28/F28*100 -> #DIV/0! | J28: 0 | K28: 0 | L28: 0 | M28: =L28/J28*100 -> #DIV/0! | N28: 0 | O28: 0 | P28: 0 | Q28: 0 | R28: WEEK 4
A29: 45859 | B29: 10884 | C29: 10120 | D29: 424 | E29: =D29/B29*100 -> 3.8956266 | F29: 11070 | G29: 11041 | H29: 29 | I29: =H29/F29*100 -> 0.26196929 | J29: 11041 | K29: 11012 | L29: 29 | M29: =L29/J29*100 -> 0.26265737 | N29: 9853 | O29: 102 | P29: =D29+H29+L29+O29 -> 584 | Q29: =O29/N29*100 -> 1.0352177 | R29: =SUM(B28:B34) -> 83377 | S29: =SUM(P28:P34) -> 4505 | T29: =S29/R29*100 -> 5.4031687
A30: 45860 | B30: 14229 | C30: 13366 | D30: 581 | E30: =D30/B30*100 -> 4.0832103 | F30: 13366 | G30: 13349 | H30: 17 | I30: =H30/F30*100 -> 0.12718839 | J30: 13349 | K30: 13260 | L30: 89 | M30: =L30/J30*100 -> 0.66671661 | N30: 11842 | O30: 177 | P30: =D30+H30+L30+O30 -> 864 | Q30: =O30/N30*100 -> 1.49468
A31: 45861 | B31: 14278 | C31: 13291 | D31: 645 | E31: =D31/B31*100 -> 4.5174394 | F31: 13505 | G31: 13479 | H31: 26 | I31: =H31/F31*100 -> 0.19252129 | J31: 13479 | K31: 13469 | L31: 10 | M31: =L31/J31*100 -> 0.07418948 | N31: 13840 | O31: 134 | P31: =D31+H31+L31+O31 -> 815 | Q31: =O31/N31*100 -> 0.96820809
A32: 45862 | B32: 15795 | C32: 14843 | D32: 509 | E32: =D32/B32*100 -> 3.2225388 | F32: 11893 | G32: 11869 | H32: 24 | I32: =H32/F32*100 -> 0.20179938 | J32: 11869 | K32: 11860 | L32: 9 | M32: =L32/J32*100 -> 0.075827787 | N32: 13333 | O32: 105 | P32: =D32+H32+L32+O32 -> 647 | Q32: =O32/N32*100 -> 0.78751969
A33: 45863 | B33: 13114 | C33: 12280 | D33: 561 | E33: =D33/B33*100 -> 4.277871 | F33: 13520 | G33: 13488 | H33: 32 | I33: =H33/F33*100 -> 0.23668639 | J33: 13488 | K33: 13473 | L33: 15 | M33: =L33/J33*100 -> 0.11120996 | N33: 16037 | O33: 198 | P33: =D33+H33+L33+O33 -> 806 | Q33: =O33/N33*100 -> 1.2346449
A34: 45864 | B34: 15077 | C34: 13476 | D34: 615 | E34: =D34/B34*100 -> 4.0790608 | F34: 12451 | G34: 12410 | H34: 41 | I34: =H34/F34*100 -> 0.32929082 | J34: 12410 | K34: 12400 | L34: 10 | M34: =L34/J34*100 -> 0.080580177 | N34: 10422 | O34: 123 | P34: =D34+H34+L34+O34 -> 789 | Q34: =O34/N34*100 -> 1.1801957
A35: W. REPORT | B35: =SUM(B28:B34) -> 83377 | C35: =SUM(C28:C34) -> 77376 | D35: =SUM(D28:D34) -> 3335 | E35: =D35/B35*100 -> 3.9999041 | F35: =SUM(F28:F34) -> 75805 | G35: =SUM(G28:G34) -> 75636 | H35: =SUM(H28:H34) -> 169 | I35: =H35/F35*100 -> 0.22294044 | J35: =SUM(J28:J34) -> 75636 | K35: =SUM(K28:K34) -> 75474 | L35: =SUM(L28:L34) -> 162 | M35: =L35/J35*100 -> 0.21418372 | N35: =SUM(N28:N34) -> 75327 | O35: =SUM(O28:O34) -> 839 | P35: =SUM(P28:P34) -> 4505 | Q35: =O35/N35*100 -> 1.1138105
A36: 45865 | B36: 0 | C36: 0 | D36: 0 | E36: =D36/B36*100 -> #DIV/0! | F36: 0 | G36: 0 | H36: 0 | I36: =H36/F36*100 -> #DIV/0! | J36: 0 | K36: 0 | L36: 0 | M36: =L36/J36*100 -> #DIV/0! | N36: 0 | O36: 0 | P36: 0 | Q36: 0 | R36: WEEK 5
A37: 45866 | B37: 11225 | C37: 10388 | D37: 622 | E37: =D37/B37*100 -> 5.5412027 | F37: 11082 | G37: 11068 | H37: 14 | I37: =H37/F37*100 -> 0.12633099 | J37: 11074 | K37: 11061 | L37: 13 | M37: =L37/J37*100 -> 0.11739209 | N37: 12645 | O37: 83 | P37: =D37+H37+L37+O37 -> 732 | Q37: =O37/N37*100 -> 0.65638592 | R37: =SUM(B36:B40) -> 51019 | S37: =SUM(P36:P40) -> 2925 | T37: =S37/R37*100 -> 5.7331582
A38: 45867 | B38: 13015 | C38: 11973 | D38: 320 | E38: =D38/B38*100 -> 2.4587015 | F38: 13451 | G38: 13422 | H38: 29 | I38: =H38/F38*100 -> 0.21559735 | J38: 13416 | K38: 13369 | L38: 47 | M38: =L38/J38*100 -> 0.35032797 | N38: 13923 | O38: 140 | P38: =D38+H38+L38+O38 -> 536 | Q38: =O38/N38*100 -> 1.0055304
A39: 45868 | B39: 13137 | C39: 12242 | D39: 578 | E39: =D39/B39*100 -> 4.3997869 | F39: 9594 | G39: 9571 | H39: 23 | I39: =H39/F39*100 -> 0.23973317 | J39: 9571 | K39: 9532 | L39: 39 | M39: =L39/J39*100 -> 0.40748093 | N39: 14215 | O39: 184 | P39: =D39+H39+L39+O39 -> 824 | Q39: =O39/N39*100 -> 1.2944073
A40: 45869 | B40: 13642 | C40: 12822 | D40: 541 | E40: =D40/B40*100 -> 3.9656942 | F40: 14970 | G40: 14945 | H40: 25 | I40: =H40/F40*100 -> 0.16700067 | J40: 14945 | K40: 14939 | L40: 6 | M40: =L40/J40*100 -> 0.040147206 | N40: 14180 | O40: 261 | P40: =D40+H40+L40+O40 -> 833 | Q40: =O40/N40*100 -> 1.8406206
A41: W. REPORT | B41: =SUM(B36:B40) -> 51019 | C41: =SUM(C36:C40) -> 47425 | D41: =SUM(D36:D40) -> 2061 | E41: =D41/B41*100 -> 4.0396715 | F41: =SUM(F36:F40) -> 49097 | G41: =SUM(G36:G40) -> 49006 | H41: =SUM(H36:H40) -> 91 | I41: =H41/F41*100 -> 0.18534737 | J41: =SUM(J36:J40) -> 49006 | K41: =SUM(K36:K40) -> 48901 | L41: =SUM(L36:L40) -> 105 | M41: =L41/J41*100 -> 0.21425948 | N41: =SUM(N37:N40) -> 54963 | O41: =SUM(O36:O40) -> 668 | P41: =SUM(P36:P40) -> 2925 | Q41: =O41/N41*100 -> 1.2153631
A42: Total | B42: =B41+B35+B27+B19+B11 -> 318831 | C42: =C41+C35+C27+C19+C11 -> 291609 | D42: =D41+D35+D27+D19+D11 -> 17562 | E42: =D42/B42*100 -> 5.5082473 | F42: =F41+F35+F27+F19+F11 -> 313744 | G42: =G41+G35+G27+G19+G11 -> 312819 | H42: =H41+H35+H27+H19+H11 -> 925 | I42: =H42/F42*100 -> 0.29482636 | J42: =J41+J35+J27+J19+J11 -> 310745 | K42: =K41+K35+K27+K19+K11 -> 309160 | L42: =L41+L35+L27+L19+L11 -> 1575 | M42: =L42/J42*100 -> 0.50684645 | N42: =N41+N35+N27+N19+N11 -> 290757 | O42: =O41+O35+O27+O19+O11 -> 4451 | P42: =D42+H42+L42+O42 -> 24513 | Q42: =P42/B42*100 -> 7.6883992

Sheet AUGUST 25
C1: DISPOSAFE HEALTH AND LIFE CARE LIMITED Plot No.37A, Sector-06, Ballabgarh (Faridabad) Haryana India 121006
A3: ASSEMBLY SECTION DAILY REJECTION REPORT FOR AUGUST 2025
A4: DATE | B4: VISUAL QTY | C4: VISUAL ACPT QTY | D4: REJ QTY | E4: REJ % | F4: BALLOON CHKD QTY | G4: BALLOON ACPT QTY | H4: REJ QTY | I4: REJ % | J4: VALVE INT CHKD QTY | K4: VALVE INTY ACPT QTY | L4: VALVE INTY REJ Qty | M4: REJ % | N4: FINAL CHECKED QTY | O4: FINAL REJECTION | P4: TOTAL REJ QTY | Q4: Final Rej % | R4: VISUAL CHECKED QTY | S4: VISUAL REJ QTY | T4: VISUAL REJ %
A6: 45870 | B6: 14332 | C6: 13483 | D6: 437 | E6: =D6/B6*100 -> 3.0491208 | F6: 11911 | G6: 11886 | H6: 25 | I6: =H6/F6*100 -> 0.20989002 | J6: 11886 | K6: 11845 | L6: 41 | M6: =L6/J6*100 -> 0.34494363 | N6: 15047 | O6: 96 | P6: =D6+H6+L6+O6 -> 599 | Q6: =O6/N6*100 -> 0.63800093 | R6: WEEK 1
A7: 45871 | B7: 11884 | C7: 11771 | D7: 423 | E7: =D7/B7*100 -> 3.5594076 | F7: 11156 | G7: 11146 | H7: 13 | I7: =H7/F7*100 -> 0.11652922 | J7: 9783 | K7: 9746 | L7: 32 | M7: =L7/J7*100 -> 0.32709803 | N7: 11710 | O7: 131 | P7: =D7+H7+L7+O7 -> 599 | Q7: =O7/N7*100 -> 1.118702 | R7: =SUM(B6:B8) -> 26216 | S7: =SUM(P6:P8) -> 1198 | T7: =S7/R7*100 -> 4.5697284
A8: 45872
A9: W. REPORT | B9: =SUM(B6:B8) -> 26216 | C9: =SUM(C6:C8) -> 25254 | D9: =SUM(D6:D8) -> 860 | E9: =D9/B9*100 -> 3.2804394 | F9: =SUM(F6:F8) -> 23067 | G9: =SUM(G6:G8) -> 23032 | H9: =SUM(H6:H8) -> 38 | I9: =H9/F9*100 -> 0.1647375 | J9: =SUM(J6:J8) -> 21669 | K9: =SUM(K6:K8) -> 21591 | L9: =SUM(L6:L8) -> 73 | M9: =L9/J9*100 -> 0.3368868 | N9: =SUM(N6:N7) -> 26757 | O9: =SUM(O6:O8) -> 227 | P9: =SUM(P6:P8) -> 1198
A10: 45873 | B10: 9697 | C10: 8890 | D10: 281 | E10: =D10/B10*100 -> 2.8978034 | F10: 11108 | G10: 11103 | H10: 5 | I10: =H10/F10*100 -> 0.045012604 | J10: 8103 | K10: 8080 | L10: 23 | M10: =L10/J10*100 -> 0.28384549 | N10: 5999 | O10: 184 | P10: =D10+H10+L10+O10 -> 493 | Q10: =O10/N10*100 -> 3.0671779 | R10: WEEK 2
A11: 45874 | B11: 12170 | C11: 10928 | D11: 537 | E11: =D11/B11*100 -> 4.4124897 | F11: 11104 | G11: 11050 | H11: 54 | I11: =H11/F11*100 -> 0.48631124 | J11: 9136 | K11: 8717 | L11: 419 | M11: =L11/J11*100 -> 4.5862522 | N11: 14575 | O11: 301 | P11: =D11+H11+L11+O11 -> 1311 | Q11: =O11/N11*100 -> 2.0651801 | R11: =SUM(B10:B16) -> 51425 | S11: =SUM(P10:P16) -> 4434 | T11: =S11/R11*100 -> 8.6222654
A12: 45875 | B12: 9162 | C12: 8596 | D12: 291 | E12: =D12/B12*100 -> 3.1761624 | F12: 9696 | G12: 9682 | H12: 14 | I12: =H12/F12*100 -> 0.14438944 | J12: 13059 | K12: 13036 | L12: 23 | M12: =L12/J12*100 -> 0.17612375 | N12: 11666 | O12: 295 | P12: =D12+H12+L12+O12 -> 623 | Q12: =O12/N12*100 -> 2.5287159
A13: 45876 | B13: 11553 | C13: 9762 | D13: 584 | E13: =D13/B13*100 -> 5.0549641 | F13: 10891 | G13: 10881 | H13: 10 | I13: =H13/F13*100 -> 0.091818933 | J13: 12418 | K13: 12396 | L13: 22 | M13: =L13/J13*100 -> 0.17716218 | N13: 13772 | O13: 275 | P13: =D13+H13+L13+O13 -> 891 | Q13: =O13/N13*100 -> 1.9968051
A14: 45877 | B14: 8843 | C14: 6765 | D14: 737 | E14: =D14/B14*100 -> 8.3342757 | F14: 8078 | G14: 8049 | H14: 9 | I14: =H14/F14*100 -> 0.11141372 | J14: 8049 | K14: 8028 | L14: 21 | M14: =L14/J14*100 -> 0.26090198 | N14: 13500 | O14: 349 | P14: =D14+H14+L14+O14 -> 1116 | Q14: =O14/N14*100 -> 2.5851852
A15: 45878 | B15: HOLIDAY
A16: 45879
A17: W. REPORT | B17: =SUM(B10:B16) -> 51425 | C17: =SUM(C10:C16) -> 44941 | D17: =SUM(D10:D16) -> 2430 | E17: =D17/B17*100 -> 4.7253281 | F17: =SUM(F10:F16) -> 50877 | G17: =SUM(G10:G16) -> 50765 | H17: =SUM(H10:H16) -> 92 | I17: =H17/F17*100 -> 0.18082827 | J17: =SUM(J10:J16) -> 50765 | K17: =SUM(K10:K16) -> 50257 | L17: =SUM(L10:L16) -> 508 | M17: =L17/J17*100 -> 1.0006895 | N17: =SUM(N10:N16) -> 59512 | O17: =SUM(O10:O16) -> 1404 | P17: =SUM(P10:P16) -> 4434
A18: 45880 | B18: 10488 | C18: 9678 | D18: 656 | E18: =D18/B18*100 -> 6.2547674 | F18: 9570 | G18: 9558 | H18: 12 | I18: =H18/F18*100 -> 0.12539185 | J18: 7217 | K18: 7181 | L18: 36 | M18: =L18/J18*100 -> 0.49882223 | N18: 10079 | O18: 32 | P18: =D18+H18+L18+O18 -> 736 | Q18: =O18/N18*100 -> 0.31749181 | R18: WEEK 3
A19: 45881 | B19: 7782 | C19: 6410 | D19: 629 | E19: =D19/B19*100 -> 8.0827551 | F19: 7334 | G19: 7255 | H19: 79 | I19: =H19/F19*100 -> 1.0771748 | J19: 9069 | K19: 9032 | L19: 37 | M19: =L19/J19*100 -> 0.40798324 | N19: 10673 | O19: 64 | P19: =D19+H19+L19+O19 -> 809 | Q19: =O19/N19*100 -> 0.59964396 | R19: =SUM(B18:B24) -> 45370 | S19: =SUM(P18:P24) -> 3024 | T19: =S19/R19*100 -> 6.6651973
A20: 45882 | B20: 9961 | C20: 8888 | D20: 461 | E20: =D20/B20*100 -> 4.6280494 | F20: 8183 | G20: 8080 | H20: 49 | I20: =H20/F20*100 -> 0.5988024 | J20: 8048 | K20: 8032 | L20: 16 | M20: =L20/J20*100 -> 0.19880716 | N20: 8213 | O20: 61 | P20: =D20+H20+L20+O20 -> 587 | Q20: =O20/N20*100 -> 0.74272495
A21: 45883 | B21: 8592 | C21: 7888 | D21: 343 | E21: =D21/B21*100 -> 3.9920857 | F21: 8455 | G21: 8408 | H21: 47 | I21: =H21/F21*100 -> 0.55588409 | J21: 8887 | K21: 8869 | L21: 18 | M21: =L21/J21*100 -> 0.20254304 | N21: 4204 | O21: 176 | P21: =D21+H21+L21+O21 -> 584 | Q21: =O21/N21*100 -> 4.1864891
A22: 45884 | B22: HOLIDAY
A23: 45885 | B23: HOLIDAY
A24: 45886 | B24: 8547 | C24: 8242 | D24: 219 | E24: =D24/B24*100 -> 2.5623026 | F24: 8242 | G24: 8209 | H24: 33 | I24: =H24/F24*100 -> 0.40038826 | J24: 5929 | K24: 5886 | L24: 23 | M24: =L24/J24*100 -> 0.38792376 | N24: 3752 | O24: 33 | P24: =D24+H24+L24+O24 -> 308 | Q24: =O24/N24*100 -> 0.87953092
A25: W. REPORT | B25: =SUM(B18:B24) -> 45370 | C25: =SUM(C18:C24) -> 41106 | D25: =SUM(D18:D24) -> 2308 | E25: =D25/B25*100 -> 5.0870619 | F25: =SUM(F18:F24) -> 41784 | G25: =SUM(G18:G24) -> 41510 | H25: =SUM(H18:H24) -> 220 | I25: =H25/F25*100 -> 0.52651733 | J25: =SUM(J18:J24) -> 39150 | K25: =SUM(K18:K24) -> 39000 | L25: =SUM(L18:L24) -> 130 | M25: =L25/J25*100 -> 0.33205619 | N25: =SUM(N18:N24) -> 36921 | O25: =SUM(O18:O24) -> 366 | P25: =SUM(P18:P24) -> 3024
A26: 45887 | B26: 6890 | C26: 6696 | D26: 105 | E26: =D26/B26*100 -> 1.5239478 | F26: 7808 | G26: 7776 | H26: 32 | I26: =H26/F26*100 -> 0.40983607 | J26: 10056 | K26: 10037 | L26: 19 | M26: =L26/J26*100 -> 0.18894193 | N26: 8023 | O26: 191 | P26: =D26+H26+L26+O26 -> 347 | Q26: =O26/N26*100 -> 2.3806556 | R26: WEEK 4
A27: 45888 | B27: 11334 | C27: 10733 | D27: 527 | E27: =D27/B27*100 -> 4.6497265 | F27: 13121 | G27: 13098 | H27: 23 | I27: =H27/F27*100 -> 0.17529152 | J27: 7690 | K27: 7623 | L27: 67 | M27: =L27/J27*100 -> 0.87126138 | N27: 13237 | O27: 81 | P27: =D27+H27+L27+O27 -> 698 | Q27: =O27/N27*100 -> 0.61192113 | R27: =SUM(B26:B32) -> 68039 | S27: =SUM(P26:P32) -> 3822 | T27: =S27/R27*100 -> 5.6173665
A28: 45889 | B28: 12010 | C28: 11516 | D28: 449 | E28: =D28/B28*100 -> 3.7385512 | F28: 12865 | G28: 12827 | H28: 38 | I28: =H28/F28*100 -> 0.29537505 | J28: 10848 | K28: 10704 | L28: 144 | M28: =L28/J28*100 -> 1.3274336 | N28: 10765 | O28: 48 | P28: =D28+H28+L28+O28 -> 679 | Q28: =O28/N28*100 -> 0.44588946
A29: 45890 | B29: 12150 | C29: 11422 | D29: 524 | E29: =D29/B29*100 -> 4.3127572 | F29: 11422 | G29: 11393 | H29: 29 | I29: =H29/F29*100 -> 0.25389599 | J29: 10788 | K29: 10715 | L29: 73 | M29: =L29/J29*100 -> 0.67667779 | N29: 8501 | O29: 119 | P29: =D29+H29+L29+O29 -> 745 | Q29: =O29/N29*100 -> 1.3998353
A30: 45891 | B30: 11276 | C30: 10723 | D30: 282 | E30: =D30/B30*100 -> 2.5008868 | F30: 10571 | G30: 10544 | H30: 27 | I30: =H30/F30*100 -> 0.25541576 | J30: 11557 | K30: 11140 | L30: 417 | M30: =L30/J30*100 -> 3.6082028 | N30: 13945 | O30: 44 | P30: =D30+H30+L30+O30 -> 770 | Q30: =O30/N30*100 -> 0.31552528
A31: 45892 | B31: 14379 | C31: 13789 | D31: 278 | E31: =D31/B31*100 -> 1.9333751 | F31: 13789 | G31: 13776 | H31: 13 | I31: =H31/F31*100 -> 0.094278048 | J31: 13944 | K31: 13830 | L31: 114 | M31: =L31/J31*100 -> 0.81755594 | N31: 15605 | O31: 178 | P31: =D31+H31+L31+O31 -> 583 | Q31: =O31/N31*100 -> 1.14066
A32: 45893
A33: W. REPORT | B33: =SUM(B26:B32) -> 68039 | C33: =SUM(C26:C32) -> 64879 | D33: =SUM(D26:D32) -> 2165 | E33: =D33/B33*100 -> 3.1819986 | F33: =SUM(F26:F32) -> 69576 | G33: =SUM(G26:G32) -> 69414 | H33: =SUM(H26:H32) -> 162 | I33: =H33/F33*100 -> 0.23283891 | J33: =SUM(J26:J32) -> 64883 | K33: =SUM(K26:K32) -> 64049 | L33: =SUM(L26:L32) -> 834 | M33: =L33/J33*100 -> 1.2853906 | N33: =SUM(N26:N32) -> 70076 | O33: =SUM(O26:O32) -> 661 | P33: =SUM(P26:P32) -> 3822
A34: 45894 | B34: 15717 | C34: 14501 | D34: 912 | E34: =D34/B34*100 -> 5.8026341 | F34: 10091 | G34: 10078 | H34: 13 | I34: =H34/F34*100 -> 0.12882767 | J34: 11115 | K34: 10524 | L34: 861 | M34: =L34/J34*100 -> 7.7462888 | N34: 16596 | O34: 178 | P34: =D34+H34+L34+O34 -> 1964 | Q34: =O34/N34*100 -> 1.0725476 | R34: WEEK 5
A35: 45895 | B35: 12685 | C35: 12156 | D35: 417 | E35: =D35/B35*100 -> 3.2873473 | F35: 11695 | G35: 11666 | H35: 29 | I35: =H35/F35*100 -> 0.24796922 | J35: 13991 | K35: 13724 | L35: 267 | M35: =L35/J35*100 -> 1.9083697 | N35: 9808 | O35: 127 | P35: =D35+H35+L35+O35 -> 840 | Q35: =O35/N35*100 -> 1.2948613 | R35: =SUM(B34:B40) -> 76129 | S35: =SUM(P34:P40) -> 6158 | T35: =S35/R35*100 -> 8.0889017
A36: 45896 | B36: 13285 | C36: 12221 | D36: 649 | E36: =D36/B36*100 -> 4.8852089 | F36: 9025 | G36: 8972 | H36: 53 | I36: =H36/F36*100 -> 0.58725762 | J36: 12422 | K36: 12162 | L36: 166 | M36: =L36/J36*100 -> 1.3363388 | N36: 15308 | O36: 166 | P36: =D36+H36+L36+O36 -> 1034 | Q36: =O36/N36*100 -> 1.0844003
A37: 45897 | B37: 12634 | C37: 11597 | D37: 836 | E37: =D37/B37*100 -> 6.6170651 | F37: 11884 | G37: 11864 | H37: 20 | I37: =H37/F37*100 -> 0.1682935 | J37: 11864 | K37: 11833 | L37: 31 | M37: =L37/J37*100 -> 0.26129467 | N37: 9800 | O37: 85 | P37: =D37+H37+L37+O37 -> 972 | Q37: =O37/N37*100 -> 0.86734694
A38: 45898 | B38: 12518 | C38: 11773 | D38: 400 | E38: =D38/B38*100 -> 3.1953986 | F38: 12461 | G38: 12426 | H38: 35 | I38: =H38/F38*100 -> 0.28087633 | J38: 12426 | K38: 12108 | L38: 318 | M38: =L38/J38*100 -> 2.5591502 | N38: 14328 | O38: 91 | P38: =D38+H38+L38+O38 -> 844 | Q38: =O38/N38*100 -> 0.63512004
A39: 45899 | B39: 9290 | C39: 8841 | D39: 319 | E39: =D39/B39*100 -> 3.4337998 | F39: 12947 | G39: 12922 | H39: 25 | I39: =H39/F39*100 -> 0.19309493 | J39: 11439 | K39: 11387 | L39: 52 | M39: =L39/J39*100 -> 0.45458519 | N39: 12952 | O39: 108 | P39: =D39+H39+L39+O39 -> 504 | Q39: =O39/N39*100 -> 0.83384805
A40: 45900
A41: W. REPORT | B41: =SUM(B34:B40) -> 76129 | C41: =SUM(C34:C40) -> 71089 | D41: =SUM(D34:D40) -> 3533 | E41: =D41/B41*100 -> 4.6408071 | F41: =SUM(F34:F40) -> 68103 | G41: =SUM(G34:G40) -> 67928 | H41: =SUM(H34:H40) -> 175 | I41: =H41/F41*100 -> 0.25696372 | J41: =SUM(J34:J40) -> 73257 | K41: =SUM(K34:K40) -> 71738 | L41: =SUM(L34:L40) -> 1695 | M41: =L41/J41*100 -> 2.3137721 | N41: =SUM(N34:N40) -> 78792 | O41: =SUM(O34:O40) -> 755 | P41: =SUM(P34:P40) -> 6158
A42: Total | B42: =B41+B33+B25+B17+B9 -> 267179 | C42: =C41+C33+C25+C17+C9 -> 247269 | D42: =D41+D33+D25+D17+D9 -> 11296 | F42: =F41+F33+F25+F17+F9 -> 253407 | G42: =G41+G33+G25+G17+G9 -> 252649 | H42: =H41+H33+H25+H17+H9 -> 687 | J42: =J41+J33+J25+J17+J9 -> 249724 | K42: =K41+K33+K25+K17+K9 -> 246635 | L42: =L41+L33+L25+L17+L9 -> 3240 | N42: =N41+N33+N25+N17+N9 -> 272058 | O42: =O41+O33+O25+O17+O9 -> 3413 | P42: =P41+P33+P25+P17+P9 -> 18636

Sheet SEPTEMBER 25
C1: DISPOSAFE HEALTH AND LIFE CARE LIMITED Plot No.37A, Sector-06, Ballabgarh (Faridabad) Haryana India 121006
A3: ASSEMBLY SECTION DAILY REJECTION REPORT FOR SEPTEMBER 2025
A4: DATE | B4: VISUAL QTY | C4: VISUAL ACPT QTY | D4: REJ QTY | E4: REJ % | F4: BALLOON CHKD QTY | G4: BALLOON ACPT QTY | H4: REJ QTY | I4: REJ % | J4: VALVE INT CHKD QTY | K4: VALVE INTY ACPT QTY | L4: VALVE INTY REJ Qty | M4: REJ % | N4: FINAL CHECKED QTY | O4: FINAL REJECTION | P4: TOTAL REJ QTY | Q4: VISUAL CHECKED QTY | R4: VISUAL REJ QTY | S4: VISUAL REJ %
A6: 45901 | B6: 10978 | C6: 10362 | D6: 456 | E6: =D6/B6*100 -> 4.1537621 | F6: 10967 | G6: 10930 | H6: 37 | I6: =H6/F6*100 -> 0.33737576 | J6: 11477 | K6: 11397 | L6: 80 | M6: =L6/J6*100 -> 0.69704627 | N6: 11858 | O6: 105 | P6: =D6+H6+L6+O6 -> 678 | Q6: WEEK 1
A7: 45902 | B7: 11564 | C7: 10203 | D7: 1240 | E7: =D7/B7*100 -> 10.722933 | F7: 11858 | G7: 11812 | H7: 46 | I7: =H7/F7*100 -> 0.38792376 | J7: 12748 | K7: 12495 | L7: 253 | M7: =L7/J7*100 -> 1.984625 | N7: 18698 | O7: 111 | P7: =D7+H7+L7+O7 -> 1650 | Q7: =SUM(B6:B11) -> 79289 | R7: =SUM(P6:P11) -> 9346 | S7: =R7/Q7*100 -> 11.787259
A8: 45903 | B8: 15899 | C8: 13162 | D8: 2362 | E8: =D8/B8*100 -> 14.85628 | F8: 11554 | G8: 11529 | H8: 25 | I8: =H8/F8*100 -> 0.21637528 | J8: 11529 | K8: 11363 | L8: 166 | M8: =L8/J8*100 -> 1.4398473 | N8: 13541 | O8: 149 | P8: =D8+H8+L8+O8 -> 2702
A9: 45904 | B9: 16134 | C9: 15038 | D9: 936 | E9: =D9/B9*100 -> 5.8014132 | F9: 14519 | G9: 14508 | H9: 11 | I9: =H9/F9*100 -> 0.075762794 | J9: 8798 | K9: 8791 | L9: 7 | M9: =L9/J9*100 -> 0.079563537 | N9: 13263 | O9: 142 | P9: =D9+H9+L9+O9 -> 1096
A10: 45905 | B10: 11960 | C10: 9933 | D10: 1893 | E10: =D10/B10*100 -> 15.827759 | F10: 12736 | G10: 12730 | H10: 6 | I10: =H10/F10*100 -> 0.047110553 | J10: 13192 | K10: 13180 | L10: 12 | M10: =L10/J10*100 -> 0.090964221 | N10: 12587 | O10: 46 | P10: =D10+H10+L10+O10 -> 1957
A11: 45906 | B11: 12754 | C11: 11459 | D11: 1129 | E11: =D11/B11*100 -> 8.8521248 | F11: 11786 | G11: 11782 | H11: 4 | I11: =H11/F11*100 -> 0.033938571 | J11: 13029 | K11: 12997 | L11: 32 | M11: =L11/J11*100 -> 0.24560596 | N11: 12699 | O11: 98 | P11: =D11+H11+L11+O11 -> 1263
A12: W. REPORT | B12: =SUM(B6:B11) -> 79289 | C12: =SUM(C6:C11) -> 70157 | D12: =SUM(D6:D11) -> 8016 | E12: =D12/B12*100 -> 10.109851 | F12: =SUM(F6:F11) -> 73420 | G12: =SUM(G6:G11) -> 73291 | H12: =SUM(H6:H11) -> 129 | I12: =H12/F12*100 -> 0.17570144 | J12: =SUM(J6:J11) -> 70773 | K12: =SUM(K6:K11) -> 70223 | L12: =SUM(L6:L11) -> 550 | M12: =L12/J12*100 -> 0.77713252 | N12: =SUM(N6:N11) -> 82646 | O12: =SUM(O6:O11) -> 651 | P12: =SUM(P6:P11) -> 9346
A13: 45907 | E13: =D13/B13*100 -> #DIV/0! | I13: =H13/F13*100 -> #DIV/0! | M13: =L13/J13*100 -> #DIV/0! | P13: =D13+H13+L13+O13 -> 0 | Q13: WEEK 2
A14: 45908 | B14: 20305 | C14: 18898 | D14: 1089 | E14: =D14/B14*100 -> 5.363211 | F14: 10650 | G14: 10642 | H14: 8 | I14: =H14/F14*100 -> 0.075117371 | J14: 14640 | K14: 14625 | L14: 15 | M14: =L14/J14*100 -> 0.10245902 | N14: 14462 | O14: 44 | P14: =D14+H14+L14+O14 -> 1156 | Q14: =SUM(B13:B19) -> 82025 | R14: =SUM(P13:P19) -> 6606 | S14: =R14/Q14*100 -> 8.0536422
A15: 45909 | B15: 13013 | C15: 11930 | D15: 871 | E15: =D15/B15*100 -> 6.6933067 | F15: 12705 | G15: 12675 | H15: 30 | I15: =H15/F15*100 -> 0.23612751 | J15: 11915 | K15: 11905 | L15: 10 | M15: =L15/J15*100 -> 0.083927822 | N15: 15843 | O15: 90 | P15: =D15+H15+L15+O15 -> 1001
A16: 45910 | B16: 13029 | C16: 12069 | D16: 673 | E16: =D16/B16*100 -> 5.1654003 | F16: 13817 | G16: 13779 | H16: 38 | I16: =H16/F16*100 -> 0.27502352 | J16: 13545 | K16: 13494 | L16: 51 | M16: =L16/J16*100 -> 0.3765227 | N16: 13995 | O16: 55 | P16: =D16+H16+L16+O16 -> 817
A17: 45911 | B17: 9391 | C17: 7409 | D17: 1852 | E17: =D17/B17*100 -> 19.721009 | F17: 10444 | G17: 10426 | H17: 18 | I17: =H17/F17*100 -> 0.17234776 | J17: 12423 | K17: 12364 | L17: 59 | M17: =L17/J17*100 -> 0.47492554 | N17: 11871 | O17: 62 | P17: =D17+H17+L17+O17 -> 1991
A18: 45912 | B18: 12457 | C18: 11920 | D18: 455 | E18: =D18/B18*100 -> 3.6525648 | F18: 11328 | G18: 11296 | H18: 32 | I18: =H18/F18*100 -> 0.28248588 | J18: 11012 | K18: 10651 | L18: 361 | M18: =L18/J18*100 -> 3.2782419 | N18: 7983 | O18: 204 | P18: =D18+H18+L18+O18 -> 1052
A19: 45913 | B19: 13830 | C19: 13524 | D19: 242 | E19: =D19/B19*100 -> 1.7498192 | F19: 9586 | G19: 9529 | H19: 57 | I19: =H19/F19*100 -> 0.59461715 | J19: 11816 | K19: 11634 | L19: 182 | M19: =L19/J19*100 -> 1.5402844 | N19: 11363 | O19: 108 | P19: =D19+H19+L19+O19 -> 589
A20: W. REPORT | B20: =SUM(B13:B19) -> 82025 | C20: =SUM(C13:C19) -> 75750 | D20: =SUM(D13:D19) -> 5182 | E20: =D20/B20*100 -> 6.3175861 | F20: =SUM(F13:F19) -> 68530 | G20: =SUM(G13:G19) -> 68347 | H20: =SUM(H13:H19) -> 183 | I20: =H20/F20*100 -> 0.26703633 | J20: =SUM(J13:J19) -> 75351 | K20: =SUM(K13:K19) -> 74673 | L20: =SUM(L13:L19) -> 678 | M20: =L20/J20*100 -> 0.89978899 | N20: =SUM(N13:N19) -> 75517 | O20: =SUM(O13:O19) -> 563 | P20: =SUM(P13:P19) -> 6606
A21: 45914 | E21: =D21/B21*100 -> #DIV/0! | I21: =H21/F21*100 -> #DIV/0! | M21: =L21/J21*100 -> #DIV/0! | P21: =D21+H21+L21+O21 -> 0 | Q21: WEEK 3
A22: 45915 | B22: 15012 | C22: 14439 | D22: 326 | E22: =D22/B22*100 -> 2.1715961 | F22: 11571 | G22: 11507 | H22: 64 | I22: =H22/F22*100 -> 0.55310691 | J22: 10753 | K22: 10604 | L22: 149 | M22: =L22/J22*100 -> 1.3856598 | N22: 11657 | O22: 170 | P22: =D22+H22+L22+O22 -> 709 | Q22: =SUM(B21:B27) -> 73123 | R22: =SUM(P21:P27) -> 4763 | S22: =R22/Q22*100 -> 6.5136824
A23: 45916 | B23: 12241 | C23: 11813 | D23: 313 | E23: =D23/B23*100 -> 2.5569806 | F23: 10972 | G23: 10941 | H23: 31 | I23: =H23/F23*100 -> 0.28253737 | J23: 11715 | K23: 11684 | L23: 31 | M23: =L23/J23*100 -> 0.26461801 | N23: 14441 | O23: 194 | P23: =D23+H23+L23+O23 -> 569
A24: 45917 | B24: 11948 | C24: 11126 | D24: 705 | E24: =D24/B24*100 -> 5.9005691 | F24: 10508 | G24: 10459 | H24: 49 | I24: =H24/F24*100 -> 0.46631138 | J24: 10459 | K24: 10399 | L24: 60 | M24: =L24/J24*100 -> 0.57366861 | N24: 12600 | O24: 331 | P24: =D24+H24+L24+O24 -> 1145
A25: 45918 | B25: 10490 | C25: 10048 | D25: 314 | E25: =D25/B25*100 -> 2.993327 | F25: 16601 | G25: 16554 | H25: 47 | I25: =H25/F25*100 -> 0.28311547 | J25: 16554 | K25: 16481 | L25: 73 | M25: =L25/J25*100 -> 0.44098103 | N25: 12173 | O25: 412 | P25: =D25+H25+L25+O25 -> 846
A26: 45919 | B26: 10392 | C26: 9532 | D26: 709 | E26: =D26/B26*100 -> 6.8225558 | F26: 9729 | G26: 9640 | H26: 89 | I26: =H26/F26*100 -> 0.91479083 | J26: 9640 | K26: 9332 | L26: 308 | M26: =L26/J26*100 -> 3.1950207 | N26: 9674 | O26: 63 | P26: =D26+H26+L26+O26 -> 1169
A27: 45920 | B27: 13040 | C27: 12790 | D27: 182 | E27: =D27/B27*100 -> 1.3957055 | F27: 14316 | G27: 14292 | H27: 24 | I27: =H27/F27*100 -> 0.16764459 | J27: 13443 | K27: 13371 | L27: 72 | M27: =L27/J27*100 -> 0.53559473 | N27: 14712 | O27: 47 | P27: =D27+H27+L27+O27 -> 325
A28: W. REPORT | B28: =SUM(B21:B27) -> 73123 | C28: =SUM(C21:C27) -> 69748 | D28: =SUM(D21:D27) -> 2549 | E28: =D28/B28*100 -> 3.4859073 | F28: =SUM(F21:F27) -> 73697 | G28: =SUM(G21:G27) -> 73393 | H28: =SUM(H21:H27) -> 304 | I28: =H28/F28*100 -> 0.41249983 | J28: =SUM(J21:J27) -> 72564 | K28: =SUM(K21:K27) -> 71871 | L28: =SUM(L21:L27) -> 693 | M28: =L28/J28*100 -> 0.95501902 | N28: =SUM(N21:N27) -> 75257 | O28: =SUM(O21:O27) -> 1217 | P28: =SUM(P21:P27) -> 4763
A29: 45921 | E29: =D29/B29*100 -> #DIV/0! | I29: =H29/F29*100 -> #DIV/0! | M29: =L29/J29*100 -> #DIV/0! | P29: =D29+H29+L29+O29 -> 0 | Q29: WEEK 4
A30: 45922 | B30: 12985 | C30: 12353 | D30: 492 | E30: =D30/B30*100 -> 3.7889873 | F30: 10523 | G30: 10486 | H30: 37 | I30: =H30/F30*100 -> 0.35161076 | J30: 11335 | K30: 11168 | L30: 167 | M30: =L30/J30*100 -> 1.4733127 | N30: 11168 | O30: 117 | P30: =D30+H30+L30+O30 -> 813 | Q30: =SUM(B29:B35) -> 76286 | R30: =SUM(P29:P35) -> 7475 | S30: =R30/Q30*100 -> 9.7986524
A31: 45923 | B31: 14247 | C31: 13402 | D31: 738 | E31: =D31/B31*100 -> 5.1800379 | F31: 14259 | G31: 14228 | H31: 31 | I31: =H31/F31*100 -> 0.21740655 | J31: 14228 | K31: 14127 | L31: 101 | M31: =L31/J31*100 -> 0.70986787 | N31: 14127 | O31: 67 | P31: =D31+H31+L31+O31 -> 937
A32: 45924 | B32: 11960 | C32: 11272 | D32: 601 | E32: =D32/B32*100 -> 5.0250836 | F32: 12251 | G32: 12238 | H32: 13 | I32: =H32/F32*100 -> 0.10611379 | J32: 11453 | K32: 11290 | L32: 163 | M32: =L32/J32*100 -> 1.4232079 | N32: 11290 | O32: 47 | P32: =D32+H32+L32+O32 -> 824
A33: 45925 | B33: 13910 | C33: 13253 | D33: 411 | E33: =D33/B33*100 -> 2.9547088 | F33: 12536 | G33: 12500 | H33: 36 | I33: =H33/F33*100 -> 0.28717294 | J33: 13285 | K33: 13202 | L33: 83 | M33: =L33/J33*100 -> 0.62476477 | N33: 8602 | O33: 186 | P33: =D33+H33+L33+O33 -> 716
A34: 45926 | B34: 11156 | C34: 10377 | D34: 562 | E34: =D34/B34*100 -> 5.0376479 | F34: 11079 | G34: 11030 | H34: 49 | I34: =H34/F34*100 -> 0.44227818 | J34: 9564 | K34: 8271 | L34: 1293 | M34: =L34/J34*100 -> 13.519448 | N34: 10198 | O34: 183 | P34: =D34+H34+L34+O34 -> 2087
A35: 45927 | B35: 12028 | C35: 11057 | D35: 640 | E35: =D35/B35*100 -> 5.3209179 | F35: 11094 | G35: 10971 | H35: 123 | I35: =H35/F35*100 -> 1.1087074 | J35: 12434 | K35: 11232 | L35: 1202 | M35: =L35/J35*100 -> 9.667042 | N35: 10355 | O35: 133 | P35: =D35+H35+L35+O35 -> 2098
A36: W. REPORT | B36: =SUM(B29:B35) -> 76286 | C36: =SUM(C29:C35) -> 71714 | D36: =SUM(D29:D35) -> 3444 | E36: =D36/B36*100 -> 4.5145898 | F36: =SUM(F29:F35) -> 71742 | G36: =SUM(G29:G35) -> 71453 | H36: =SUM(H29:H35) -> 289 | I36: =H36/F36*100 -> 0.40283237 | J36: =SUM(J29:J35) -> 72299 | K36: =SUM(K29:K35) -> 69290 | L36: =SUM(L29:L35) -> 3009 | M36: =L36/J36*100 -> 4.1618833 | N36: =SUM(N29:N35) -> 65740 | O36: =SUM(O29:O35) -> 733 | P36: =SUM(P29:P35) -> 7475
A37: 45928 | E37: =D37/B37*100 -> #DIV/0! | I37: =H37/F37*100 -> #DIV/0! | M37: =L37/J37*100 -> #DIV/0! | P37: =D37+H37+L37+O37 -> 0 | Q37: WEEK 5
A38: 45929 | B38: 13245 | C38: 12462 | D38: 529 | E38: =D38/B38*100 -> 3.99396 | F38: 12630 | G38: 12591 | H38: 39 | I38: =H38/F38*100 -> 0.3087886 | J38: 10021 | K38: 9883 | L38: 138 | M38: =L38/J38*100 -> 1.3771081 | N38: 12310 | O38: 172 | P38: =D38+H38+L38+O38 -> 878 | Q38: =SUM(B38:B39) -> 25237 | R38: =SUM(P38:P39) -> 2424 | S38: =R38/Q38*100 -> 9.6049451
A39: 45930 | B39: 11992 | C39: 10894 | D39: 1006 | E39: =D39/B39*100 -> 8.388926 | F39: 8894 | G39: 8876 | H39: 18 | I39: =H39/F39*100 -> 0.20238363 | J39: 8914 | K39: 8592 | L39: 322 | M39: =L39/J39*100 -> 3.6122953 | N39: 8593 | O39: 200 | P39: =D39+H39+L39+O39 -> 1546
A40: W. REPORT | B40: =SUM(B37:B39) -> 25237 | C40: =SUM(C37:C39) -> 23356 | D40: =SUM(D37:D39) -> 1535 | E40: =D40/B40*100 -> 6.0823394 | F40: =SUM(F37:F39) -> 21524 | G40: =SUM(G37:G39) -> 21467 | H40: =SUM(H37:H39) -> 57 | I40: =H40/F40*100 -> 0.26482067 | J40: =SUM(J37:J39) -> 18935 | K40: =SUM(K37:K39) -> 18475 | L40: =SUM(L37:L39) -> 460 | M40: =L40/J40*100 -> 2.4293636 | N40: =SUM(N37:N39) -> 20903 | O40: =SUM(O37:O39) -> 372 | P40: =SUM(P37:P39) -> 2424
A41: Total | B41: =B40+B36+B28+B20+B12 -> 335960 | C41: =C40+C36+C28+C20+C12 -> 310725 | D41: =D40+D36+D28+D20+D12 -> 20726 | F41: =F40+F36+F28+F20+F12 -> 308913 | G41: =G40+G36+G28+G20+G12 -> 307951 | H41: =H40+H36+H28+H20+H12 -> 962 | J41: =J40+J36+J28+J20+J12 -> 309922 | K41: =K40+K36+K28+K20+K12 -> 304532 | L41: =L40+L36+L28+L20+L12 -> 5390 | N41: =N40+N36+N28+N20+N12 -> 320063 | O41: =O40+O36+O28+O20+O12 -> 3536 | P41: =P40+P36+P28+P20+P12 -> 30614

Sheet OCTOBER 25
C1: DISPOSAFE HEALTH AND LIFE CARE LIMITED Plot No.37A, Sector-06, Ballabgarh (Faridabad) Haryana India 121006
A3: ASSEMBLY SECTION DAILY REJECTION REPORT FOR OCTOBER 2025
A4: DATE | B4: VISUAL QTY | C4: VISUAL ACPT QTY | D4: REJ QTY | E4: REJ % | F4: BALLOON CHKD QTY | G4: BALLOON ACPT QTY | H4: REJ QTY | I4: REJ % | J4: VALVE INT CHKD QTY | K4: VALVE INTY ACPT QTY | L4: VALVE INTY REJ Qty | M4: REJ % | N4: FINAL CHECKED QTY | O4: FINAL REJECTION | P4: TOTAL REJ QTY | Q4: VISUAL CHECKED QTY | R4: TOTAL REJ QTY | S4: VISUAL REJ %
A6: 45931 | B6: 8381 | C6: 7602 | D6: 177 | E6: =D6/B6*100 -> 2.1119198 | F6: 9602 | G6: 9427 | H6: 175 | I6: =H6/F6*100 -> 1.822537 | J6: 12019 | K6: 11957 | L6: 62 | M6: =L6/J6*100 -> 0.5158499 | N6: 7501 | O6: 349 | P6: =D6+H6+L6+O6 -> 763 | Q6: WEEK 1
A7: 45932 | B7: VIJAYA DASHMI | Q7: =SUM(B6:B9) -> 36702 | R7: =SUM(P6:P9) -> 2395 | S7: =R7/Q7*100 -> 6.5255299
A8: 45933 | B8: 13268 | C8: 12516 | D8: 547 | E8: =D8/B8*100 -> 4.1227012 | F8: 11083 | G8: 11011 | H8: 72 | I8: =H8/F8*100 -> 0.6496436 | J8: 11019 | K8: 10857 | L8: 162 | M8: =L8/J8*100 -> 1.4701879 | N8: 9539 | O8: 161 | P8: =D8+H8+L8+O8 -> 942
A9: 45934 | B9: 15053 | C9: 13602 | D9: 409 | E9: =D9/B9*100 -> 2.7170664 | F9: 10522 | G9: 10377 | H9: 145 | I9: =H9/F9*100 -> 1.378065 | J9: 10377 | K9: 10345 | L9: 32 | M9: =L9/J9*100 -> 0.30837429 | N9: 6400 | O9: 104 | P9: =D9+H9+L9+O9 -> 690
A10: W. REPORT | B10: =SUM(B6:B9) -> 36702 | C10: =SUM(C6:C9) -> 33720 | D10: =SUM(D6:D9) -> 1133 | E10: =D10/B10*100 -> 3.0870252 | F10: =SUM(F6:F9) -> 31207 | G10: =SUM(G6:G9) -> 30815 | H10: =SUM(H6:H9) -> 392 | I10: =H10/F10*100 -> 1.2561284 | J10: =SUM(J6:J9) -> 33415 | K10: =SUM(K6:K9) -> 33159 | L10: =SUM(L6:L9) -> 256 | M10: =L10/J10*100 -> 0.766123 | N10: =SUM(N6:N9) -> 23440 | O10: =SUM(O6:O9) -> 614 | P10: =SUM(P6:P9) -> 2395
A11: 45935 | E11: =D11/B11*100 -> #DIV/0! | I11: =H11/F11*100 -> #DIV/0! | M11: =L11/J11*100 -> #DIV/0! | P11: =D11+H11+L11+O11 -> 0 | Q11: WEEK 2
A12: 45936 | B12: 9702 | C12: 8338 | D12: 303 | E12: =D12/B12*100 -> 3.1230674 | F12: 10913 | G12: 10724 | H12: 189 | I12: =H12/F12*100 -> 1.7318794 | J12: 10724 | K12: 10677 | L12: 47 | M12: =L12/J12*100 -> 0.4382693 | N12: 4724 | O12: 209 | P12: =D12+H12+L12+O12 -> 748 | Q12: =SUM(B11:B17) -> 52166 | R12: =SUM(P11:P17) -> 6284 | S12: =R12/Q12*100 -> 12.04616
A13: 45937 | B13: 8600 | C13: 7856 | D13: 368 | E13: =D13/B13*100 -> 4.2790698 | F13: 9571 | G13: 9230 | H13: 341 | I13: =H13/F13*100 -> 3.5628461 | J13: 9230 | K13: 9217 | L13: 13 | M13: =L13/J13*100 -> 0.14084507 | N13: 4177 | O13: 233 | P13: =D13+H13+L13+O13 -> 955
A14: 45938 | B14: 9978 | C14: 8553 | D14: 1040 | E14: =D14/B14*100 -> 10.42293 | F14: 7844 | G14: 7841 | H14: 103 | I14: =H14/F14*100 -> 1.3131056 | J14: 7841 | K14: 7723 | L14: 118 | M14: =L14/J14*100 -> 1.5049101 | N14: 17316 | O14: 558 | P14: =D14+H14+L14+O14 -> 1819
A15: 45939 | B15: 8349 | C15: 7596 | D15: 453 | E15: =D15/B15*100 -> 5.4257995 | F15: 7894 | G15: 7688 | H15: 206 | I15: =H15/F15*100 -> 2.6095769 | J15: 7707 | K15: 7394 | L15: 313 | M15: =L15/J15*100 -> 4.061243 | N15: 7596 | O15: 165 | P15: =D15+H15+L15+O15 -> 1137
A16: 45940 | B16: 7311 | C16: 6652 | D16: 521 | E16: =D16/B16*100 -> 7.1262481 | F16: 7181 | G16: 7065 | H16: 116 | I16: =H16/F16*100 -> 1.6153739 | J16: 7046 | K16: 6996 | L16: 50 | M16: =L16/J16*100 -> 0.70962248 | N16: 1355 | O16: 59 | P16: =D16+H16+L16+O16 -> 746
A17: 45941 | B17: 8226 | C17: 7578 | D17: 382 | E17: =D17/B17*100 -> 4.6438123 | F17: 7578 | G17: 7479 | H17: 99 | I17: =H17/F17*100 -> 1.3064133 | J17: 7479 | K17: 7361 | L17: 118 | M17: =L17/J17*100 -> 1.577751 | N17: 5806 | O17: 280 | P17: =D17+H17+L17+O17 -> 879
A18: W. REPORT | B18: =SUM(B11:B17) -> 52166 | C18: =SUM(C11:C17) -> 46573 | D18: =SUM(D11:D17) -> 3067 | E18: =D18/B18*100 -> 5.8793084 | F18: =SUM(F11:F17) -> 50981 | G18: =SUM(G11:G17) -> 50027 | H18: =SUM(H11:H17) -> 1054 | I18: =H18/F18*100 -> 2.0674369 | J18: =SUM(J11:J17) -> 50027 | K18: =SUM(K11:K17) -> 49368 | L18: =SUM(L11:L17) -> 659 | M18: =L18/J18*100 -> 1.3172887 | N18: =SUM(N11:N17) -> 40974 | O18: =SUM(O11:O17) -> 1504 | P18: =SUM(P11:P17) -> 6284
A19: 45942 | D19: 1035 | E19: =D19/B19*100 -> #DIV/0! | I19: =H19/F19*100 -> #DIV/0! | M19: =L19/J19*100 -> #DIV/0! | O19: 43 | P19: =D19+H19+L19+O19 -> 1078 | Q19: WEEK 3
A20: 45943 | B20: 7196 | C20: 6194 | D20: 649 | E20: =D20/B20*100 -> 9.0188994 | F20: 8993 | G20: 8884 | H20: 109 | I20: =H20/F20*100 -> 1.2120538 | J20: 8506 | K20: 8402 | L20: 104 | M20: =L20/J20*100 -> 1.2226664 | N20: 5451 | O20: 161 | P20: =D20+H20+L20+O20 -> 1023 | Q20: =SUM(B19:B25) -> 41599 | R20: =SUM(P19:P25) -> 7357 | S20: =R20/Q20*100 -> 17.685521
A21: 45944 | B21: 4700 | C21: 4072 | D21: 179 | E21: =D21/B21*100 -> 3.8085106 | F21: 7687 | G21: 7546 | H21: 141 | I21: =H21/F21*100 -> 1.8342656 | J21: 7924 | K21: 7812 | L21: 112 | M21: =L21/J21*100 -> 1.4134276 | N21: 7331 | O21: 428 | P21: =D21+H21+L21+O21 -> 860
A22: 45945 | B22: 8056 | C22: 7093 | D22: 687 | E22: =D22/B22*100 -> 8.5278054 | F22: 7324 | G22: 7272 | H22: 401 | I22: =H22/F22*100 -> 5.4751502 | J22: 7298 | K22: 6897 | L22: 401 | M22: =L22/J22*100 -> 5.4946561 | N22: 6863 | O22: 346 | P22: =D22+H22+L22+O22 -> 1835
A23: 45946 | B23: 7730 | C23: 7014 | D23: 524 | E23: =D23/B23*100 -> 6.778784 | F23: 6783 | G23: 6749 | H23: 34 | I23: =H23/F23*100 -> 0.50125313 | J23: 6749 | K23: 6709 | L23: 40 | M23: =L23/J23*100 -> 0.5926804 | N23: 9708 | O23: 483 | P23: =D23+H23+L23+O23 -> 1081
A24: 45947 | B24: 8827 | C24: 8169 | D24: 399 | E24: =D24/B24*100 -> 4.520222 | F24: 6974 | G24: 6909 | H24: 65 | I24: =H24/F24*100 -> 0.93203327 | J24: 6909 | K24: 6867 | L24: 42 | M24: =L24/J24*100 -> 0.60790274 | N24: 5568 | O24: 221 | P24: =D24+H24+L24+O24 -> 727
A25: 45948 | B25: 5090 | C25: 4553 | D25: 496 | E25: =D25/B25*100 -> 9.7445972 | F25: 4728 | G25: 4679 | H25: 49 | I25: =H25/F25*100 -> 1.036379 | J25: 4679 | K25: 4639 | L25: 40 | M25: =L25/J25*100 -> 0.85488352 | N25: 4892 | O25: 168 | P25: =D25+H25+L25+O25 -> 753
A26: W. REPORT | B26: =SUM(B19:B25) -> 41599 | C26: =SUM(C19:C25) -> 37095 | D26: =SUM(D19:D25) -> 3969 | E26: =D26/B26*100 -> 9.5410947 | F26: =SUM(F19:F25) -> 42489 | G26: =SUM(G19:G25) -> 42039 | H26: =SUM(H19:H25) -> 799 | I26: =H26/F26*100 -> 1.8804867 | J26: =SUM(J19:J25) -> 42065 | K26: =SUM(K19:K25) -> 41326 | L26: =SUM(L19:L25) -> 739 | M26: =L26/J26*100 -> 1.7568049 | N26: =SUM(N19:N25) -> 39813 | O26: =SUM(O19:O25) -> 1850 | P26: =SUM(P19:P25) -> 7357
A27: 45949 | B27: 2301 | C27: 2088 | D27: 131 | E27: =D27/B27*100 -> 5.6931769 | F27: 3100 | G27: 3092 | H27: 8 | I27: =H27/F27*100 -> 0.25806452 | J27: 3092 | K27: 3069 | L27: 23 | M27: =L27/J27*100 -> 0.74385511 | N27: 0 | O27: 0 | P27: =D27+H27+L27+O27 -> 162 | Q27: WEEK 4
A28: 45950 | B28: HAPPY DIWALI | Q28: =SUM(B27:B33) -> 16645 | R28: =SUM(P27:P33) -> 1936 | S28: =R28/Q28*100 -> 11.63112
A29: 45951
A30: 45952
A31: 45953
A32: 45954 | B32: 7344 | C32: 6579 | D32: 652 | E32: =D32/B32*100 -> 8.8779956 | F32: 6579 | G32: 6258 | H32: 321 | I32: =H32/F32*100 -> 4.879161 | J32: 5092 | K32: 4973 | L32: 119 | M32: =L32/J32*100 -> 2.3369992 | N32: 2022 | O32: 40 | P32: =D32+H32+L32+O32 -> 1132
A33: 45955 | B33: 7000 | C33: 6360 | D33: 517 | E33: =D33/B33*100 -> 7.3857143 | F33: 7533 | G33: 7508 | H33: 25 | I33: =H33/F33*100 -> 0.33187309 | J33: 6342 | K33: 6322 | L33: 20 | M33: =L33/J33*100 -> 0.31535793 | N33: 4104 | O33: 80 | P33: =D33+H33+L33+O33 -> 642
A34: W. REPORT | B34: =SUM(B27:B33) -> 16645 | C34: =SUM(C27:C33) -> 15027 | D34: =SUM(D27:D33) -> 1300 | E34: =D34/B34*100 -> 7.8101532 | F34: =SUM(F27:F33) -> 17212 | G34: =SUM(G27:G33) -> 16858 | H34: =SUM(H27:H33) -> 354 | I34: =H34/F34*100 -> 2.0567046 | J34: =SUM(J27:J33) -> 14526 | K34: =SUM(K27:K33) -> 14364 | L34: =SUM(L27:L33) -> 162 | M34: =L34/J34*100 -> 1.1152416 | N34: =SUM(N27:N33) -> 6126 | O34: =SUM(O27:O33) -> 120 | P34: =SUM(P27:P33) -> 1936
A35: 45956 | D35: 236 | E35: =D35/B35*100 -> #DIV/0! | I35: =H35/F35*100 -> #DIV/0! | M35: =L35/J35*100 -> #DIV/0! | O35: 315 | P35: =D35+H35+L35+O35 -> 551 | Q35: WEEK 5
A36: 45957 | B36: 6108 | C36: 5500 | D36: 545 | E36: =D36/B36*100 -> 8.9227243 | F36: 7124 | G36: 7109 | H36: 15 | I36: =H36/F36*100 -> 0.21055587 | J36: 7981 | K36: 7928 | L36: 53 | M36: =L36/J36*100 -> 0.66407718 | N36: 3263 | O36: 239 | P36: =D36+H36+L36+O36 -> 852 | Q36: =SUM(B35:B40) -> 40725 | R36: =SUM(P35:P40) -> 14707 | S36: =R36/Q36*100 -> 36.112953
A37: 45958 | B37: 9192 | C37: 8145 | D37: 857 | E37: =D37/B37*100 -> 9.3233246 | F37: 5534 | G37: 5512 | H37: 22 | I37: =H37/F37*100 -> 0.39754246 | J37: 5817 | K37: 5653 | L37: 164 | M37: =L37/J37*100 -> 2.8193227 | N37: 5023 | O37: 401 | P37: =D37+H37+L37+O37 -> 1444
A38: 45959 | B38: 6310 | C38: 5423 | D38: 673 | E38: =D38/B38*100 -> 10.66561 | F38: 5751 | G38: 5706 | H38: 45 | I38: =H38/F38*100 -> 0.78247261 | J38: 5706 | K38: 5746 | L38: 360 | M38: =L38/J38*100 -> 6.3091483 | N38: 4852 | O38: 66 | P38: =D38+H38+L38+O38 -> 1144
A39: 45960 | B39: 9935 | C39: 9234 | D39: 569 | E39: =D39/B39*100 -> 5.727227 | F39: 9314 | G39: 9302 | H39: 12 | I39: =H39/F39*100 -> 0.12883831 | J39: 9303 | K39: 9230 | L39: 73 | M39: =L39/J39*100 -> 0.78469311 | N39: 9322 | O39: 296 | P39: =D39+H39+L39+O39 -> 950
A40: 45961 | B40: 9180 | C40: 8572 | D40: 538 | E40: =D40/B40*100 -> 5.8605664 | F40: 8492 | G40: 8476 | H40: 16 | I40: =H40/F40*100 -> 0.18841262 | J40: 8476 | K40: 8303 | L40: 173 | M40: =L40/J40*100 -> 2.0410571 | N40: 15241 | O40: =391+8648 -> 9039 | P40: =D40+H40+L40+O40 -> 9766
A41: W. REPORT | B41: =SUM(B35:B40) -> 40725 | C41: =SUM(C35:C40) -> 36874 | D41: =SUM(D35:D40) -> 3418 | E41: =D41/B41*100 -> 8.3928791 | F41: =SUM(F35:F40) -> 36215 | G41: =SUM(G35:G40) -> 36105 | H41: =SUM(H35:H40) -> 110 | I41: =H41/F41*100 -> 0.30374154 | J41: =SUM(J35:J40) -> 37283 | K41: =SUM(K35:K40) -> 36860 | L41: =SUM(L35:L40) -> 823 | M41: =L41/J41*100 -> 2.2074404 | N41: =SUM(N35:N40) -> 37701 | O41: =SUM(O35:O40) -> 10356 | P41: =SUM(P35:P40) -> 14707
A42: Total | B42: =B41+B34+B26+B18+B10 -> 187837 | C42: =C41+C34+C26+C18+C10 -> 169289 | D42: =D41+D34+D26+D18+D10 -> 12887 | E42: =E41+E34+E26+E18+E10 -> 34.710461 | F42: =F41+F34+F26+F18+F10 -> 178104 | G42: =G41+G34+G26+G18+G10 -> 175844 | H42: =H41+H34+H26+H18+H10 -> 2709 | I42: =I41+I34+I26+I18+I10 -> 7.5644982 | ... P42: =P41+P34+P26+P18+P10 -> 32679
P43: TOTAL | Q43: =SUM(Q7,Q12,Q20,Q28,Q36) -> 187837 | R43: =SUM(R7,R12,R20,R28,R36) -> 32679 | S43: =R43/Q43*100 -> 17.397531

Sheet NOVEMBER 25
C1: DISPOSAFE HEALTH AND LIFE CARE LIMITED Plot No.37A, Sector-06, Ballabgarh (Faridabad) Haryana India 121006
A3: ASSEMBLY SECTION DAILY REJECTION REPORT FOR NOVEMBER 2025
A4: DATE | B4: EYE PUNCHING QTY | C4: EYE PUNCHING ACPT | D4: REJ QTY | F4: VISUAL QTY | G4: VISUAL ACPT QTY | H4: REJ QTY | I4: REJ % | J4: BALLOON CHKD QTY | K4: BALLOON ACPT QTY | L4: REJ QTY | M4: REJ % | N4: VALVE INT CHKD QTY | O4: VALVE INTY ACPT QTY | P4: VALVE INTY REJ Qty | Q4: REJ % | R4: FINAL CHECKED QTY | S4: FINAL REJECTION | T4: TOTAL REJ QTY | U4: VISUAL CHECKED QTY | V4: VISUAL REJ QTY | W4: VISUAL REJ %
E5: REJ %
A6: 45962 | B6: 13064 | C6: 12894 | D6: 170 | E6: =D6/B6*100 -> 1.301286 | F6: 4262 | G6: 3990 | H6: 110 | I6: =H6/F6*100 -> 2.5809479 | J6: 3064 | K6: 3043 | L6: 21 | M6: =L6/J6*100 -> 0.68537859 | N6: 3043 | O6: 3024 | P6: 19 | Q6: =P6/N6*100 -> 0.62438383 | R6: 3300 | S6: 267 | T6: =D6+H6+L6+P6+S6 -> 587 | U6: WEEK 1
A7: W. REPORT | B7: =SUM(B6:B6) -> 13064 | C7: =SUM(C6:C6) -> 12894 | D7: =SUM(D6:D6) -> 170 | E7: =D7/B7*100 -> 1.301286 | F7: =SUM(F6:F6) -> 4262 | G7: =SUM(G6:G6) -> 3990 | H7: =SUM(H6:H6) -> 110 | I7: =H7/F7*100 -> 2.5809479 | J7: =SUM(J6:J6) -> 3064 | K7: =SUM(K6:K6) -> 3043 | L7: =SUM(L6:L6) -> 21 | M7: =L7/J7*100 -> 0.68537859 | N7: =SUM(N6:N6) -> 3043 | O7: =SUM(O6:O6) -> 3024 | P7: =SUM(P6:P6) -> 19 | Q7: =P7/N7*100 -> 0.62438383 | R7: =SUM(R6:R6) -> 3300 | S7: =SUM(S6:S6) -> 267 | T7: =SUM(T6:T6) -> 587 | U7: =B7+B15 -> 93343 | V7: =SUM(T6,T8:T14) -> 6584 | W7: =V7/U7*100 -> 7.0535552
A8: 45963 | F8: 3869 | G8: 3622 | H8: 103 | I8: =H8/F8*100 -> 2.6621866 | J8: 4110 | K8: 4081 | L8: 29 | M8: =L8/J8*100 -> 0.70559611 | N8: 4081 | O8: 4060 | P8: 21 | Q8: =P8/N8*100 -> 0.51457976 | R8: 2389 | S8: 108 | T8: =D8+H8+L8+P8+S8 -> 261
A9: 45964 | B9: 13029 | C9: 12905 | D9: 124 | E9: =D9/B9*100 -> 0.95172308 | F9: 7058 | G9: 6771 | H9: 213 | I9: =H9/F9*100 -> 3.0178521 | J9: 6681 | K9: 6670 | L9: 11 | M9: =L9/J9*100 -> 0.16464601 | N9: 6670 | O9: 6650 | P9: 20 | Q9: =P9/N9*100 -> 0.29985007 | R9: 4263 | S9: 207 | T9: =D9+H9+L9+P9+S9 -> 575
A10: 45965 | B10: 13439 | C10: 13224 | D10: 215 | E10: =D10/B10*100 -> 1.5998214 | F10: 11014 | G10: 10786 | H10: 133 | I10: =H10/F10*100 -> 1.207554 | J10: 10796 | K10: 10751 | L10: 45 | M10: =L10/J10*100 -> 0.41682104 | N10: 10751 | O10: 10709 | P10: 42 | Q10: =P10/N10*100 -> 0.39066133 | R10: 15214 | S10: 311 | T10: =D10+H10+L10+P10+S10 -> 746
A11: 45966 | B11: 13470 | C11: 13262 | D11: 208 | E11: =D11/B11*100 -> 1.5441722 | F11: 12059 | G11: 11641 | H11: 279 | I11: =H11/F11*100 -> 2.3136247 | J11: 8738 | K11: 8712 | L11: 26 | M11: =L11/J11*100 -> 0.29755093 | N11: 8712 | O11: 8702 | P11: 10 | Q11: =P11/N11*100 -> 0.11478421 | R11: 8859 | S11: 250 | T11: =D11+H11+L11+P11+S11 -> 773
A12: 45967 | B12: 13459 | C12: 13287 | D12: 172 | E12: =D12/B12*100 -> 1.2779553 | F12: 9759 | G12: 8787 | H12: 830 | I12: =H12/F12*100 -> 8.5049698 | J12: 8862 | K12: 8843 | L12: 19 | M12: =L12/J12*100 -> 0.21439856 | N12: 8843 | O12: 8820 | P12: 23 | Q12: =P12/N12*100 -> 0.26009273 | R12: 8760 | S12: 160 | T12: =D12+H12+L12+P12+S12 -> 1204
A13: 45968 | B13: 13431 | C13: 13240 | D13: 191 | E13: =D13/B13*100 -> 1.4220832 | F13: 11511 | G13: 10932 | H13: 466 | I13: =H13/F13*100 -> 4.0483016 | J13: 11854 | K13: 11833 | L13: 21 | M13: =L13/J13*100 -> 0.17715539 | N13: 11833 | O13: 11800 | P13: 33 | Q13: =P13/N13*100 -> 0.2788811 | R13: 8746 | S13: 540 | T13: =D13+H13+L13+P13+S13 -> 1251
A14: 45969 | B14: 13451 | C14: 13267 | D14: 184 | E14: =D14/B14*100 -> 1.367928 | F14: 6499 | G14: 6154 | H14: 262 | I14: =H14/F14*100 -> 4.0313894 | J14: 7646 | K14: 7554 | L14: 92 | M14: =L14/J14*100 -> 1.2032435 | N14: 7554 | O14: 7463 | P14: 91 | Q14: =P14/N14*100 -> 1.2046598 | R14: 7038 | S14: 558 | T14: =D14+H14+L14+P14+S14 -> 1187
A15: W. REPORT | B15: =SUM(B8:B14) -> 80279 | C15: =SUM(C8:C14) -> 79185 | D15: =SUM(D8:D14) -> 1094 | E15: =D15/B15*100 -> 1.3627474 | F15: =SUM(F8:F14) -> 61769 | G15: =SUM(G8:G14) -> 58693 | H15: =SUM(H8:H14) -> 2286 | I15: =H15/F15*100 -> 3.7008856 | J15: =SUM(J8:J14) -> 58687 | K15: =SUM(K8:K14) -> 58444 | L15: =SUM(L8:L14) -> 243 | M15: =L15/J15*100 -> 0.41406104 | N15: =SUM(N8:N14) -> 58444 | O15: =SUM(O8:O14) -> 58204 | P15: =SUM(P8:P14) -> 240 | Q15: =P15/N15*100 -> 0.41064951 | R15: =SUM(R8:R14) -> 55269 | S15: =SUM(S8:S14) -> 2134 | T15: =SUM(T8:T14) -> 5997
A16: 45970 | I16: =H16/F16*100 -> #DIV/0! | M16: =L16/J16*100 -> #DIV/0! | Q16: =P16/N16*100 -> #DIV/0! | T16: =H16+L16+P16+S16 -> 0 | U16: WEEK 2
A17: 45971 | B17: 13440 | C17: 13162 | D17: 278 | E17: =D17/B17*100 -> 2.0684524 | F17: 6696 | G17: 6041 | H17: 565 | I17: =H17/F17*100 -> 8.4378734 | J17: 6315 | K17: 6063 | L17: 252 | M17: =L17/J17*100 -> 3.9904988 | N17: 6063 | O17: 5885 | P17: 178 | Q17: =P17/N17*100 -> 2.9358403 | R17: 3320 | S17: 115 | T17: =D17+H17+L17+P17+S17 -> 1388 | U17: =B23 -> 73900 | V17: =SUM(T16:T22) -> 7122 | W17: =V17/U17*100 -> 9.6373478
A18: 45972 | B18: 12129 | C18: 11870 | D18: 259 | E18: =D18/B18*100 -> 2.135378 | F18: 5871 | G18: 5313 | H18: 309 | I18: =H18/F18*100 -> 5.2631579 | J18: 5600 | K18: 5095 | L18: 500 | M18: =L18/J18*100 -> 8.9285714 | N18: 5095 | O18: 4834 | P18: 311 | Q18: =P18/N18*100 -> 6.1040236 | R18: 12572 | S18: 540 | T18: =D18+H18+L18+P18+S18 -> 1919
A19: 45973 | B19: 12159 | C19: 11910 | D19: 249 | E19: =D19/B19*100 -> 2.0478658 | F19: 11542 | G19: 11555 | H19: 311 | I19: =H19/F19*100 -> 2.694507 | J19: 7442 | K19: 7438 | L19: 4 | M19: =L19/J19*100 -> 0.053748992 | N19: 7438 | O19: 7360 | P19: 78 | Q19: =P19/N19*100 -> 1.048669 | R19: 15628 | S19: 306 | T19: =D19+H19+L19+P19+S19 -> 948
A20: 45974 | B20: 11888 | C20: 11597 | D20: 291 | E20: =D20/B20*100 -> 2.4478466 | F20: 7620 | G20: 7354 | H20: 206 | I20: =H20/F20*100 -> 2.7034121 | J20: 7475 | K20: 7466 | L20: 9 | M20: =L20/J20*100 -> 0.12040134 | N20: 7466 | O20: 7338 | P20: 128 | Q20: =P20/N20*100 -> 1.7144388 | R20: 7342 | S20: 165 | T20: =D20+H20+L20+P20+S20 -> 799
A21: 45975 | B21: 12088 | C21: 11780 | D21: 308 | E21: =D21/B21*100 -> 2.5479815 | F21: 9028 | G21: 8482 | H21: 459 | I21: =H21/F21*100 -> 5.0841825 | J21: 8216 | K21: 7965 | L21: 251 | M21: =L21/J21*100 -> 3.0550146 | N21: 7965 | O21: 7709 | P21: 256 | Q21: =P21/N21*100 -> 3.2140615 | R21: 7415 | S21: 90 | T21: =D21+H21+L21+P21+S21 -> 1364
A22: 45976 | B22: 12196 | C22: 12048 | D22: 148 | E22: =D22/B22*100 -> 1.2135126 | F22: 8076 | G22: 7732 | H22: 323 | I22: =H22/F22*100 -> 3.9995047 | J22: 9661 | K22: 9637 | L22: 24 | M22: =L22/J22*100 -> 0.24842149 | N22: 9637 | O22: 9533 | P22: 104 | Q22: =P22/N22*100 -> 1.079174 | R22: 10433 | S22: 105 | T22: =D22+H22+L22+P22+S22 -> 704
A23: W. REPORT | B23: =SUM(B16:B22) -> 73900 | C23: =SUM(C16:C22) -> 72367 | D23: =SUM(D16:D22) -> 1533 | E23: =D23/B23*100 -> 2.0744249 | F23: =SUM(F16:F22) -> 48833 | G23: =SUM(G16:G22) -> 46477 | H23: =SUM(H16:H22) -> 2173 | I23: =H23/F23*100 -> 4.4498597 | J23: =SUM(J16:J22) -> 44709 | K23: =SUM(K16:K22) -> 43664 | L23: =SUM(L16:L22) -> 1040 | M23: =L23/J23*100 -> 2.3261536 | N23: =SUM(N16:N22) -> 43664 | O23: =SUM(O16:O22) -> 42659 | P23: =SUM(P16:P22) -> 1055 | Q23: =P23/N23*100 -> 2.4161781 | R23: =SUM(R16:R22) -> 56710 | S23: =SUM(S16:S22) -> 1321 | T23: =SUM(T16:T22) -> 7122
A24: 45977 | I24: =H24/F24*100 -> #DIV/0! | M24: =L24/J24*100 -> #DIV/0! | Q24: =P24/N24*100 -> #DIV/0! | R24: 8090 | S24: 137 | T24: =H24+L24+P24+S24 -> 137 | U24: WEEK 3
A25: 45978 | B25: 12154 | C25: 11884 | D25: 270 | E25: =D25/B25*100 -> 2.2214909 | F25: 5555 | G25: 5267 | H25: 203 | I25: =H25/F25*100 -> 3.6543654 | J25: 10482 | K25: 10434 | L25: 48 | M25: =L25/J25*100 -> 0.45792788 | N25: 10434 | O25: 10337 | P25: 97 | Q25: =P25/N25*100 -> 0.92965306 | R25: 4888 | S25: 219 | T25: =D25+H25+L25+P25+S25 -> 837 | U25: =B31 -> 76351 | V25: =SUM(T24:T30) -> 12481 | W25: =V25/U25*100 -> 16.346872
A26: 45979 | B26: 12215 | C26: 12023 | D26: 192 | E26: =D26/B26*100 -> 1.5718379 | F26: 8285 | G26: 7718 | H26: 367 | I26: =H26/F26*100 -> 4.4296922 | J26: 10449 | K26: 10437 | L26: 12 | M26: =L26/J26*100 -> 0.11484353 | N26: 10437 | O26: 10390 | P26: 47 | Q26: =P26/N26*100 -> 0.45032097 | R26: 5552 | S26: 186 | T26: =D26+H26+L26+P26+S26 -> 804
A27: 45980 | B27: 12995 | C27: 12758 | D27: 237 | E27: =D27/B27*100 -> 1.8237784 | F27: 11372 | G27: 10881 | H27: 425 | I27: =H27/F27*100 -> 3.7372494 | J27: 11093 | K27: 11074 | L27: 19 | M27: =L27/J27*100 -> 0.17127919 | N27: 11074 | O27: 11027 | P27: 47 | Q27: =P27/N27*100 -> 0.42441755 | R27: 7697 | S27: 240 | T27: =D27+H27+L27+P27+S27 -> 968
A28: 45981 | B28: 13030 | C28: 12766 | D28: 264 | E28: =D28/B28*100 -> 2.0260936 | F28: 10854 | G28: 10445 | H28: 310 | I28: =H28/F28*100 -> 2.8560899 | J28: 10233 | K28: 10226 | L28: 7 | M28: =L28/J28*100 -> 0.068406137 | N28: 10233 | O28: 10208 | P28: 25 | Q28: =P28/N28*100 -> 0.24430763 | R28: 9042 | S28: 120 | T28: =D28+H28+L28+P28+S28 -> 726
A29: 45982 | B29: 12937 | C29: 12749 | D29: 6458 | E29: =D29/B29*100 -> 49.918837 | F29: 9075 | G29: 7928 | H29: 1051 | I29: =H29/F29*100 -> 11.581267 | J29: 8584 | K29: 8566 | L29: 18 | M29: =L29/J29*100 -> 0.20969245 | N29: 8566 | O29: 8503 | P29: 63 | Q29: =P29/N29*100 -> 0.7354658 | R29: 6675 | S29: 269 | T29: =D29+H29+L29+P29+S29 -> 7859
A30: 45983 | B30: 13020 | C30: 12777 | D30: 243 | E30: =D30/B30*100 -> 1.8663594 | F30: 4959 | G30: 4382 | H30: 528 | I30: =H30/F30*100 -> 10.647308 | J30: 4382 | K30: 4367 | L30: 15 | M30: =L30/J30*100 -> 0.34230945 | N30: 4367 | O30: 4262 | P30: 105 | Q30: =P30/N30*100 -> 2.4043966 | R30: 6518 | S30: 259 | T30: =D30+H30+L30+P30+S30 -> 1150
A31: W. REPORT | B31: =SUM(B24:B30) -> 76351 | C31: =SUM(C24:C30) -> 74957 | D31: =SUM(D24:D30) -> 7664 | E31: =D31/B31*100 -> 10.037852 | F31: =SUM(F24:F30) -> 50100 | G31: =SUM(G24:G30) -> 46621 | H31: =SUM(H24:H30) -> 2884 | I31: =H31/F31*100 -> 5.756487 | J31: =SUM(J24:J30) -> 55223 | K31: =SUM(K24:K30) -> 55104 | L31: =SUM(L24:L30) -> 119 | M31: =L31/J31*100 -> 0.21548992 | N31: =SUM(N24:N30) -> 55111 | O31: =SUM(O24:O30) -> 54727 | P31: =SUM(P24:P30) -> 384 | Q31: =P31/N31*100 -> 0.6967756 | R31: =SUM(R24:R30) -> 48462 | S31: =SUM(S24:S30) -> 1430 | T31: =SUM(T24:T30) -> 12481
A32: 45984 | I32: =H32/F32*100 -> #DIV/0! | M32: =L32/J32*100 -> #DIV/0! | Q32: =P32/N32*100 -> #DIV/0! | T32: =H32+L32+P32+S32 -> 0 | U32: WEEK 4
A33: 45985 | B33: 12949 | C33: 12751 | D33: 198 | E33: =D33/B33*100 -> 1.5290756 | F33: 4895 | G33: 4457 | H33: 391 | I33: =H33/F33*100 -> 7.9877426 | J33: 4457 | K33: 4431 | L33: 26 | M33: =L33/J33*100 -> 0.58335203 | N33: 4431 | O33: 4396 | P33: 35 | Q33: =P33/N33*100 -> 0.78988942 | R33: 4237 | S33: 44 | T33: =D33+H33+L33+P33+S33 -> 694 | U33: =B39 -> 76447 | V33: =SUM(T32:T38) -> 7222 | W33: =V33/U33*100 -> 9.4470679
A34: 45986 | B34: 11901 | C34: 11663 | D34: 238 | E34: =D34/B34*100 -> 1.9998319 | F34: 3679 | G34: 3159 | H34: 475 | I34: =H34/F34*100 -> 12.911117 | J34: 3159 | K34: 3144 | L34: 15 | M34: =L34/J34*100 -> 0.47483381 | N34: 3144 | O34: 3117 | P34: 27 | Q34: =P34/N34*100 -> 0.85877863 | R34: 6327 | S34: 129 | T34: =D34+H34+L34+P34+S34 -> 884
A35: 45987 | B35: 12933 | C35: 12677 | D35: 256 | E35: =D35/B35*100 -> 1.9794325 | F35: 4594 | G35: 4012 | H35: 365 | I35: =H35/F35*100 -> 7.9451458 | J35: 4012 | K35: 3987 | L35: 25 | M35: =L35/J35*100 -> 0.62313061 | N35: 3987 | O35: 3941 | P35: 46 | Q35: =P35/N35*100 -> 1.1537497 | R35: 0 | S35: 0 | T35: =D35+H35+L35+P35+S35 -> 692
A36: 45988 | B36: 12898 | C36: 12656 | D36: 242 | E36: =D36/B36*100 -> 1.8762599 | F36: 8704 | G36: 7900 | H36: 753 | I36: =H36/F36*100 -> 8.6511949 | J36: 7900 | K36: 7834 | L36: 66 | M36: =L36/J36*100 -> 0.83544304 | N36: 7834 | O36: 7782 | P36: 52 | Q36: =P36/N36*100 -> 0.6637733 | R36: 5644 | S36: 434 | T36: =D36+H36+L36+P36+S36 -> 1547
A37: 45989 | B37: 12941 | C37: 12707 | D37: 234 | E37: =D37/B37*100 -> 1.8082065 | F37: 8004 | G37: 7234 | H37: 648 | I37: =H37/F37*100 -> 8.095952 | J37: 8234 | K37: 7899 | L37: 335 | M37: =L37/J37*100 -> 4.0684965 | N37: 6643 | O37: 6603 | P37: 40 | Q37: =P37/N37*100 -> 0.60213759 | R37: 6185 | S37: 497 | T37: =D37+H37+L37+P37+S37 -> 1754
A38: 45990 | B38: 12825 | C38: 12578 | D38: 247 | E38: =D38/B38*100 -> 1.9259259 | F38: 12117 | G38: 10855 | H38: 1121 | I38: =H38/F38*100 -> 9.2514649 | J38: 9578 | K38: 9557 | L38: 21 | M38: =L38/J38*100 -> 0.21925245 | N38: 10814 | O38: 10704 | P38: 110 | Q38: =P38/N38*100 -> 1.0171999 | R38: 1590 | S38: 152 | T38: =D38+H38+L38+P38+S38 -> 1651
A39: W. REPORT | B39: =SUM(B32:B38) -> 76447 | C39: =SUM(C32:C38) -> 75032 | D39: =SUM(D32:D38) -> 1415 | E39: =D39/B39*100 -> 1.8509556 | F39: =SUM(F32:F38) -> 41993 | G39: =SUM(G32:G38) -> 37617 | H39: =SUM(H32:H38) -> 3753 | I39: =H39/F39*100 -> 8.9372038 | J39: =SUM(J32:J38) -> 37340 | K39: =SUM(K32:K38) -> 36852 | L39: =SUM(L32:L38) -> 488 | M39: =L39/J39*100 -> 1.3069095 | N39: =SUM(N32:N38) -> 36853 | O39: =SUM(O32:O38) -> 36543 | P39: =SUM(P32:P38) -> 310 | Q39: =P39/N39*100 -> 0.84117982 | R39: =SUM(R32:R38) -> 23983 | S39: =SUM(S32:S38) -> 1256 | T39: =SUM(T32:T38) -> 7222
A40: 45991 | I40: =H40/F40*100 -> #DIV/0! | M40: =L40/J40*100 -> #DIV/0! | Q40: =P40/N40*100 -> #DIV/0! | T40: =H40+L40+P40+S40 -> 0
A41: Total | B41: =B39+B31+B23+B15+B7 -> 320041 | C41: =C39+C31+C23+C15+C7 -> 314435 | D41: =D39+D31+D23+D15+D7 -> 11876 | E41: =D41/B41*100 -> 3.7107746 | F41: =F39+F31+F23+F15+F7 -> 206957 | G41: =G39+G31+G23+G15+G7 -> 193398 | H41: =H39+H31+H23+H15+H7 -> 11206 | I41: =H41/F41*100 -> 5.4146514 | J41: =J39+J31+J23+J15+J7 -> 199023 | K41: =K39+K31+K23+K15+K7 -> 197107 | L41: =L39+L31+L23+L15+L7 -> 1911 | M41: =L41/J41*100 -> 0.96019053 | N41: =N39+N31+N23+N15+N7 -> 197115 | O41: =O39+O31+O23+O15+O7 -> 195157 | P41: =P39+P31+P23+P15+P7 -> 2008 | Q41: =P41/N41*100 -> 1.0186947 | R41: =R39+R31+R23+R15+R7 -> 187724 | S41: =S39+S31+S23+S15+S7 -> 6408 | T41: =T39+T31+T23+T15+T7 -> 33409
T42: TOTAL | U42: =B41 -> 320041 | V42: =T41 -> 33409 | W42: =V42/U42*100 -> 10.438975

Sheet DECEMBER 25
C1: DISPOSAFE HEALTH AND LIFE CARE LIMITED Plot No.37A, Sector-06, Ballabgarh (Faridabad) Haryana India 121006
A3: ASSEMBLY SECTION DAILY REJECTION REPORT FOR DECEMBER 2025
A4: DATE | B4: EYE PUNCHING QTY | C4: EYE PUNCHING ACPT | D4: REJ QTY | F4: VISUAL QTY | G4: VISUAL ACPT QTY | H4: REJ QTY | I4: REJ % | J4: BALLOON CHKD QTY | K4: BALLOON ACPT QTY | L4: REJ QTY | M4: REJ % | N4: VALVE INT CHKD QTY | O4: VALVE INTY ACPT QTY | P4: VALVE INTY REJ Qty | Q4: REJ % | R4: FINAL CHECKED QTY | S4: FINAL REJECTION | T4: TOTAL REJ QTY | U4: VISUAL CHECKED QTY | V4: VISUAL REJ QTY | W4: VISUAL REJ %
E5: REJ %
A6: 45992 | B6: 12968 | C6: 12703 | D6: =B6-C6 -> 265 | E6: =D6/B6*100 -> 2.0434917 | F6: 6742 | G6: 5826 | H6: 824 | I6: =H6/F6*100 -> 12.221893 | J6: 5518 | K6: 5274 | L6: 244 | M6: =L6/J6*100 -> 4.421892 | N6: 5276 | O6: 5177 | P6: 99 | Q6: =P6/N6*100 -> 1.8764215 | R6: 5806 | S6: 639 | T6: =D6+H6+L6+P6+S6 -> 2071 | U6: WEEK 1
A7: 45993 | B7: 10431 | C7: 10252 | D7: =B7-C7 -> 179 | E7: =D7/B7*100 -> 1.7160387 | F7: 6368 | G7: 5785 | H7: 499 | I7: =H7/F7*100 -> 7.8360553 | J7: 4946 | K7: 4842 | L7: 104 | M7: =L7/J7*100 -> 2.1027093 | N7: 6488 | O7: 6358 | P7: 130 | Q7: =P7/N7*100 -> 2.0036991 | R7: 3045 | S7: 232 | T7: =D7+H7+L7+P7+S7 -> 1144 | U7: =B12 -> 78479 | V7: =T12 -> 7543 | W7: =V7/U7*100 -> 9.6114884
A8: 45994 | B8: 11491 | C8: 11209 | D8: =B8-C8 -> 282 | E8: =D8/B8*100 -> 2.4540945 | F8: 0 | G8: 0 | H8: 0 | I8: =H8/F8*100 -> #DIV/0! | J8: 0 | K8: 0 | L8: 0 | M8: =L8/J8*100 -> #DIV/0! | N8: 0 | O8: 0 | P8: 0 | Q8: =P8/N8*100 -> #DIV/0! | R8: 11165 | S8: 168 | T8: =D8+H8+L8+P8+S8 -> 450
A9: 45995 | B9: 14130 | C9: 13931 | D9: =B9-C9 -> 199 | E9: =D9/B9*100 -> 1.408351 | F9: 4174 | G9: 3527 | H9: 423 | I9: =H9/F9*100 -> 10.134164 | J9: 5882 | K9: 5805 | L9: 77 | M9: =L9/J9*100 -> 1.3090785 | N9: 5805 | O9: 5745 | P9: 60 | Q9: =P9/N9*100 -> 1.0335917 | R9: 8246 | S9: 444 | T9: =D9+H9+L9+P9+S9 -> 1203
A10: 45996 | B10: 14902 | C10: 14689 | D10: =B10-C10 -> 213 | E10: =D10/B10*100 -> 1.4293383 | F10: 7237 | G10: 5946 | H10: 936 | I10: =H10/F10*100 -> 12.933536 | J10: 6903 | K10: 6887 | L10: 16 | M10: =L10/J10*100 -> 0.23178328 | N10: 6889 | O10: 6812 | P10: 87 | Q10: =P10/N10*100 -> 1.2628829 | R10: 5064 | S10: 153 | T10: =D10+H10+L10+P10+S10 -> 1405
A11: 45997 | B11: 14557 | C11: 14272 | D11: =B11-C11 -> 285 | E11: =D11/B11*100 -> 1.957821 | F11: 9097 | G11: 7793 | H11: 821 | I11: =H11/F11*100 -> 9.0249533 | J11: 7635 | K11: 7608 | L11: 27 | M11: =L11/J11*100 -> 0.35363458 | N11: 7608 | O11: 7573 | P11: 35 | Q11: =P11/N11*100 -> 0.46004206 | R11: 6537 | S11: 102 | T11: =D11+H11+L11+P11+S11 -> 1270
A12: W. REPORT | B12: =SUM(B6:B11) -> 78479 | C12: =SUM(C6:C11) -> 77056 | D12: =SUM(D6:D11) -> 1423 | E12: =D12/B12*100 -> 1.8132239 | F12: =SUM(F6:F11) -> 33618 | G12: =SUM(G6:G11) -> 28877 | H12: =SUM(H6:H11) -> 3503 | I12: =H12/F12*100 -> 10.420013 | J12: =SUM(J6:J11) -> 30884 | K12: =SUM(K6:K11) -> 30416 | L12: =SUM(L6:L11) -> 468 | M12: =L12/J12*100 -> 1.5153478 | N12: =SUM(N6:N11) -> 32066 | O12: =SUM(O6:O11) -> 31665 | P12: =SUM(P6:P11) -> 411 | Q12: =P12/N12*100 -> 1.2817314 | R12: =SUM(R6:R11) -> 39863 | S12: =SUM(S6:S11) -> 1738 | T12: =SUM(T6:T11) -> 7543
A13: 45998 | I13: =H13/F13*100 -> #DIV/0! | M13: =L13/J13*100 -> #DIV/0! | Q13: =P13/N13*100 -> #DIV/0! | T13: =D13+H13+L13+P13+S13 -> 0 | U13: WEEK 2
A14: 45999 | B14: 13401 | C14: 13177 | D14: =B14-C14 -> 224 | E14: =D14/B14*100 -> 1.6715171 | F14: 12238 | G14: 11521 | H14: 564 | I14: =H14/F14*100 -> 4.6085962 | J14: 10297 | K14: 10292 | L14: 5 | M14: =L14/J14*100 -> 0.048557832 | N14: 10292 | O14: 1024 | P14: 52 | Q14: =P14/N14*100 -> 0.50524679 | R14: 8037 | S14: 373 | T14: =D14+H14+L14+P14+S14 -> 1218 | U14: =B20 -> 85685 | V14: =T20 -> 22389 | W14: =V14/U14*100 -> 26.129428
A15: 46000 | B15: 14139 | C15: 13940 | D15: 2759 | E15: =D15/B15*100 -> 19.513403 | F15: 8714 | G15: 7840 | H15: 650 | I15: =H15/F15*100 -> 7.459261 | J15: 9562 | K15: 9533 | L15: 25 | M15: =L15/J15*100 -> 0.26145158 | N15: 9549 | O15: 9488 | P15: 61 | Q15: =P15/N15*100 -> 0.63881035 | R15: 10712 | S15: 151 | T15: =D15+H15+L15+P15+S15 -> 3646
A16: 46001 | B16: 14765 | C16: 14551 | D16: =B16-C16 -> 214 | E16: =D16/B16*100 -> 1.4493735 | F16: 8310 | G16: 7969 | H16: 190 | I16: =H16/F16*100 -> 2.2864019 | J16: 8019 | K16: 8012 | L16: 7 | M16: =L16/J16*100 -> 0.08729268 | N16: 8012 | O16: 7822 | P16: 190 | Q16: =P16/N16*100 -> 2.3714428 | R16: 13436 | S16: 159 | T16: =D16+H16+L16+P16+S16 -> 760
A17: 46002 | B17: 14131 | C17: 13997 | D17: 144 | E17: =D17/B17*100 -> 1.0190362 | F17: 5994 | G17: 5262 | H17: 301 | I17: =H17/F17*100 -> 5.0216884 | J17: 6369 | K17: 6300 | L17: 69 | M17: =L17/J17*100 -> 1.0833726 | N17: 6122 | O17: 4797 | P17: 625 | Q17: =P17/N17*100 -> 10.209082 | R17: 10794 | S17: 143 | T17: =D17+H17+L17+P17+S17 -> 1282
A18: 46003 | B18: 15032 | C18: 14867 | D18: 13417 | E18: =D18/B18*100 -> 89.256253 | F18: 12012 | G18: 11308 | H18: 524 | I18: =H18/F18*100 -> 4.3623044 | J18: 10454 | K18: 10440 | L18: 14 | M18: =L18/J18*100 -> 0.13392003 | N18: 10618 | O18: 10049 | P18: 269 | Q18: =P18/N18*100 -> 2.5334338 | R18: 9022 | S18: 102 | T18: =D18+H18+L18+P18+S18 -> 14326
A19: 46004 | B19: 14217 | C19: 14030 | D19: =B19-C19 -> 187 | E19: =D19/B19*100 -> 1.3153267 | F19: 12103 | G19: 11193 | H19: 541 | I19: =H19/F19*100 -> 4.4699661 | J19: 11183 | K19: 11161 | L19: 21 | M19: =L19/J19*100 -> 0.18778503 | N19: 11161 | O19: 11026 | P19: 83 | Q19: =P19/N19*100 -> 0.74366096 | R19: 12664 | S19: 325 | T19: =D19+H19+L19+P19+S19 -> 1157
A20: W. REPORT | B20: =SUM(B13:B19) -> 85685 | C20: =SUM(C13:C19) -> 84562 | D20: =SUM(D13:D19) -> 16945 | E20: =D20/B20*100 -> 19.775923 | F20: =SUM(F13:F19) -> 59371 | G20: =SUM(G13:G19) -> 55093 | H20: =SUM(H13:H19) -> 2770 | I20: =H20/F20*100 -> 4.6655775 | J20: =SUM(J13:J19) -> 55884 | K20: =SUM(K13:K19) -> 55738 | L20: =SUM(L13:L19) -> 141 | M20: =L20/J20*100 -> 0.25230835 | N20: =SUM(N13:N19) -> 55754 | O20: =SUM(O13:O19) -> 44206 | P20: =SUM(P13:P19) -> 1280 | Q20: =P20/N20*100 -> 2.2957994 | R20: =SUM(R13:R19) -> 64665 | S20: =SUM(S13:S19) -> 1253 | T20: =SUM(T13:T19) -> 22389
A21: 46005 | I21: =H21/F21*100 -> #DIV/0! | M21: =L21/J21*100 -> #DIV/0! | Q21: =P21/N21*100 -> #DIV/0! | T21: =H21+L21+P21+S21 -> 0 | U21: WEEK 3
A22: 46006 | B22: 14987 | C22: 14788 | D22: =B22-C22 -> 199 | E22: =D22/B22*100 -> 1.3278174 | F22: 9819 | G22: 8501 | H22: 905 | I22: =H22/F22*100 -> 9.2168245 | J22: 9323 | K22: 9304 | L22: 19 | M22: =L22/J22*100 -> 0.20379706 | N22: 8547 | O22: 8318 | P22: 193 | Q22: =P22/N22*100 -> 2.2581023 | R22: 8392 | S22: 93 | T22: =D22+H22+L22+P22+S22 -> 1409 | U22: =B28 -> 87677 | V22: =SUM(T28) -> 11706 | W22: =V22/U22*100 -> 13.351278
A23: 46007 | B23: 14522 | C23: 14350 | D23: =B23-C23 -> 172 | E23: =D23/B23*100 -> 1.1844099 | F23: 10616 | G23: 10355 | H23: 211 | I23: =H23/F23*100 -> 1.9875659 | J23: 10355 | K23: 10334 | L23: 21 | M23: =L23/J23*100 -> 0.20280058 | N23: 11844 | O23: 11680 | P23: 138 | Q23: =P23/N23*100 -> 1.1651469 | R23: 18142 | S23: 446 | T23: =D23+H23+L23+P23+S23 -> 988
A24: 46008 | B24: 14543 | C24: 14208 | D24: =B24-C24 -> 335 | E24: =D24/B24*100 -> 2.3035137 | F24: 18552 | G24: 17458 | H24: 733 | I24: =H24/F24*100 -> 3.9510565 | J24: 12450 | K24: 12418 | L24: 30 | M24: =L24/J24*100 -> 0.24096386 | N24: 8419 | O24: 8032 | P24: 114 | Q24: =P24/N24*100 -> 1.3540801 | R24: 11832 | S24: 455 | T24: =D24+H24+L24+P24+S24 -> 1667
A25: 46009 | B25: 14541 | C25: 14368 | D25: =B25-C25 -> 173 | E25: =D25/B25*100 -> 1.1897394 | F25: 11312 | G25: 10295 | H25: 271 | I25: =H25/F25*100 -> 2.395686 | J25: 12431 | K25: 12419 | L25: 12 | M25: =L25/J25*100 -> 0.096532861 | N25: 13447 | O25: 12232 | P25: 1215 | Q25: =P25/N25*100 -> 9.0354726 | R25: 9702 | S25: 618 | T25: =D25+H25+L25+P25+S25 -> 2289
A26: 46010 | B26: 14542 | C26: 14328 | D26: =B26-C26 -> 214 | E26: =D26/B26*100 -> 1.4715995 | F26: 17524 | G26: 16477 | H26: 530 | I26: =H26/F26*100 -> 3.0244236 | J26: 12453 | K26: 12413 | L26: 40 | M26: =L26/J26*100 -> 0.32120774 | N26: 10466 | O26: 8715 | P26: 1745 | Q26: =P26/N26*100 -> 16.673036 | R26: 12477 | S26: 90 | T26: =D26+H26+L26+P26+S26 -> 2619
A27: 46011 | B27: 14542 | C27: 14346 | D27: =B27-C27 -> 196 | E27: =D27/B27*100 -> 1.3478201 | F27: 9560 | G27: 8974 | H27: 344 | I27: =H27/F27*100 -> 3.5983264 | J27: 14969 | K27: 14950 | L27: 19 | M27: =L27/J27*100 -> 0.12692899 | N27: 15537 | O27: 13575 | P27: 1962 | Q27: =P27/N27*100 -> 12.62792 | R27: 17361 | S27: 213 | T27: =D27+H27+L27+P27+S27 -> 2734
A28: W. REPORT | B28: =SUM(B21:B27) -> 87677 | C28: =SUM(C21:C27) -> 86388 | D28: =SUM(D21:D27) -> 1289 | E28: =D28/B28*100 -> 1.4701689 | F28: =SUM(F21:F27) -> 77383 | G28: =SUM(G21:G27) -> 72060 | H28: =SUM(H21:H27) -> 2994 | I28: =H28/F28*100 -> 3.8690668 | J28: =SUM(J21:J27) -> 71981 | K28: =SUM(K21:K27) -> 71838 | L28: =SUM(L21:L27) -> 141 | M28: =L28/J28*100 -> 0.19588503 | N28: =SUM(N21:N27) -> 68260 | O28: =SUM(O21:O27) -> 62552 | P28: =SUM(P21:P27) -> 5367 | Q28: =P28/N28*100 -> 7.8625842 | R28: =SUM(R21:R27) -> 77906 | S28: =SUM(S21:S27) -> 1915 | T28: =SUM(T21:T27) -> 11706
A29: 46012 | I29: =H29/F29*100 -> #DIV/0! | M29: =L29/J29*100 -> #DIV/0! | Q29: =P29/N29*100 -> #DIV/0! | T29: =H29+L29+P29+S29 -> 0 | U29: WEEK 4
A30: 46013 | B30: 14577 | C30: 14289 | D30: =B30-C30 -> 288 | E30: =D30/B30*100 -> 1.9757152 | F30: 19600 | G30: 15385 | H30: 605 | I30: =H30/F30*100 -> 3.0867347 | J30: 12172 | K30: 12165 | L30: 7 | M30: =L30/J30*100 -> 0.057509037 | N30: 10000 | O30: 8407 | P30: 1593 | Q30: =P30/N30*100 -> 15.93 | R30: 11800 | S30: 85 | T30: =D30+H30+L30+P30+S30 -> 2578 | U30: =B36 -> 85562 | V30: =SUM(T36) -> 19615 | W30: =V30/U30*100 -> 22.924897
A31: 46014 | B31: 14531 | C31: 14287 | D31: =B31-C31 -> 244 | E31: =D31/B31*100 -> 1.6791687 | F31: 19123 | G31: 17919 | H31: 646 | I31: =H31/F31*100 -> 3.378131 | J31: 15112 | K31: 15107 | L31: 5 | M31: =L31/J31*100 -> 0.033086289 | N31: 15615 | O31: 13123 | P31: 2492 | Q31: =P31/N31*100 -> 15.959014 | R31: 7667 | S31: 30 | T31: =D31+H31+L31+P31+S31 -> 3417
A32: 46015 | B32: 13391 | C32: 13119 | D32: =B32-C32 -> 272 | E32: =D32/B32*100 -> 2.031215 | F32: 19044 | G32: 15749 | H32: 647 | I32: =H32/F32*100 -> 3.3973955 | J32: 14559 | K32: 14529 | L32: 30 | M32: =L32/J32*100 -> 0.20605811 | N32: 15790 | O32: 11969 | P32: 3827 | Q32: =P32/N32*100 -> 24.236859 | R32: 9414 | S32: 27 | T32: =D32+H32+L32+P32+S32 -> 4803
A33: 46016 | B33: 14786 | C33: 14583 | D33: =B33-C33 -> 203 | E33: =D33/B33*100 -> 1.3729203 | F33: 16287 | G33: 13377 | H33: 1450 | I33: =H33/F33*100 -> 8.9028059 | J33: 14878 | K33: 14841 | L33: 37 | M33: =L33/J33*100 -> 0.24868934 | N33: 13731 | O33: 11798 | P33: 1933 | Q33: =P33/N33*100 -> 14.077635 | R33: 10983 | S33: 27 | T33: =D33+H33+L33+P33+S33 -> 3650
A34: 46017 | B34: 13237 | C34: 13080 | D34: =B34-C34 -> 157 | E34: =D34/B34*100 -> 1.1860694 | F34: 17625 | G34: 14380 | H34: 754 | I34: =H34/F34*100 -> 4.2780142 | J34: 16825 | K34: 16772 | L34: 53 | M34: =L34/J34*100 -> 0.31500743 | N34: 18108 | O34: 16531 | P34: 1577 | Q34: =P34/N34*100 -> 8.708858 | R34: 10992 | S34: 106 | T34: =D34+H34+L34+P34+S34 -> 2647
A35: 46018 | B35: 15040 | C35: 14892 | D35: =B35-C35 -> 148 | E35: =D35/B35*100 -> 0.98404255 | F35: 19434 | G35: 16312 | H35: 951 | I35: =H35/F35*100 -> 4.8934856 | J35: 10873 | K35: 10857 | L35: 16 | M35: =L35/J35*100 -> 0.1471535 | N35: 13065 | O35: 11830 | P35: 1235 | Q35: =P35/N35*100 -> 9.4527363 | R35: 14328 | S35: 170 | T35: =D35+H35+L35+P35+S35 -> 2520
A36: W. REPORT | B36: =SUM(B29:B35) -> 85562 | C36: =SUM(C29:C35) -> 84250 | D36: =SUM(D29:D35) -> 1312 | E36: =D36/B36*100 -> 1.533391 | F36: =SUM(F29:F35) -> 111113 | G36: =SUM(G29:G35) -> 93122 | H36: =SUM(H29:H35) -> 5053 | I36: =H36/F36*100 -> 4.5476227 | J36: =SUM(J29:J35) -> 84419 | K36: =SUM(K29:K35) -> 84271 | L36: =SUM(L29:L35) -> 148 | M36: =L36/J36*100 -> 0.17531598 | N36: =SUM(N29:N35) -> 86309 | O36: =SUM(O29:O35) -> 73658 | P36: =SUM(P29:P35) -> 12657 | Q36: =P36/N36*100 -> 14.664751 | R36: =SUM(R29:R35) -> 65184 | S36: =SUM(S29:S35) -> 445 | T36: =SUM(T29:T35) -> 19615
A37: 46019 | I37: =H37/F37*100 -> #DIV/0! | M37: =L37/J37*100 -> #DIV/0! | Q37: =P37/N37*100 -> #DIV/0! | T37: =H37+L37+P37+S37 -> 0 | U37: WEEK 5
A38: 46020 | B38: 14980 | C38: 14449 | D38: =B38-C38 -> 531 | E38: =D38/B38*100 -> 3.5447263 | F38: 10715 | G38: 10073 | H38: 281 | I38: =H38/F38*100 -> 2.6224918 | J38: 16602 | K38: 16565 | L38: 37 | M38: =L38/J38*100 -> 0.22286472 | N38: 12940 | O38: 10353 | P38: 2587 | Q38: =P38/N38*100 -> 19.992272 | R38: 9428 | S38: 43 | T38: =D38+H38+L38+P38+S38 -> 3479 | U38: =B41 -> 41760 | V38: =SUM(T41) -> 13308 | W38: =V38/U38*100 -> 31.867816
A39: 46021 | B39: 13386 | C39: 13121 | D39: =B39-C39 -> 265 | E39: =D39/B39*100 -> 1.9796803 | F39: 19266 | G39: 18047 | H39: 555 | I39: =H39/F39*100 -> 2.8807225 | J39: 11537 | K39: 11521 | L39: 16 | M39: =L39/J39*100 -> 0.13868423 | N39: 15410 | O39: 10383 | P39: 5027 | Q39: =P39/N39*100 -> 32.621674 | R39: 8103 | S39: 32 | T39: =D39+H39+L39+P39+S39 -> 5895
A40: 46022 | B40: 13394 | C40: 13191 | D40: =B40-C40 -> 203 | E40: =D40/B40*100 -> 1.515604 | F40: 15691 | G40: 15030 | H40: 448 | I40: =H40/F40*100 -> 2.8551399 | J40: 13441 | K40: 13411 | L40: 30 | M40: =L40/J40*100 -> 0.22319768 | N40: 8516 | O40: 5327 | P40: 3189 | Q40: =P40/N40*100 -> 37.447158 | R40: 7854 | S40: 64 | T40: =D40+H40+L40+P40+S40 -> 3934
A41: W. REPORT | B41: =SUM(B37:B40) -> 41760 | C41: =SUM(C37:C40) -> 40761 | D41: =SUM(D37:D40) -> 999 | E41: =D41/B41*100 -> 2.3922414 | F41: =SUM(F37:F40) -> 45672 | G41: =SUM(G37:G40) -> 43150 | H41: =SUM(H37:H40) -> 1284 | I41: =H41/F41*100 -> 2.8113505 | J41: =SUM(J37:J40) -> 41580 | K41: =SUM(K37:K40) -> 41497 | L41: =SUM(L37:L40) -> 83 | M41: =L41/J41*100 -> 0.1996152 | N41: =SUM(N37:N40) -> 36866 | O41: =SUM(O37:O40) -> 26063 | P41: =SUM(P37:P40) -> 10803 | Q41: =P41/N41*100 -> 29.303423 | R41: =SUM(R37:R40) -> 25385 | S41: =SUM(S37:S40) -> 139 | T41: =SUM(T37:T40) -> 13308
A42: Total | B42: =B41+B36+B28+B20+B12 -> 379163 | C42: =C41+C36+C28+C20+C12 -> 373017 | D42: =D41+D36+D28+D20+D12 -> 21968 | F42: =F41+F36+F28+F20+F12 -> 327157 | G42: =G41+G36+G28+G20+G12 -> 292302 | H42: =H41+H36+H28+H20+H12 -> 15604 | J42: =J41+J36+J28+J20+J12 -> 284748 | K42: =K41+K36+K28+K20+K12 -> 283760 | L42: =L41+L36+L28+L20+L12 -> 981 | N42: =N41+N36+N28+N20+N12 -> 279255 | O42: =O41+O36+O28+O20+O12 -> 238144 | P42: =P41+P36+P28+P20+P12 -> 30518 | R42: =R41+R36+R28+R20+R12 -> 273003 | S42: =S41+S36+S28+S20+S12 -> 5490 | T42: =T41+T36+T28+T20+T12 -> 74561
T43: TOTAL | U43: =B42 -> 379163 | V43: =T42 -> 74561 | W43: =V43/U43*100 -> 19.66463

Sheet JANUARY 26
C1: DISPOSAFE HEALTH AND LIFE CARE LIMITED Plot No.37A, Sector-06, Ballabgarh (Faridabad) Haryana India 121006
A3: ASSEMBLY SECTION DAILY REJECTION REPORT FOR JANUARY 2026
A4: DATE | B4: EYE PUNCHING QTY | C4: EYE PUNCHING ACPT | D4: REJ QTY | F4: VISUAL QTY | G4: VISUAL ACPT QTY | H4: REJ QTY | I4: REJ % | J4: BALLOON CHKD QTY | K4: BALLOON ACPT QTY | L4: REJ QTY | M4: REJ % | N4: VALVE INT CHKD QTY | O4: VALVE INTY ACPT QTY | P4: VALVE INTY REJ Qty | Q4: REJ % | R4: FINAL CHECKED QTY | S4: FINAL ACPT QTY | T4: FINAL REJECTION | U4: TOTAL REJ QTY | V4: VISUAL CHECKED QTY | W4: VISUAL REJ QTY | X4: VISUAL REJ %
E5: REJ %
A6: 46023 | B6: 14912 | C6: 14742 | D6: 170 | E6: =D6/B6*100 -> 1.1400215 | F6: 11003 | G6: 10760 | H6: 162 | I6: =H6/F6*100 -> 1.4723257 | J6: 7690 | K6: 7659 | L6: 31 | M6: =L6/J6*100 -> 0.40312094 | N6: 8000 | O6: 6686 | P6: 1314 | Q6: =P6/N6*100 -> 16.425 | R6: 12094 | S6: 11884 | T6: 160 | U6: =D6+H6+L6+P6+T6 -> 1837 | V6: WEEK 1
A7: 46024 | B7: 10293 | C7: 10139 | D7: 154 | E7: =D7/B7*100 -> 1.4961624 | F7: 7976 | G7: 7413 | H7: 274 | I7: =H7/F7*100 -> 3.4353059 | J7: 10009 | K7: 10001 | L7: 8 | M7: =L7/J7*100 -> 0.079928065 | N7: 9659 | O7: 7942 | P7: 725 | Q7: =P7/N7*100 -> 7.505953 | R7: 8345 | S7: 8206 | T7: 139 | U7: =D7+H7+L7+P7+T7 -> 1300 | V7: =B9 -> 38560 | W7: =U9 -> 3953 | X7: =W7/V7*100 -> 10.251556
A8: 46025 | B8: 13355 | C8: 13182 | D8: 173 | E8: =D8/B8*100 -> 1.295395 | F8: 8964 | G8: 8175 | H8: 449 | I8: =H8/F8*100 -> 5.0089246 | J8: 8304 | K8: 8293 | L8: 11 | M8: =L8/J8*100 -> 0.13246628 | N8: 10010 | O8: 8311 | P8: 121 | Q8: =P8/N8*100 -> 1.2087912 | R8: 11505 | S8: 11338 | T8: 62 | U8: =D8+H8+L8+P8+T8 -> 816
A9: W. REPORT | B9: =SUM(B6:B8) -> 38560 | C9: =SUM(C6:C8) -> 38063 | D9: =SUM(D6:D8) -> 497 | E9: =D9/B9*100 -> 1.2889004 | F9: =SUM(F6:F8) -> 27943 | G9: =SUM(G6:G8) -> 26348 | H9: =SUM(H6:H8) -> 885 | I9: =H9/F9*100 -> 3.1671617 | J9: =SUM(J6:J8) -> 26003 | K9: =SUM(K6:K8) -> 25953 | L9: =SUM(L6:L8) -> 50 | M9: =L9/J9*100 -> 0.19228551 | N9: =SUM(N6:N8) -> 27669 | O9: =SUM(O6:O8) -> 22939 | P9: =SUM(P6:P8) -> 2160 | Q9: =P9/N9*100 -> 7.8065705 | R9: =SUM(R6:R8) -> 31944 | S9: =SUM(S6:S8) -> 31428 | T9: =SUM(T6:T8) -> 361 | U9: =SUM(U6:U8) -> 3953
A10: 46026 | I10: =H10/F10*100 -> #DIV/0! | M10: =L10/J10*100 -> #DIV/0! | Q10: =P10/N10*100 -> #DIV/0! | U10: =D10+H10+L10+P10+T10 -> 0 | V10: WEEK 2
A11: 46027 | B11: 14911 | C11: 14674 | D11: 237 | E11: =D11/B11*100 -> 1.5894306 | F11: 12695 | G11: 12034 | H11: 549 | I11: =H11/F11*100 -> 4.3245372 | J11: 10585 | K11: 10535 | L11: 50 | M11: =L11/J11*100 -> 0.47236656 | N11: 9618 | O11: 4806 | P11: 1545 | Q11: =P11/N11*100 -> 16.063631 | R11: 6179 | S11: 6109 | T11: 35 | U11: =D11+H11+L11+P11+T11 -> 2416 | V11: =B17 -> 89502 | W11: =U17 -> 10372 | X11: =W11/V11*100 -> 11.588568
A12: 46028 | B12: 14898 | C12: 14708 | D12: 190 | E12: =D12/B12*100 -> 1.275339 | F12: 9853 | G12: 9166 | H12: 496 | I12: =H12/F12*100 -> 5.0339998 | J12: 13037 | K12: 13032 | L12: 5 | M12: =L12/J12*100 -> 0.038352382 | N12: 10993 | O12: 8417 | P12: 584 | Q12: =P12/N12*100 -> 5.3124716 | R12: 11768 | S12: 11585 | T12: 100 | U12: =D12+H12+L12+P12+T12 -> 1375
A13: 46029 | B13: 14944 | C13: 14756 | D13: 188 | E13: =D13/B13*100 -> 1.25803 | F13: 10889 | G13: 10024 | H13: 430 | I13: =H13/F13*100 -> 3.9489393 | J13: 10869 | K13: 10804 | L13: 65 | M13: =L13/J13*100 -> 0.5980311 | N13: 11685 | O13: 9120 | P13: 312 | Q13: =P13/N13*100 -> 2.6700899 | R13: 9624 | S13: 9429 | T13: 99 | U13: =D13+H13+L13+P13+T13 -> 1094
A14: 46030 | B14: 14908 | C14: 14728 | D14: 180 | E14: =D14/B14*100 -> 1.2074054 | F14: 10471 | G14: 9918 | H14: 319 | I14: =H14/F14*100 -> 3.0465094 | J14: 10114 | K14: 10097 | L14: 17 | M14: =L14/J14*100 -> 0.16808384 | N14: 15156 | O14: 12105 | P14: 826 | Q14: =P14/N14*100 -> 5.4499868 | R14: 11455 | S14: 11234 | T14: 103 | U14: =D14+H14+L14+P14+T14 -> 1445
A15: 46031 | B15: 14908 | C15: 14727 | D15: 181 | E15: =D15/B15*100 -> 1.2141132 | F15: 16214 | G15: 14580 | H15: 945 | I15: =H15/F15*100 -> 5.8282965 | J15: 14014 | K15: 13976 | L15: 38 | M15: =L15/J15*100 -> 0.27115741 | N15: 16954 | O15: 14813 | P15: 418 | Q15: =P15/N15*100 -> 2.4654949 | R15: 12689 | S15: 12246 | T15: 300 | U15: =D15+H15+L15+P15+T15 -> 1882
A16: 46032 | B16: 14933 | C16: 13897 | D16: 1036 | E16: =D16/B16*100 -> 6.9376549 | F16: 18477 | G16: 15887 | H16: 621 | I16: =H16/F16*100 -> 3.3609352 | J16: 12916 | K16: 12889 | L16: 27 | M16: =L16/J16*100 -> 0.20904305 | N16: 12892 | O16: 12187 | P16: 309 | Q16: =P16/N16*100 -> 2.3968352 | R16: 13018 | S16: 12806 | T16: 167 | U16: =D16+H16+L16+P16+T16 -> 2160
A17: W. REPORT | B17: =SUM(B10:B16) -> 89502 | C17: =SUM(C10:C16) -> 87490 | D17: =SUM(D10:D16) -> 2012 | E17: =D17/B17*100 -> 2.2479945 | F17: =SUM(F10:F16) -> 78599 | G17: =SUM(G10:G16) -> 71609 | H17: =SUM(H10:H16) -> 3360 | I17: =H17/F17*100 -> 4.2748635 | J17: =SUM(J10:J16) -> 71535 | K17: =SUM(K10:K16) -> 71333 | L17: =SUM(L10:L16) -> 202 | M17: =L17/J17*100 -> 0.28237925 | N17: =SUM(N10:N16) -> 77298 | O17: =SUM(O10:O16) -> 61448 | P17: =SUM(P10:P16) -> 3994 | Q17: =P17/N17*100 -> 5.167016 | R17: =SUM(R10:R16) -> 64733 | S17: =SUM(S10:S16) -> 63409 | T17: =SUM(T10:T16) -> 804 | U17: =SUM(U10:U16) -> 10372
A18: 46033 | I18: =H18/F18*100 -> #DIV/0! | M18: =L18/J18*100 -> #DIV/0! | Q18: =P18/N18*100 -> #DIV/0! | U18: =H18+L18+P18+T18 -> 0 | V18: WEEK 3
A19: 46034 | E19: =D19/B19*100 -> #DIV/0! | F19: 14954 | G19: 13853 | H19: 645 | I19: =H19/F19*100 -> 4.3132272 | J19: 15439 | K19: 15391 | L19: 48 | M19: =L19/J19*100 -> 0.31090097 | N19: 11300 | O19: 10497 | P19: 332 | Q19: =P19/N19*100 -> 2.9380531 | R19: 9711 | S19: 9490 | T19: 183 | U19: =D19+H19+L19+P19+T19 -> 1208 | V19: =B25 -> 0 | W19: =SUM(U25) -> 7000 | X19: =W19/V19*100 -> #DIV/0!
A20: 46035 | E20: =D20/B20*100 -> #DIV/0! | F20: 12860 | G20: 11778 | H20: 756 | I20: =H20/F20*100 -> 5.8786936 | J20: 13217 | K20: 13207 | L20: 10 | M20: =L20/J20*100 -> 0.075660135 | N20: 14709 | O20: 14472 | P20: 131 | Q20: =P20/N20*100 -> 0.89061119 | R20: 10566 | S20: 10413 | T20: 127 | U20: =D20+H20+L20+P20+T20 -> 1024
A21: 46036 | E21: =D21/B21*100 -> #DIV/0! | F21: 17632 | G21: 15964 | H21: 740 | I21: =H21/F21*100 -> 4.1969147 | J21: 12899 | K21: 12866 | L21: 33 | M21: =L21/J21*100 -> 0.25583379 | N21: 12802 | O21: 11768 | P21: 306 | Q21: =P21/N21*100 -> 2.3902515 | R21: 11977 | S21: 11757 | T21: 136 | U21: =D21+H21+L21+P21+T21 -> 1215
A22: 46037 | E22: =D22/B22*100 -> #DIV/0! | F22: 10997 | G22: 9964 | H22: 730 | I22: =H22/F22*100 -> 6.638174 | J22: 12155 | K22: 12107 | L22: 48 | M22: =L22/J22*100 -> 0.39489922 | N22: 13185 | O22: 12586 | P22: 298 | Q22: =P22/N22*100 -> 2.2601441 | R22: 12633 | S22: 12305 | T22: 227 | U22: =D22+H22+L22+P22+T22 -> 1303
A23: 46038 | E23: =D23/B23*100 -> #DIV/0! | F23: 10228 | G23: 9107 | H23: 883 | I23: =H23/F23*100 -> 8.6331639 | J23: 15338 | K23: 15310 | L23: 28 | M23: =L23/J23*100 -> 0.18255314 | N23: 11062 | O23: 9656 | P23: 210 | Q23: =P23/N23*100 -> 1.8983909 | R23: 7749 | S23: 7572 | T23: 132 | U23: =D23+H23+L23+P23+T23 -> 1253
A24: 46039 | E24: =D24/B24*100 -> #DIV/0! | F24: 15894 | G24: 14521 | H24: 912 | I24: =H24/F24*100 -> 5.7380143 | J24: 11494 | K24: 11469 | L24: 25 | M24: =L24/J24*100 -> 0.21750479 | N24: 10262 | O24: 10222 | P24: 40 | Q24: =P24/N24*100 -> 0.38978757 | R24: 8024 | S24: 7971 | T24: 20 | U24: =D24+H24+L24+P24+T24 -> 997
A25: W. REPORT | B25: =SUM(B18:B24) -> 0 | C25: =SUM(C18:C24) -> 0 | D25: =SUM(D18:D24) -> 0 | E25: =D25/B25*100 -> #DIV/0! | F25: =SUM(F18:F24) -> 82565 | G25: =SUM(G18:G24) -> 75187 | H25: =SUM(H18:H24) -> 4666 | I25: =H25/F25*100 -> 5.651305 | J25: =SUM(J18:J24) -> 80542 | K25: =SUM(K18:K24) -> 80350 | L25: =SUM(L18:L24) -> 192 | M25: =L25/J25*100 -> 0.23838494 | N25: =SUM(N18:N24) -> 73320 | O25: =SUM(O18:O24) -> 69201 | P25: =SUM(P18:P24) -> 1317 | Q25: =P25/N25*100 -> 1.7962357 | R25: =SUM(R18:R24) -> 60660 | S25: =SUM(S18:S24) -> 59508 | T25: =SUM(T18:T24) -> 825 | U25: =SUM(U18:U24) -> 7000
A26: 46040 | I26: =H26/F26*100 -> #DIV/0! | M26: =L26/J26*100 -> #DIV/0! | Q26: =P26/N26*100 -> #DIV/0! | U26: =H26+L26+P26+T26 -> 0 | V26: WEEK 4
A27: 46041 | E27: =D27/B27*100 -> #DIV/0! | F27: 15322 | G27: 14328 | H27: 674 | I27: =H27/F27*100 -> 4.3989035 | J27: 12313 | K27: 12282 | L27: 31 | M27: =L27/J27*100 -> 0.25176643 | N27: 11724 | O27: 11691 | P27: 33 | Q27: =P27/N27*100 -> 0.2814739 | R27: 8554 | S27: 8212 | T27: 248 | U27: =D27+H27+L27+P27+T27 -> 986 | V27: =B33 -> 0 | W27: =SUM(U33) -> 6048 | X27: =W27/V27*100 -> #DIV/0!
A28: 46042 | E28: =D28/B28*100 -> #DIV/0! | F28: 13089 | G28: 12225 | H28: 648 | I28: =H28/F28*100 -> 4.950722 | J28: 11317 | K28: 11289 | L28: 28 | M28: =L28/J28*100 -> 0.24741539 | N28: 12358 | O28: 11337 | P28: 219 | Q28: =P28/N28*100 -> 1.7721314 | R28: 10256 | S28: 9741 | T28: 335 | U28: =D28+H28+L28+P28+T28 -> 1230
A29: 46043 | E29: =D29/B29*100 -> #DIV/0! | F29: 12469 | G29: 11664 | H29: 538 | I29: =H29/F29*100 -> 4.3147005 | J29: 14909 | K29: 14836 | L29: 73 | M29: =L29/J29*100 -> 0.48963713 | N29: 15391 | O29: 14687 | P29: 348 | Q29: =P29/N29*100 -> 2.2610617 | R29: 12719 | S29: 12719 | T29: 316 | U29: =D29+H29+L29+P29+T29 -> 1275
A30: 46044 | E30: =D30/B30*100 -> #DIV/0! | F30: 14332 | G30: 13592 | H30: 437 | I30: =H30/F30*100 -> 3.0491208 | J30: 14777 | K30: 14721 | L30: 56 | M30: =L30/J30*100 -> 0.37896731 | N30: 12586 | O30: 12497 | P30: 89 | Q30: =P30/N30*100 -> 0.70713491 | R30: 10324 | S30: 10082 | T30: 128 | U30: =D30+H30+L30+P30+T30 -> 710
A31: 46045 | E31: =D31/B31*100 -> #DIV/0! | F31: 10830 | G31: 9754 | H31: 510 | I31: =H31/F31*100 -> 4.7091413 | J31: 10267 | K31: 10236 | L31: 31 | M31: =L31/J31*100 -> 0.30193825 | N31: 11557 | O31: 11021 | P31: 182 | Q31: =P31/N31*100 -> 1.5748031 | R31: 8875 | S31: 8845 | T31: 20 | U31: =D31+H31+L31+P31+T31 -> 743
A32: 46046 | E32: =D32/B32*100 -> #DIV/0! | F32: 11841 | G32: 10878 | H32: 721 | I32: =H32/F32*100 -> 6.0890128 | J32: 13468 | K32: 13428 | L32: 40 | M32: =L32/J32*100 -> 0.2970003 | N32: 15327 | O32: 15158 | P32: 169 | Q32: =P32/N32*100 -> 1.1026293 | R32: 8656 | S32: 8403 | T32: 174 | U32: =D32+H32+L32+P32+T32 -> 1104
A33: W. REPORT | B33: =SUM(B26:B32) -> 0 | C33: =SUM(C26:C32) -> 0 | D33: =SUM(D26:D32) -> 0 | E33: =D33/B33*100 -> #DIV/0! | F33: =SUM(F26:F32) -> 77883 | G33: =SUM(G26:G32) -> 72441 | H33: =SUM(H26:H32) -> 3528 | I33: =H33/F33*100 -> 4.5298717 | J33: =SUM(J26:J32) -> 77051 | K33: =SUM(K26:K32) -> 76792 | L33: =SUM(L26:L32) -> 259 | M33: =L33/J33*100 -> 0.336141 | N33: =SUM(N26:N32) -> 78943 | O33: =SUM(O26:O32) -> 76391 | P33: =SUM(P26:P32) -> 1040 | Q33: =P33/N33*100 -> 1.3174062 | R33: =SUM(R26:R32) -> 59384 | S33: =SUM(S26:S32) -> 58002 | T33: =SUM(T26:T32) -> 1221 | U33: =SUM(U26:U32) -> 6048
A34: 46047 | I34: =H34/F34*100 -> #DIV/0! | M34: =L34/J34*100 -> #DIV/0! | Q34: =P34/N34*100 -> #DIV/0! | U34: =H34+L34+P34+T34 -> 0 | V34: WEEK 5
A35: 46048 | E35: =D35/B35*100 -> #DIV/0! | I35: =H35/F35*100 -> #DIV/0! | M35: =L35/J35*100 -> #DIV/0! | Q35: =P35/N35*100 -> #DIV/0! | U35: =D35+H35+L35+P35+T35 -> 0 | V35: =B41 -> 0 | W35: =SUM(U41) -> 1169 | X35: =W35/V35*100 -> #DIV/0!
A36: 46049 | E36: =D36/B36*100 -> #DIV/0! | F36: 14398 | G36: 13166 | H36: 715 | I36: =H36/F36*100 -> 4.9659675 | J36: 17410 | K36: 17351 | L36: 59 | M36: =L36/J36*100 -> 0.3388857 | N36: 15596 | O36: 15435 | P36: 161 | Q36: =P36/N36*100 -> 1.032316 | R36: 6707 | S36: 6446 | T36: 234 | U36: =D36+H36+L36+P36+T36 -> 1169
A37: 46050 | E37: =D37/B37*100 -> #DIV/0! | I37: =H37/F37*100 -> #DIV/0! | M37: =L37/J37*100 -> #DIV/0! | Q37: =P37/N37*100 -> #DIV/0! | U37: =D37+H37+L37+P37+T37 -> 0
A38: 46051 | E38: =D38/B38*100 -> #DIV/0! | I38: =H38/F38*100 -> #DIV/0! | M38: =L38/J38*100 -> #DIV/0! | Q38: =P38/N38*100 -> #DIV/0! | U38: =D38+H38+L38+P38+T38 -> 0
A39: 46052 | E39: =D39/B39*100 -> #DIV/0! | I39: =H39/F39*100 -> #DIV/0! | M39: =L39/J39*100 -> #DIV/0! | Q39: =P39/N39*100 -> #DIV/0! | U39: =D39+H39+L39+P39+T39 -> 0
A40: 46053 | E40: =D40/B40*100 -> #DIV/0! | I40: =H40/F40*100 -> #DIV/0! | M40: =L40/J40*100 -> #DIV/0! | Q40: =P40/N40*100 -> #DIV/0! | U40: =D40+H40+L40+P40+T40 -> 0
A41: W. REPORT | B41: =SUM(B34:B40) -> 0 | C41: =SUM(C34:C40) -> 0 | D41: =SUM(D34:D40) -> 0 | E41: =D41/B41*100 -> #DIV/0! | F41: =SUM(F34:F40) -> 14398 | G41: =SUM(G34:G40) -> 13166 | H41: =SUM(H34:H40) -> 715 | I41: =H41/F41*100 -> 4.9659675 | J41: =SUM(J34:J40) -> 17410 | K41: =SUM(K34:K40) -> 17351 | L41: =SUM(L34:L40) -> 59 | M41: =L41/J41*100 -> 0.3388857 | N41: =SUM(N34:N40) -> 15596 | O41: =SUM(O34:O40) -> 15435 | P41: =SUM(P34:P40) -> 161 | Q41: =P41/N41*100 -> 1.032316 | R41: =SUM(R34:R40) -> 6707 | S41: =SUM(S34:S40) -> 6446 | T41: =SUM(T34:T40) -> 234 | U41: =SUM(U34:U40) -> 1169
A42: Total | B42: =B41+B33+B25+B17+B9 -> 128062 | C42: =C41+C33+C25+C17+C9 -> 125553 | D42: =D41+D33+D25+D17+D9 -> 2509 | F42: =F41+F33+F25+F17+F9 -> 281388 | G42: =G41+G33+G25+G17+G9 -> 258751 | H42: =H41+H33+H25+H17+H9 -> 13154 | J42: =J41+J33+J25+J17+J9 -> 272541 | K42: =K41+K33+K25+K17+K9 -> 271779 | L42: =L41+L33+L25+L17+L9 -> 762 | N42: =N41+N33+N25+N17+N9 -> 272826 | O42: =O41+O33+O25+O17+O9 -> 245414 | P42: =P41+P33+P25+P17+P9 -> 8672 | R42: =R41+R33+R25+R17+R9 -> 223428 | S42: =S41+S33+S25+S17+S9 -> 218793 | T42: =T41+T33+T25+T17+T9 -> 3445 | U42: =U41+U33+U25+U17+U9 -> 28542
U43: TOTAL | V43: =B42 -> 128062 | W43: =U42 -> 28542 | X43: =W43/V43*100 -> 22.287642

Sheet YEARLY 2025-26
C1: DISPOSAFE HEALTH AND LIFE CARE LIMITED Plot No.37A, Sector-06, Ballabgarh (Faridabad) Haryana India 121006
A3: ASSEMBLY SECTION YEARLY REJECTION REPORT FOR 2025-26
A4: MONTH | B4: VISUAL QTY | C4: VISUAL ACPT QTY | D4: REJ QTY | E4: REJ % | F4: BALLOON CHKD QTY | G4: BALLOON ACPT QTY | H4: REJ QTY | I4: REJ % | J4: VALVE INT CHKD QTY | K4: VALVE INTY ACPT QTY | L4: VALVE INTY REJ Qty | M4: REJ % | N4: FINAL CHECKED QTY | O4: FINAL REJECTION | P4: TOTAL REJ QTY | Q4: TOTAL REJ%
A6: APRIL 25 | B6: ='APRIL 25'!B41 -> 247767 | C6: ='APRIL 25'!C41 -> 215796 | D6: ='APRIL 25'!D41 -> 19271 | E6: =D6/B6*100 -> 7.777872 | F6: ='APRIL 25'!F41 -> 216080 | G6: ='APRIL 25'!G41 -> 214182 | H6: ='APRIL 25'!H41 -> 1910 | I6: =H6/F6*100 -> 0.88393188 | J6: ='APRIL 25'!J41 -> 214182 | K6: ='APRIL 25'!K41 -> 207405 | L6: ='APRIL 25'!L41 -> 6101 | M6: =L6/J6*100 -> 2.848512 | N6: ='APRIL 25'!N41 -> 220895 | O6: ='APRIL 25'!O41 -> 5900 | P6: =SUM(D6+H6+L6+O6) -> 33182 | Q6: =E6+I6+M6 -> 11.510316
A7: MAY 25 | B7: ='MAY 25'!B42 -> 260869 | C7: ='MAY 25'!C42 -> 232205 | D7: ='MAY 25'!D42 -> 18798 | E7: =D7/B7*100 -> 7.2059156 | F7: ='MAY 25'!F42 -> 248862 | G7: ='MAY 25'!G42 -> 246681 | H7: ='MAY 25'!H42 -> 2181 | I7: =H7/F7*100 -> 0.87638932 | J7: ='MAY 25'!J42 -> 249676 | K7: ='MAY 25'!K42 -> 247066 | L7: ='MAY 25'!L42 -> 2582 | M7: =L7/J7*100 -> 1.0341402 | N7: ='MAY 25'!N42 -> 246011 | O7: ='MAY 25'!O42 -> 8460 | P7: ='MAY 25'!P42 -> 32021 | Q7: =E7+I7+M7 -> 9.1164452
A8: JUNE 25 | B8: ='JUNE 25'!B41 -> 279532 | C8: ='JUNE 25'!C41 -> 255185 | D8: ='JUNE 25'!D41 -> 15872 | E8: =D8/B8*100 -> 5.6780619 | F8: ='JUNE 25'!F41 -> 281210 | G8: ='JUNE 25'!G41 -> 279119 | H8: ='JUNE 25'!H41 -> 2091 | I8: =H8/F8*100 -> 0.74357242 | J8: ='JUNE 25'!J41 -> 283904 | K8: ='JUNE 25'!K41 -> 275847 | L8: ='JUNE 25'!L41 -> 8093 | M8: =L8/J8*100 -> 2.8506115 | N8: ='JUNE 25'!N41 -> 266298 | O8: ='JUNE 25'!O41 -> 4898 | P8: ='JUNE 25'!P41 -> 30954 | Q8: =E8+I8+M8 -> 9.2722458
A9: JULY 25 | B9: ='JULY 25'!B42 -> 318831 | C9: ='JULY 25'!C42 -> 291609 | D9: ='JULY 25'!D42 -> 17562 | E9: =D9/B9*100 -> 5.5082473 | F9: ='JULY 25'!F42 -> 313744 | G9: ='JULY 25'!G42 -> 312819 | H9: ='JULY 25'!H42 -> 925 | I9: =H9/F9*100 -> 0.29482636 | J9: ='JULY 25'!J42 -> 310745 | K9: ='JULY 25'!K42 -> 309160 | L9: ='JULY 25'!L42 -> 1575 | M9: =L9/J9*100 -> 0.50684645 | N9: ='JULY 25'!N42 -> 290757 | O9: ='JULY 25'!O42 -> 4451 | P9: ='JULY 25'!P42 -> 24513 | Q9: =E9+I9+M9 -> 6.3099201
A10: AUGUST 25 | B10: ='AUGUST 25'!B42 -> 267179 | C10: ='AUGUST 25'!C42 -> 247269 | D10: ='AUGUST 25'!D42 -> 11296 | E10: =D10/B10*100 -> 4.2278772 | F10: ='AUGUST 25'!F42 -> 253407 | G10: ='AUGUST 25'!G42 -> 252649 | H10: ='AUGUST 25'!H42 -> 687 | I10: =H10/F10*100 -> 0.27110538 | J10: ='AUGUST 25'!J42 -> 249724 | K10: ='AUGUST 25'!K42 -> 246635 | L10: ='AUGUST 25'!L42 -> 3240 | M10: =L10/J10*100 -> 1.2974324 | N10: ='AUGUST 25'!N42 -> 272058 | O10: ='AUGUST 25'!O42 -> 3413 | P10: ='AUGUST 25'!P42 -> 18636 | Q10: =E10+I10+M10 -> 5.7964149
A11: SEPTEMBER 25 | B11: ='SEPTEMBER 25'!B41 -> 335960 | C11: ='SEPTEMBER 25'!C41 -> 310725 | D11: ='SEPTEMBER 25'!D41 -> 20726 | E11: =D11/B11*100 -> 6.1691868 | F11: ='SEPTEMBER 25'!F41 -> 308913 | G11: ='SEPTEMBER 25'!G41 -> 307951 | H11: ='SEPTEMBER 25'!H41 -> 962 | I11: =H11/F11*100 -> 0.31141454 | J11: ='SEPTEMBER 25'!J41 -> 309922 | K11: ='SEPTEMBER 25'!K41 -> 304532 | L11: ='SEPTEMBER 25'!L41 -> 5390 | M11: =L11/J11*100 -> 1.7391473 | N11: ='SEPTEMBER 25'!N41 -> 320063 | O11: ='SEPTEMBER 25'!O41 -> 3536 | P11: ='SEPTEMBER 25'!P41 -> 30614 | Q11: =E11+I11+M11 -> 8.2197486
A12: OCTOBER 25 | B12: ='OCTOBER 25'!B42 -> 187837 | C12: ='OCTOBER 25'!C42 -> 169289 | D12: ='OCTOBER 25'!D42 -> 12887 | E12: =D12/B12*100 -> 6.8607356 | F12: ='OCTOBER 25'!F42 -> 178104 | G12: ='OCTOBER 25'!G42 -> 175844 | H12: ='OCTOBER 25'!H42 -> 2709 | I12: =H12/F12*100 -> 1.5210214 | J12: ='OCTOBER 25'!J42 -> 177316 | K12: ='OCTOBER 25'!K42 -> 175077 | L12: ='OCTOBER 25'!L42 -> 2639 | M12: =L12/J12*100 -> 1.4883034 | N12: ='OCTOBER 25'!N42 -> 148054 | O12: ='OCTOBER 25'!O42 -> 14444 | P12: ='OCTOBER 25'!P42 -> 32679 | Q12: =E12+I12+M12 -> 9.8700604
A13: NOVEMBER 25 | B13: ='NOVEMBER 25'!F41 -> 206957 | C13: ='NOVEMBER 25'!G41 -> 193398 | D13: ='NOVEMBER 25'!H41 -> 11206 | E13: ='NOVEMBER 25'!I41 -> 5.4146514 | F13: ='NOVEMBER 25'!J41 -> 199023 | G13: ='NOVEMBER 25'!K41 -> 197107 | H13: ='NOVEMBER 25'!L41 -> 1911 | I13: ='NOVEMBER 25'!M41 -> 0.96019053 | ... Q13: ='NOVEMBER 25'!U41 -> 0
A14: DECEMBER 25 | B14: ='DECEMBER 25'!F42 -> 327157 | C14: ='DECEMBER 25'!G42 -> 292302 | D14: ='DECEMBER 25'!H42 -> 15604 | E14: =D14/B14*100 -> 4.7695755 | F14: ='DECEMBER 25'!J42 -> 284748 | G14: ='DECEMBER 25'!K42 -> 283760 | H14: ='DECEMBER 25'!L42 -> 981 | I14: =H14/F14*100 -> 0.34451515 | J14: ='DECEMBER 25'!N42 -> 279255 | K14: ='DECEMBER 25'!O42 -> 238144 | L14: ='DECEMBER 25'!P42 -> 30518 | M14: =L14/J14*100 -> 10.928363 | N14: ='DECEMBER 25'!R42 -> 273003 | O14: ='DECEMBER 25'!S42 -> 5490 | P14: ='DECEMBER 25'!T42 -> 74561 | Q14: =E14+I14+M14 -> 16.042454
A15: JANUARY 26 | E15: =D15/B15*100 -> #DIV/0! | I15: =H15/F15*100 -> #DIV/0! | M15: =L15/J15*100 -> #DIV/0! | Q15: =E15+I15+M15 -> #DIV/0!
A16: FEBRUARY 26 | E16: =D16/B16*100 -> #DIV/0! | I16: =H16/F16*100 -> #DIV/0! | M16: =L16/J16*100 -> #DIV/0! | Q16: =E16+I16+M16 -> #DIV/0!
A17: MARCH 26 | E17: =D17/B17*100 -> #DIV/0! | I17: =H17/F17*100 -> #DIV/0! | M17: =L17/J17*100 -> #DIV/0! | Q17: =E17+I17+M17 -> #DIV/0!
A19: TOTAL | B19: =SUM(B6:B17) -> 2432089 | C19: =SUM(C6:C17) -> 2207778 | D19: =SUM(D6:D17) -> 143222 | E19: =D19/B19*100 -> 5.888847 | F19: =SUM(F6:F17) -> 2284091 | G19: =SUM(G6:G17) -> 2270112 | H19: =SUM(H6:H17) -> 14357 | I19: =H19/F19*100 -> 0.62856515 | J19: =SUM(J6:J17) -> 2271839 | K19: =SUM(K6:K17) -> 2199023 | L19: =SUM(L6:L17) -> 62146 | M19: =L19/J19*100 -> 2.7354931 | N19: =SUM(N6:N17) -> 2224863 | O19: =SUM(O6:O17) -> 57000 | P19: =SUM(D19+H19+L19+O19) -> 276725 | Q19: =E19+I19+M19 -> 9.2529053
