Workbook

Sheet APRIL 25
A1: MONTHLY SHOP FLOOR REJECTION REPORT
A2: MONTH: APRIL 25
A3: DATE | B3: No of TROLLEYS | C3: COAG | D3: Raised Wire | E3: Surface Defect | F3: Overlaping | G3: Black Mark | H3: Webbing | I3: Missing Formers | J3: Others | K3: Total
A4: 45748 | B4: 26 | C4: 5 | D4: 11 | E4: 2 | F4: 6 | G4: 1 | J4: 1 | K4: =SUM(C4:J4) -> 26
A5: 45749 | B5: 71 | C5: 17 | D5: 9 | E5: 22 | F5: 16 | G5: 4 | J5: 3 | K5: =SUM(C5:J5) -> 71
A6: 45750 | B6: 51 | C6: 2 | D6: 14 | E6: 14 | F6: 4 | J6: 17 | K6: =SUM(C6:J6) -> 51
A7: 45751 | C7: 18 | D7: 7 | E7: 21 | F7: 10 | G7: 3 | J7: 6 | K7: =SUM(C7:J7) -> 65
A8: 45752 | B8: 63 | C8: 32 | D8: 11 | F8: 14 | J8: 5 | K8: =SUM(C8:J8) -> 62
A9: 45754 | B9: 46 | C9: 8 | D9: 17 | E9: 5 | F9: 16 | K9: =SUM(C9:J9) -> 46
A10: 45755 | B10: 46 | C10: 7 | D10: 24 | E10: 6 | F10: 8 | J10: 1 | K10: =SUM(C10:J10) -> 46
A11: 45756 | B11: 106 | C11: 14 | D11: 88 | E11: 2 | F11: 2 | K11: =SUM(C11:J11) -> 106
A12: 45757 | B12: 89 | C12: 9 | D12: 56 | E12: 1 | F12: 15 | G12: 4 | I12: 2 | J12: 2 | K12: =SUM(C12:J12) -> 89
A13: 45758 | B13: 82 | C13: 15 | D13: 28 | E13: 19 | F13: 16 | J13: 4 | K13: =SUM(C13:J13) -> 82
A14: 45759 | B14: 71 | C14: 10 | D14: 28 | E14: 20 | F14: 4 | J14: 9 | K14: =SUM(C14:J14) -> 71
A15: 45761 | B15: 73 | C15: 16 | D15: 14 | E15: 29 | F15: 10 | J15: 4 | K15: =SUM(C15:J15) -> 73
A16: 45762 | B16: 53 | C16: 15 | D16: 24 | E16: 5 | F16: 6 | G16: 2 | J16: 1 | K16: =SUM(C16:J16) -> 53
A17: 45763 | B17: 47 | C17: 16 | D17: 17 | E17: 10 | F17: 4 | K17: =SUM(C17:J17) -> 47
A18: 45764 | B18: 49 | C18: 10 | D18: 17 | E18: 12 | F18: 6 | G18: 4 | K18: =SUM(C18:J18) -> 49
A19: 45765 | B19: 53 | C19: 12 | D19: 21 | E19: 12 | F19: 8 | K19: =SUM(C19:J19) -> 53
A20: 45766 | B20: 58 | C20: 9 | D20: 11 | E20: 15 | F20: 10 | G20: 11 | J20: 2 | K20: =SUM(C20:J20) -> 58
A21: 45768 | B21: 63 | C21: 12 | D21: 14 | E21: 15 | F21: 16 | J21: 6 | K21: =SUM(C21:J21) -> 63
A22: 45769 | B22: 56 | C22: 4 | D22: 13 | E22: 18 | F22: 10 | G22: 11 | K22: =SUM(C22:J22) -> 56
A23: 45770 | B23: 28 | D23: 8 | E23: 10 | F23: 4 | J23: 6 | K23: =SUM(C23:J23) -> 28
A24: 45771 | B24: 50 | C24: 9 | D24: 12 | E24: 15 | F24: 8 | G24: 6 | K24: =SUM(C24:J24) -> 50
A25: 45772 | B25: 41 | C25: 1 | D25: 14 | E25: 13 | F25: 5 | H25: 5 | J25: 3 | K25: =SUM(C25:J25) -> 41
A26: 45773 | B26: 40 | C26: 1 | D26: 7 | E26: 14 | F26: 14 | I26: 2 | J26: 2 | K26: =SUM(C26:J26) -> 40
A27: 45775 | B27: 67 | C27: 16 | D27: 8 | E27: 11 | F27: 19 | G27: 2 | H27: 9 | I27: 2 | K27: =SUM(C27:J27) -> 67
A28: 45776 | B28: 97 | D28: 5 | E28: 4 | F28: 67 | G28: 3 | I28: 17 | J28: 1 | K28: =SUM(C28:J28) -> 97
A29: 45777 | B29: 136 | D29: 9 | E29: 17 | F29: 52 | I29: 53 | J29: 5 | K29: =SUM(C29:J29) -> 136
A30: TOTAL | B30: =SUM(B4:B29) -> 1562 | C30: =SUM(C4:C29) -> 258 | D30: =SUM(D4:D29) -> 487 | E30: =SUM(E4:E29) -> 312 | F30: =SUM(F4:F29) -> 350 | G30: =SUM(G4:G29) -> 51 | H30: =SUM(H4:H29) -> 14 | I30: =SUM(I4:I29) -> 76 | J30: =SUM(J4:J29) -> 78 | K30: =C30+D30+E30+F30+G30+H30+J30 -> 1550

Sheet MAY 25
A1: MONTHLY PRODUCTION SHOP FLOOR REJECTION REPORT
A2: MONTH: MAY 25
A3: DATE | B3: No of TROLLEYS | C3: COAG | D3: Raised Wire | E3: Surface Defect | F3: Overlaping | G3: Black Mark | H3: Webbing | I3: Missing formers | J3: Others | K3: Total
A4: 45778 | B4: 74 | C4: 3 | D4: 2 | E4: 14 | F4: 32 | G4: 1 | I4: 17 | J4: 5 | K4: =SUM(C4:J4) -> 74
A5: 45779 | K5: =SUM(C5:J5) -> 0
A6: 45780 | B6: 45 | C6: 5 | D6: 5 | E6: 9 | F6: 10 | I6: 16 | K6: =SUM(C6:J6) -> 45
A7: 45781 | B7: SUNDAY
A8: 45782 | C8: 1 | D8: 3 | E8: 16 | F8: 28 | I8: 43 | J8: 4 | K8: =SUM(C8:J8) -> 95
A9: 45783 | B9: 59 | C9: 1 | D9: 8 | E9: 15 | F9: 24 | I9: 9 | J9: 2 | K9: =SUM(C9:J9) -> 59
A10: 45784 | B10: 70 | C10: 1 | D10: 2 | E10: 8 | F10: 42 | I10: 17 | K10: =SUM(C10:J10) -> 70
A11: 45785 | B11: 78 | C11: 4 | D11: 1 | E11: 8 | F11: 38 | I11: 25 | J11: 2 | K11: =SUM(C11:J11) -> 78
A12: 45786 | B12: 56 | C12: 2 | D12: 8 | E12: 16 | F12: 16 | G12: 1 | I12: 13 | K12: =SUM(C12:J12) -> 56
A13: 45787 | B13: 101 | C13: 5 | D13: 4 | E13: 31 | F13: 40 | I13: 17 | J13: 4 | K13: =SUM(C13:J13) -> 101
A14: 45788 | B14: SUNDAY
A15: 45789 | B15: 114 | C15: 1 | D15: 4 | E15: 60 | F15: 38 | I15: 11 | K15: =SUM(C15:J15) -> 114
A16: 45790 | B16: 71 | C16: 14 | D16: 17 | E16: 21 | F16: 1 | G16: 8 | J16: 6 | K16: =SUM(C16:J16) -> 67
A17: 45791 | B17: 74 | C17: 3 | D17: 2 | E17: 9 | F17: 36 | I17: 13 | J17: 11 | K17: =SUM(C17:J17) -> 74
A18: 45792 | B18: 99 | C18: 6 | D18: 5 | E18: 15 | F18: 54 | I18: 18 | J18: 1 | K18: =SUM(C18:J18) -> 99
A19: 45793 | B19: 67 | C19: 2 | D19: 5 | E19: 15 | F19: 24 | I19: 21 | K19: =SUM(C19:J19) -> 67
A20: 45794 | B20: 104 | C20: 1 | D20: 4 | E20: 22 | F20: 38 | I20: 39 | K20: =SUM(C20:J20) -> 104
A21: 45795 | B21: SUNDAY
A22: 45796 | B22: 98 | C22: 2 | D22: 7 | E22: 14 | F22: 47 | I22: 28 | K22: =SUM(C22:J22) -> 98
A23: 45797 | B23: 96 | D23: 10 | E23: 20 | F23: 42 | I23: 24 | K23: =SUM(C23:J23) -> 96
A24: 45798 | B24: 133 | C24: 31 | D24: 28 | E24: 54 | F24: 9 | G24: 4 | I24: 2 | J24: 4 | K24: =SUM(C24:J24) -> 132
A25: 45799 | B25: 98 | C25: 37 | D25: 13 | E25: 15 | F25: 11 | G25: 15 | H25: 1 | I25: 3 | J25: 3 | K25: =SUM(C25:J25) -> 98
A26: 45800 | B26: 115 | C26: 14 | D26: 24 | E26: 25 | F26: 38 | J26: 14 | K26: =SUM(C26:J26) -> 115
A27: 45801 | B27: 91 | C27: 21 | D27: 20 | E27: 25 | F27: 15 | G27: 6 | H27: 4 | K27: =SUM(C27:J27) -> 91
A28: 45802 | B28: SUNDAY
A29: 45803 | B29: 111 | C29: 25 | D29: 20 | E29: 31 | F29: 21 | G29: 12 | H29: 2 | K29: =SUM(C29:J29) -> 111
A30: 45804 | B30: 123 | C30: 28 | D30: 30 | E30: 25 | F30: 27 | G30: 9 | H30: 4 | K30: =SUM(C30:J30) -> 123
A31: 45805 | B31: 128 | C31: 30 | D31: 19 | E31: 34 | F31: 21 | G31: 24 | K31: =SUM(C31:J31) -> 128
A32: 45806 | B32: 110 | C32: 32 | D32: 26 | E32: 25 | F32: 14 | G32: 13 | K32: =SUM(C32:J32) -> 110
A33: 45807 | B33: 108 | C33: 18 | D33: 34 | E33: 20 | F33: 31 | G33: 2 | H33: 13 | K33: =SUM(C33:J33) -> 118
A34: 45808 | B34: 123 | C34: 26 | D34: 26 | E34: 11 | F34: 32 | G34: 2 | H34: 16 | J34: 10 | K34: =SUM(C34:J34) -> 123
A35: TOTAL | B35: =SUM(B4:B34) -> 2346 | C35: =SUM(C4:C34) -> 313 | D35: =SUM(D4:D34) -> 327 | E35: =SUM(E4:E34) -> 558 | F35: =SUM(F4:F34) -> 729 | G35: =SUM(G4:G34) -> 97 | H35: =SUM(H4:H34) -> 40 | I35: =SUM(I15:I34) -> 159 | J35: 0 | K35: =C35+D35+E35+F35+G35+H35+I35+J35 -> 2223

Sheet JUNE 25
A1: MONTHLY PRODUCTION SHOP FLOOR REJECTION REPORT MONTH - JUNE 2025-26
A3: DATE | B3: No of TROLLEYS | C3: COAG | D3: Raised Wire | E3: Surface Defect | F3: Overlaping | G3: Black Mark | H3: Webbing | I3: missing formers | J3: Others | K3: Total
A4: 45809 | B4: SUNDAY
A5: 45810 | B5: 160 | C5: 10 | D5: 67 | E5: 10 | F5: 38 | G5: 10 | I5: 18 | J5: 7 | K5: =SUM(C5:J5) -> 160
A6: 45811 | B6: 264 | C6: 8 | D6: 125 | E6: 74 | F6: 7 | I6: 8 | J6: 42 | K6: =SUM(C6:J6) -> 264
A7: 45812 | B7: 180 | C7: 19 | D7: 23 | E7: 80 | F7: 2 | G7: 1 | I7: 34 | J7: 21 | K7: =SUM(C7:J7) -> 180
A8: 45813 | B8: 205 | C8: 47 | D8: 106 | H8: 1 | I8: 16 | J8: 35 | K8: =SUM(C8:J8) -> 205
A9: 45814 | B9: 492 | C9: 61 | D9: 16 | E9: 76 | F9: 2 | G9: 3 | I9: 4 | J9: 38 | K9: =SUM(C9:J9) -> 200
A10: 45815 | B10: 179 | C10: 41 | D10: 2 | E10: 69 | G10: 2 | I10: 23 | J10: 42 | K10: =SUM(C10:J10) -> 179
A11: 45816 | B11: SUNDAY
A12: 45817 | B12: 165 | C12: 22 | D12: 12 | E12: 66 | F12: 10 | G12: 5 | I12: 31 | J12: 19 | K12: =SUM(C12:J12) -> 165
A13: 45818 | B13: 151 | C13: 19 | D13: 29 | E13: 53 | F13: 8 | G13: 2 | H13: 6 | I13: 19 | J13: 15 | K13: =SUM(C13:J13) -> 151
A14: 45819 | B14: 281 | C14: 30 | D14: 18 | E14: 149 | F14: 3 | G14: 3 | H14: 44 | I14: 7 | J14: 27 | K14: =SUM(C14:J14) -> 281
A15: 45820 | B15: 147 | C15: 31 | D15: 16 | E15: 53 | F15: 2 | G15: 5 | H15: 6 | I15: 20 | J15: 14 | K15: =SUM(C15:J15) -> 147
A16: 45821 | B16: 151 | C16: 33 | D16: 16 | E16: 22 | F16: 37 | G16: 4 | H16: 9 | I16: 2 | J16: 28 | K16: =SUM(C16:J16) -> 151
A17: 45822 | B17: 124 | C17: 19 | D17: 11 | E17: 31 | F17: 28 | G17: 3 | H17: 3 | I17: 1 | J17: 28 | K17: =SUM(C17:J17) -> 124
A18: 45823 | B18: SUNDAY
A19: 45824 | B19: 143 | C19: 17 | D19: 12 | E19: 24 | F19: 12 | G19: 4 | I19: 22 | J19: 52 | K19: =SUM(C19:J19) -> 143
A20: 45825 | B20: 183 | C20: 35 | D20: 14 | E20: 67 | F20: 28 | G20: 7 | H20: 3 | J20: 29 | K20: =SUM(C20:J20) -> 183
A21: 45826 | B21: 159 | C21: 38 | D21: 27 | E21: 48 | F21: 3 | G21: 8 | H21: 7 | I21: 2 | J21: 26 | K21: =SUM(C21:J21) -> 159
A22: 45827 | B22: 134 | C22: 24 | D22: 21 | E22: 19 | F22: 23 | G22: 6 | I22: 11 | J22: 30 | K22: =SUM(C22:J22) -> 134
A23: 45828 | B23: 126 | C23: 17 | D23: 39 | E23: 43 | F23: 6 | G23: 1 | J23: 20 | K23: =SUM(C23:J23) -> 126
A24: 45829 | B24: 142 | C24: 14 | D24: 6 | E24: 78 | F24: 2 | G24: 13 | H24: 12 | I24: 2 | J24: 15 | K24: =SUM(C24:J24) -> 142
A25: 45830 | B25: SUNDAY
A26: 45831 | B26: 142 | C26: 17 | D26: 29 | E26: 60 | F26: 13 | G26: 3 | H26: 2 | J26: 18 | K26: =SUM(C26:J26) -> 142
A27: 45832 | B27: 118 | C27: 18 | D27: 15 | E27: 61 | F27: 9 | G27: 6 | J27: 9 | K27: =SUM(C27:J27) -> 118
A28: 45833 | B28: 149 | C28: 26 | D28: 17 | E28: 31 | F28: 20 | G28: 10 | H28: 2 | I28: 4 | J28: 39 | K28: =SUM(C28:J28) -> 149
A29: 45834 | C29: 18 | D29: 19 | E29: 12 | F29: 6 | G29: 6 | H29: 7 | I29: 7 | J29: 41 | K29: =SUM(C29:J29) -> 116
A30: 45835 | B30: 119 | C30: 19 | D30: 13 | E30: 22 | F30: 8 | G30: 8 | J30: 49 | K30: =SUM(C30:J30) -> 119
A31: 45836 | B31: 200 | C31: 17 | D31: 12 | E31: 95 | F31: 14 | G31: 8 | H31: 2 | J31: 52 | K31: =SUM(C31:J31) -> 200
A32: 45837 | B32: SUNDAY
A33: 45838 | B33: 250 | C33: 70 | D33: 20 | E33: 12 | F33: 16 | G33: 18 | J33: 114 | K33: =SUM(C33:J33) -> 250
A34: TOTAL | B34: =SUM(B5:B33) -> 4364 | C34: =SUM(C5:C33) -> 670 | D34: =SUM(D5:D33) -> 685 | E34: =SUM(E5:E33) -> 1255 | F34: =SUM(F5:F33) -> 297 | G34: =SUM(G5:G33) -> 136 | H34: =SUM(H5:H33) -> 104 | I34: =SUM(I5:I33) -> 231 | J34: =SUM(J5:J33) -> 810 | K34: =C34+D34+E34+F34+G34+H34+I34+J34 -> 4188

Sheet JULY 25
A1: MONTHLY PRODUCTION SHOP FLOOR REJECTION REPORT
A2: MONTH: JULY 25
A3: DATE | B3: No of TROLLEYS | C3: COAG | D3: Raised Wire | E3: Surface Defect | F3: Overlaping | G3: Black Mark | H3: Webbing | I3: missing former | J3: Others | K3: Total
A4: 45839 | B4: 19 | C4: 36 | D4: 17 | E4: 1 | F4: 18 | G4: 2 | H4: 23 | J4: 98 | K4: =SUM(C4:J4) -> 195
A5: 45840 | B5: 10 | C5: 35 | D5: 11 | E5: 5 | F5: 17 | H5: 5 | J5: 3 | K5: 50
A6: 45841 | B6: 19 | C6: 55 | D6: 13 | E6: 5 | F6: 34 | H6: 3 | I6: 1 | J6: 102 | K6: =SUM(C6:J6) -> 213
A7: 45842 | B7: 19 | C7: 30 | D7: 15 | E7: 8 | F7: 10 | G7: 9 | H7: 4 | I7: 1 | J7: 47 | K7: =SUM(C7:J7) -> 124
A8: 45843 | B8: 19 | C8: 76 | D8: 13 | E8: 2 | F8: 30 | G8: 4 | H8: 1 | J8: 88 | K8: =SUM(C8:J8) -> 214
A9: 45844 | B9: SUNDAY
A10: 45845 | B10: 10 | C10: 9 | D10: 5 | E10: 14 | F10: 18 | G10: 8 | I10: 12 | J10: 20 | K10: =SUM(C10:J10) -> 86
A11: 45846 | B11: 17 | C11: 49 | D11: 7 | E11: 2 | F11: 22 | G11: 2 | H11: 2 | J11: 97 | K11: =SUM(C11:J11) -> 181
A12: 45847 | B12: 19 | C12: 30 | D12: 14 | E12: 17 | F12: 15 | G12: 6 | H12: 2 | I12: 3 | J12: 51 | K12: =SUM(C12:J12) -> 138
A13: 45848 | B13: 19 | C13: 27 | D13: 7 | E13: 14 | F13: 10 | G13: 10 | H13: 2 | I13: 1 | J13: 40 | K13: =SUM(C13:J13) -> 111
A14: 45849 | B14: 19 | C14: 38 | D14: 11 | E14: 8 | F14: 8 | G14: 14 | H14: 3 | I14: 1 | J14: 41 | K14: =SUM(C14:J14) -> 124
A15: 45850 | B15: 19 | C15: 21 | D15: 15 | E15: 22 | F15: 6 | G15: 17 | H15: 2 | I15: 2 | J15: 27 | K15: =SUM(C15:J15) -> 112
A16: 45851 | B16: SUNDAY
A17: 45852 | B17: 19 | C17: 40 | D17: 9 | E17: 45 | F17: 26 | G17: 2 | H17: 2 | I17: 2 | J17: 59 | K17: =SUM(C17:J17) -> 185
A18: 45853 | B18: 19 | C18: 40 | D18: 6 | E18: 7 | F18: 14 | G18: 4 | H18: 2 | I18: 1 | J18: 79 | K18: =SUM(C18:J18) -> 153
A19: 45854 | B19: 18 | C19: 4 | D19: 17 | F19: 48 | I19: 25 | J19: 14 | K19: =SUM(C19:J19) -> 108
A20: 45855 | B20: 18 | C20: 26 | D20: 1 | E20: 1 | F20: 28 | H20: 5 | I20: 4 | J20: 55 | K20: =SUM(C20:J20) -> 120
A21: 45856 | B21: 19 | C21: 8 | D21: 23 | F21: 8 | I21: 48 | J21: 14 | K21: =SUM(C21:J21) -> 101
A22: 45857 | B22: 19 | C22: 10 | D22: 15 | E22: 2 | F22: 10 | G22: 2 | I22: 17 | J22: 10 | K22: =SUM(C22:J22) -> 66
A23: 45858 | B23: SUNDAY
A24: 45859 | B24: 19 | C24: 8 | D24: 15 | E24: 6 | F24: 10 | G24: 8 | I24: 17 | J24: 6 | K24: =SUM(C24:J24) -> 70
A25: 45860 | B25: 19 | C25: 25 | D25: 34 | E25: 4 | F25: 22 | G25: 5 | I25: 12 | J25: 15 | K25: =SUM(C25:J25) -> 117
A26: 45861 | B26: 19 | C26: 59 | D26: 10 | E26: 14 | F26: 19 | G26: 6 | H26: 2 | I26: 38 | J26: 52 | K26: =SUM(C26:J26) -> 200
A27: 45862 | B27: 19 | C27: 32 | D27: 38 | E27: 6 | F27: 28 | G27: 10 | H27: 9 | I27: 2 | J27: 29 | K27: =SUM(C27:J27) -> 154
A28: 45863 | B28: 19 | C28: 24 | D28: 18 | E28: 6 | F28: 28 | G28: 12 | H28: 3 | I28: 14 | J28: 45 | K28: =SUM(C28:J28) -> 150
A29: 45864 | B29: 19 | C29: 26 | D29: 6 | E29: 1 | F29: 26 | G29: 2 | H29: 1 | I29: 15 | J29: 45 | K29: =SUM(C29:J29) -> 122
A30: 45865 | B30: SUNDAY
A31: 45866 | B31: 19 | C31: 25 | D31: 5 | E31: 5 | F31: 18 | G31: 5 | H31: 2 | I31: 38 | J31: 35 | K31: =SUM(C31:J31) -> 133
A32: 45867 | B32: 19 | C32: 65 | D32: 62 | F32: 18 | H32: 1 | I32: 27 | J32: 87 | K32: =SUM(C32:J32) -> 260
A33: 45868 | B33: 19 | C33: 60 | D33: 15 | E33: 2 | F33: 14 | I33: 17 | J33: 66 | K33: =SUM(C33:J33) -> 174
A34: 45869 | B34: 18 | C34: 34 | D34: 35 | E34: 1 | F34: 28 | G34: 2 | I34: 55 | J34: 90 | K34: =SUM(C34:J34) -> 245
A35: TOTAL | B35: =SUM(B4:B34) -> 490 | C35: =SUM(C4:C34) -> 892 | D35: =SUM(D4:D34) -> 437 | E35: =SUM(E4:E34) -> 198 | F35: =SUM(F4:F34) -> 533 | G35: =SUM(G4:G34) -> 130 | H35: =SUM(H4:H34) -> 74 | I35: =SUM(I4:I34) -> 353 | J35: =SUM(J4:J34) -> 1315 | K35: =C35+D35+E35+F35+G35+I35+H35+J35 -> 3932

Sheet AUGUST 25
A1: MONTHLY PRODUCTION SHOP FLOOR REJECTION REPORT
A2: MONTH: AUGUST 25
A3: DATE | B3: No of TROLLEYS | C3: COAG | D3: Raised Wire | E3: Surface Defect | F3: Overlaping | G3: Black Mark | H3: Webbing | I3: missing former | J3: Others | K3: Total
A4: 45870 | B4: 18 | C4: 20 | D4: 17 | E4: 3 | F4: 14 | I4: 13 | J4: 43 | K4: =SUM(C4:J4) -> 110
A5: 45871 | B5: 19 | C5: 18 | D5: 18 | E5: 1 | F5: 12 | G5: 3 | H5: 1 | I5: 14 | J5: 30 | K5: =SUM(C5:J5) -> 97
A6: 45872 | K6: =SUM(C6:J6) -> 0
A7: 45873 | B7: 19 | C7: 21 | D7: 23 | E7: 2 | F7: 12 | G7: 1 | H7: 1 | I7: 21 | J7: 38 | K7: =SUM(C7:J7) -> 119
A8: 45874 | B8: 19 | C8: 16 | D8: 18 | E8: 4 | F8: 16 | G8: 11 | H8: 1 | I8: 12 | J8: 47 | K8: =SUM(C8:J8) -> 125
A9: 45875 | B9: 19 | C9: 8 | D9: 8 | E9: 10 | F9: 16 | G9: 1 | I9: 11 | J9: 24 | K9: =SUM(C9:J9) -> 78
A10: 45876 | B10: 19 | C10: 10 | D10: 8 | E10: 7 | F10: 12 | G10: 5 | I10: 6 | J10: 37 | K10: =SUM(C10:J10) -> 85
A11: 45877 | B11: 19 | C11: 11 | D11: 9 | E11: 28 | F11: 10 | G11: 5 | H11: 1 | I11: 20 | J11: 27 | K11: =SUM(C11:J11) -> 111
A12: 45878 | B12: HOLIDAY
A13: 45879 | K13: =SUM(C13:J13) -> 0
A14: 45880 | B14: 17 | C14: 21 | D14: 6 | E14: 4 | F14: 22 | G14: 3 | H14: 2 | I14: 19 | J14: 33 | K14: =SUM(C14:J14) -> 110
A15: 45881 | B15: 15 | C15: 16 | D15: 11 | E15: 66 | F15: 12 | G15: 3 | H15: 1 | I15: 25 | J15: 28 | K15: =SUM(C15:J15) -> 162
A16: 45882 | B16: 19 | C16: 15 | D16: 6 | E16: 3 | F16: 12 | G16: 2 | I16: 22 | J16: 20 | K16: =SUM(C16:J16) -> 80
A17: 45883 | B17: 18 | C17: 22 | D17: 17 | E17: 10 | F17: 21 | G17: 8 | I17: 7 | J17: 44 | K17: =SUM(C17:J17) -> 129
A18: 45884 | B18: HOLIDAY
A19: 45885 | B19: HOLIDAY
A20: 45886 | K20: =SUM(C20:J20) -> 0
A21: 45887 | B21: 19 | C21: 22 | D21: 25 | E21: 5 | F21: 12 | G21: 2 | H21: 1 | I21: 23 | J21: 40 | K21: =SUM(C21:J21) -> 130
A22: 45888 | B22: 19 | C22: 13 | D22: 29 | E22: 2 | F22: 22 | G22: 1 | I22: 32 | J22: 21 | K22: =SUM(C22:J22) -> 120
A23: 45889 | B23: 19 | C23: 7 | D23: 37 | F23: 12 | G23: 3 | H23: 1 | I23: 15 | J23: 22 | K23: =SUM(C23:J23) -> 97
A24: 45890 | B24: 19 | C24: 18 | D24: 17 | E24: 6 | F24: 10 | G24: 3 | H24: 2 | I24: 15 | J24: 20 | K24: =SUM(C24:J24) -> 91
A25: 45891 | B25: 19 | C25: 11 | D25: 17 | E25: 2 | F25: 12 | G25: 2 | H25: 1 | I25: 21 | J25: 25 | K25: =SUM(C25:J25) -> 91
A26: 45892 | B26: 19 | C26: 16 | D26: 27 | E26: 9 | F26: 14 | G26: 3 | H26: 1 | I26: 28 | J26: 17 | K26: =SUM(C26:J26) -> 115
A27: 45893 | K27: =SUM(C27:J27) -> 0
A28: 45894 | B28: 19 | C28: 16 | D28: 34 | E28: 7 | F28: 14 | G28: 3 | H28: 1 | I28: 30 | J28: 26 | K28: =SUM(C28:J28) -> 131
A29: 45895 | B29: 19 | C29: 18 | D29: 53 | E29: 4 | F29: 16 | G29: 2 | I29: 35 | J29: 34 | K29: =SUM(C29:J29) -> 162
A30: 45896 | B30: 19 | C30: 10 | D30: 26 | E30: 6 | F30: 6 | G30: 4 | H30: 1 | I30: 26 | J30: 64 | K30: =SUM(C30:J30) -> 143
A31: 45897 | B31: 19 | C31: 15 | D31: 44 | E31: 6 | F31: 12 | G31: 3 | H31: 1 | I31: 27 | J31: 40 | K31: =SUM(C31:J31) -> 148
A32: 45898 | B32: 19 | C32: 16 | D32: 28 | E32: 9 | F32: 32 | G32: 7 | H32: 4 | I32: 28 | J32: 39 | K32: =SUM(C32:J32) -> 163
A33: 45899 | B33: 19 | C33: 13 | D33: 32 | E33: 4 | F33: 14 | G33: 3 | H33: 1 | I33: 25 | J33: 51 | K33: =SUM(C33:J33) -> 143
A34: 45900 | K34: =SUM(C34:J34) -> 0
A35: TOTAL | B35: =SUM(B4:B34) -> 429 | C35: =SUM(C4:C34) -> 353 | D35: =SUM(D4:D34) -> 510 | E35: =SUM(E4:E34) -> 198 | F35: =SUM(F4:F34) -> 335 | G35: =SUM(G4:G34) -> 78 | H35: =SUM(H4:H34) -> 21 | I35: =SUM(I4:I34) -> 475 | J35: =SUM(J4:J34) -> 770 | K35: =C35+D35+E35+F35+G35+I35+H35+J35 -> 2740

Sheet SEPTEMBER 25
A1: MONTHLY PRODUCTION SHOP FLOOR REJECTION REPORT
A2: MONTH: SEPTEMBER 25
A3: DATE | B3: No of TROLLEYS | C3: COAG | D3: Raised Wire | E3: Surface Defect | F3: Overlaping | G3: Black Mark | H3: Webbing | I3: missing former | J3: Others | K3: Total
A4: 45901 | B4: 19 | C4: 10 | D4: 31 | E4: 6 | F4: 12 | G4: 4 | H4: 2 | I4: 20 | J4: 48 | K4: =SUM(C4:J4) -> 133
A5: 45902 | B5: 19 | C5: 16 | D5: 29 | E5: 6 | F5: 14 | G5: 3 | H5: 1 | I5: 28 | J5: 64 | K5: =SUM(C5:J5) -> 161
A6: 45903 | B6: 19 | C6: 15 | D6: 20 | E6: 4 | F6: 18 | G6: 4 | H6: 3 | I6: 25 | J6: 45 | K6: =SUM(C6:J6) -> 134
A7: 45904 | B7: 19 | C7: 14 | D7: 27 | E7: 1 | F7: 16 | G7: 5 | H7: 1 | I7: 43 | J7: 68 | K7: =SUM(C7:J7) -> 175
A8: 45905 | B8: 19 | C8: 14 | D8: 10 | E8: 10 | F8: 14 | G8: 6 | I8: 12 | J8: 37 | K8: =SUM(C8:J8) -> 103
A9: 45906 | B9: 19 | C9: 13 | D9: 20 | E9: 3 | F9: 12 | G9: 2 | I9: 22 | J9: 46 | K9: =SUM(C9:J9) -> 118
A10: 45907
A11: 45908 | B11: 18 | C11: 17 | D11: 19 | E11: 2 | F11: 16 | G11: 2 | H11: 2 | I11: 32 | J11: 38 | K11: =SUM(C11:J11) -> 128
A12: 45909 | B12: 19 | C12: 16 | D12: 21 | E12: 6 | F12: 16 | G12: 5 | I12: 31 | J12: 37 | K12: =SUM(C12:J12) -> 132
A13: 45910 | B13: 19 | C13: 2 | D13: 11 | E13: 1 | F13: 14 | G13: 1 | I13: 45 | J13: 54 | K13: =SUM(C13:J13) -> 128
A14: 45911 | B14: 19 | C14: 11 | D14: 17 | E14: 2 | F14: 14 | G14: 2 | I14: 35 | J14: 49 | K14: =SUM(C14:J14) -> 130
A15: 45912 | B15: 19 | C15: 4 | D15: 11 | E15: 46 | F15: 22 | G15: 5 | I15: 30 | J15: 50 | K15: =SUM(C15:J15) -> 168
A16: 45913 | B16: 19 | C16: 7 | D16: 6 | F16: 20 | G16: 2 | I16: 36 | J16: 59 | K16: =SUM(C16:J16) -> 130
A17: 45914 | K17: =SUM(C17:J17) -> 0
A18: 45915 | B18: 19 | C18: 9 | D18: 15 | F18: 22 | G18: 8 | I18: 30 | J18: 49 | K18: =SUM(C18:J18) -> 133
A19: 45916 | B19: 19 | C19: 12 | D19: 11 | F19: 10 | G19: 5 | I19: 50 | J19: 56 | K19: =SUM(C19:J19) -> 144
A20: 45917 | B20: 19 | C20: 10 | D20: 13 | F20: 10 | G20: 8 | I20: 39 | J20: 89 | K20: =SUM(C20:J20) -> 169
A21: 45918 | B21: 19 | C21: 10 | D21: 4 | E21: 20 | F21: 22 | G21: 4 | I21: 28 | J21: 94 | K21: =SUM(C21:J21) -> 182
A22: 45919 | B22: 19 | C22: 8 | D22: 17 | F22: 38 | G22: 3 | I22: 44 | J22: 86 | K22: =SUM(C22:J22) -> 196
A23: 45920 | B23: 19 | C23: 5 | D23: 21 | F23: 60 | G23: 3 | I23: 23 | J23: 83 | K23: =SUM(C23:J23) -> 195
A24: 45921 | K24: =SUM(C24:J24) -> 0
A25: 45922 | B25: 18 | C25: 11 | D25: 11 | F25: 36 | G25: 6 | I25: 37 | J25: 70 | K25: =SUM(C25:J25) -> 171
A26: 45923 | B26: 19 | C26: 10 | D26: 20 | F26: 28 | I26: 60 | J26: 50 | K26: =SUM(C26:J26) -> 168
A27: 45924 | B27: 19 | C27: 4 | D27: 25 | E27: 5 | F27: 42 | G27: 4 | I27: 44 | J27: 77 | K27: =SUM(C27:J27) -> 201
A28: 45925 | B28: 19 | C28: 23 | D28: 23 | F28: 26 | G28: 1 | I28: 30 | J28: 58 | K28: =SUM(C28:J28) -> 161
A29: 45926 | B29: 19 | C29: 12 | D29: 28 | E29: 18 | F29: 22 | G29: 4 | I29: 37 | J29: 59 | K29: =SUM(C29:J29) -> 180
A30: 45927 | B30: 14 | C30: 11 | D30: 20 | E30: 2 | F30: 28 | G30: 2 | I30: 31 | J30: 63 | K30: =SUM(C30:J30) -> 157
A31: 45928 | K31: =SUM(C31:J31) -> 0
A32: 45929 | B32: 18 | C32: 19 | D32: 23 | F32: 28 | G32: 1 | I32: 39 | J32: 66 | K32: =SUM(C32:J32) -> 176
A33: 45930 | B33: 19 | C33: 16 | D33: 47 | E33: 1 | F33: 40 | G33: 2 | I33: 39 | J33: 91 | K33: =SUM(C33:J33) -> 236
A34: TOTAL | B34: =SUM(B4:B33) -> 486 | C34: =SUM(C4:C33) -> 299 | D34: =SUM(D4:D33) -> 500 | E34: =SUM(E4:E33) -> 133 | F34: =SUM(F4:F33) -> 600 | G34: =SUM(G4:G33) -> 92 | H34: =SUM(H4:H33) -> 9 | I34: =SUM(I4:I33) -> 890 | J34: =SUM(J4:J33) -> 1586 | K34: =C34+D34+E34+F34+G34+I34+H34+J34 -> 4109

Sheet OCTOBER 25
A1: MONTHLY PRODUCTION SHOP FLOOR REJECTION REPORT
A2: MONTH: OCTOBER 25
A3: DATE | B3: No of TROLLEYS | C3: COAG | D3: Raised Wire | E3: Surface Defect | F3: Overlaping | G3: Black Mark | H3: Webbing | I3: missing former | J3: Others | K3: Total
A4: 45931 | B4: 19 | C4: 13 | D4: 46 | E4: 12 | F4: 56 | G4: 2 | I4: 43 | J4: 92 | K4: =SUM(C4:J4) -> 264
A5: 45932 | B5: VIJAYA DASHMI | K5: =SUM(C5:J5) -> 0
A6: 45933 | B6: 19 | C6: 7 | D6: 44 | E6: 0 | F6: 30 | G6: 3 | H6: 0 | I6: 45 | J6: 116 | K6: =SUM(C6:J6) -> 245
A7: 45934 | B7: 19 | C7: 7 | D7: 22 | E7: 8 | F7: 26 | G7: 5 | H7: 0 | I7: 34 | J7: 133 | K7: =SUM(C7:J7) -> 235
A8: 45935 | K8: =SUM(C8:J8) -> 0
A9: 45936 | B9: 19 | C9: 9 | D9: 36 | E9: 28 | F9: 36 | G9: 3 | H9: 0 | I9: 44 | J9: 87 | K9: =SUM(C9:J9) -> 243
A10: 45937 | B10: 19 | C10: 2 | D10: 20 | E10: 6 | F10: 14 | G10: 3 | H10: 0 | I10: 26 | J10: 126 | K10: =SUM(C10:J10) -> 197
A11: 45938 | B11: 19 | C11: 2 | D11: 21 | E11: 3 | F11: 16 | G11: 0 | H11: 0 | I11: 22 | J11: 140 | K11: =SUM(C11:J11) -> 204
A12: 45939 | B12: 19 | C12: 4 | D12: 14 | E12: 11 | F12: 10 | G12: 8 | H12: 0 | I12: 34 | J12: 105 | K12: =SUM(C12:J12) -> 186
A13: 45940 | B13: 19 | C13: 3 | D13: 30 | E13: 31 | F13: 20 | G13: 2 | H13: 0 | I13: 46 | J13: 136 | K13: =SUM(C13:J13) -> 268
A14: 45941 | B14: 19 | C14: 29 | D14: 24 | E14: 32 | F14: 20 | G14: 15 | H14: 9 | I14: 50 | J14: 49 | K14: =SUM(C14:J14) -> 228
A15: 45942 | K15: =SUM(C15:J15) -> 0
A16: 45943 | B16: 19 | C16: 4 | D16: 41 | E16: 24 | F16: 52 | G16: 2 | H16: 0 | I16: 36 | J16: 155 | K16: =SUM(C16:J16) -> 314
A17: 45944 | B17: 17 | C17: 10 | D17: 44 | E17: 54 | F17: 36 | G17: 5 | H17: 0 | I17: 23 | J17: 113 | K17: =SUM(C17:J17) -> 285
A18: 45945 | B18: 17 | C18: 6 | D18: 42 | E18: 24 | F18: 30 | G18: 2 | H18: 0 | I18: 19 | J18: 150 | K18: =SUM(C18:J18) -> 273
A19: 45946 | B19: 17 | C19: 7 | D19: 34 | E19: 21 | F19: 24 | G19: 2 | H19: 0 | I19: 34 | J19: 123 | K19: =SUM(C19:J19) -> 245
A20: 45947 | B20: 17 | C20: 12 | D20: 22 | E20: 35 | F20: 30 | G20: 12 | H20: 01 | I20: 32 | J20: 88 | K20: =SUM(C20:J20) -> 231
A21: 45948 | B21: 16 | C21: 2 | D21: 41 | E21: 15 | F21: 22 | G21: 1 | H21: 0 | I21: 35 | J21: 132 | K21: =SUM(C21:J21) -> 248
A22: 45949 | B22: 10 | C22: 9 | D22: 18 | E22: 20 | F22: 16 | G22: 5 | H22: 0 | I22: 16 | J22: 80 | K22: =SUM(C22:J22) -> 164
A23: 45950 | B23: HAPPY DIWALI | K23: =SUM(C23:J23) -> 0
A24: 45951 | K24: =SUM(C24:J24) -> 0
A25: 45952 | K25: =SUM(C25:J25) -> 0
A26: 45953 | K26: =SUM(C26:J26) -> 0
A27: 45954 | B27: 16 | C27: 24 | D27: 0 | E27: 13 | F27: 18 | G27: 0 | H27: 0 | I27: 19 | J27: 35 | K27: =SUM(C27:J27) -> 109
A28: 45955 | B28: 18 | C28: 50 | D28: 34 | E28: 38 | F28: 23 | G28: 36 | H28: 10 | J28: 196 | K28: =SUM(C28:J28) -> 387
A29: 45956 | K29: =SUM(C29:J29) -> 0
A30: 45957 | B30: 16 | C30: 3 | D30: 33 | E30: 10 | F30: 14 | G30: 8 | H30: 2 | I30: 22 | J30: 85 | K30: =SUM(C30:J30) -> 177
A31: 45958 | B31: 18 | C31: 20 | D31: 43 | E31: 3 | F31: 30 | G31: 4 | H31: 0 | I31: 19 | J31: 66 | K31: =SUM(C31:J31) -> 185
A32: 45959 | B32: 19 | C32: 9 | D32: 43 | E32: 1 | F32: 24 | G32: 5 | H32: 0 | I32: 18 | J32: 74 | K32: =SUM(C32:J32) -> 174
A33: 45960 | B33: 19 | C33: 6 | D33: 11 | E33: 6 | F33: 16 | G33: 5 | H33: 0 | I33: 22 | J33: 68 | K33: =SUM(C33:J33) -> 134
A34: 45961 | B34: 19 | C34: 7 | D34: 16 | E34: 2 | F34: 14 | G34: 4 | I34: 11 | J34: 66 | K34: =SUM(C34:J34) -> 120
A35: TOTAL | B35: =SUM(B4:B34) -> 409 | C35: =SUM(C4:C34) -> 245 | D35: =SUM(D4:D34) -> 679 | E35: =SUM(E4:E34) -> 397 | F35: =SUM(F4:F34) -> 577 | G35: =SUM(G4:G34) -> 132 | H35: =SUM(H4:H34) -> 21 | I35: =SUM(I4:I34) -> 650 | ... K35: =SUM(K4:K34) -> 5116

Sheet NOVEMBER 25
A1: MONTHLY PRODUCTION SHOP FLOOR REJECTION REPORT
A2: MONTH: NOVEMBER 25
A3: DATE | B3: No of TROLLEYS | C3: COAG | D3: Raised Wire | E3: Surface Defect | F3: Overlaping | G3: Black Mark | H3: Webbing | I3: missing former | J3: Others | K3: Total
A4: 45962 | B4: 19 | C4: 8 | D4: 21 | E4: 13 | F4: 10 | G4: 6 | H4: 0 | I4: 31 | J4: 66 | K4: =SUM(C4:J4) -> 155
A5: 45963 | K5: =SUM(C5:J5) -> 0
A6: 45964 | B6: 19 | C6: 11 | D6: 20 | E6: 0 | F6: 22 | G6: 6 | H6: 0 | I6: 32 | J6: 70 | K6: =SUM(C6:J6) -> 161
A7: 45965 | B7: 19 | C7: 13 | D7: 20 | E7: 3 | F7: 16 | G7: 2 | H7: 0 | I7: 18 | J7: 58 | K7: =SUM(C7:J7) -> 130
A8: 45966 | B8: 19 | C8: 10 | D8: 14 | E8: 2 | F8: 14 | G8: 6 | H8: 0 | I8: 27 | J8: 68 | K8: =SUM(C8:J8) -> 141
A9: 45967 | B9: 19 | C9: 9 | D9: 16 | E9: 0 | F9: 32 | G9: 2 | H9: 0 | I9: 44 | J9: 66 | K9: =SUM(C9:J9) -> 169
A10: 45968 | B10: 19 | C10: 11 | D10: 17 | E10: 7 | F10: 24 | G10: 2 | H10: 0 | I10: 28 | J10: 60 | K10: =SUM(C10:J10) -> 149
A11: 45969 | B11: 19 | C11: 18 | D11: 18 | E11: 3 | F11: 25 | G11: 3 | H11: 0 | I11: 38 | J11: 55 | K11: =SUM(C11:J11) -> 160
A12: 45970 | K12: =SUM(C12:J12) -> 0
A13: 45971 | B13: 19 | C13: 47 | D13: 42 | E13: 2 | F13: 12 | G13: 4 | H13: 0 | I13: 39 | J13: 109 | K13: =SUM(C13:J13) -> 255
A14: 45972 | B14: 19 | C14: 32 | D14: 24 | E14: 11 | F14: 50 | G14: 9 | H14: 0 | I14: 42 | J14: 57 | K14: =SUM(C14:J14) -> 225
A15: 45973 | B15: 19 | C15: 28 | D15: 51 | E15: 12 | F15: 37 | G15: 11 | H15: 0 | I15: 42 | J15: 105 | K15: =SUM(C15:J15) -> 286
A16: 45974 | B16: 19 | C16: 23 | D16: 56 | E16: 3 | F16: 38 | G16: 11 | H16: 0 | I16: 38 | J16: 127 | K16: =SUM(C16:J16) -> 296
A17: 45975 | B17: 19 | C17: 19 | D17: 50 | E17: 7 | F17: 18 | G17: 4 | H17: 0 | I17: 22 | J17: 68 | K17: =SUM(C17:J17) -> 188
A18: 45976 | B18: 19 | C18: 11 | D18: 49 | E18: 44 | F18: 16 | G18: 3 | H18: 0 | I18: 31 | J18: 76 | K18: =SUM(C18:J18) -> 230
A19: 45977 | K19: =SUM(C19:J19) -> 0
A20: 45978 | B20: 17 | C20: 12 | D20: 26 | E20: 3 | F20: 34 | G20: 0 | H20: 0 | I20: 47 | J20: 47 | K20: =SUM(C20:J20) -> 169
A21: 45979 | B21: 19 | C21: 13 | D21: 45 | E21: 0 | F21: 18 | G21: 2 | H21: 0 | I21: 32 | J21: 79 | K21: =SUM(C21:J21) -> 189
A22: 45980 | B22: 19 | C22: 11 | D22: 29 | E22: 2 | F22: 16 | G22: 4 | H22: 0 | I22: 25 | J22: 67 | K22: =SUM(C22:J22) -> 154
A23: 45981 | B23: 19 | C23: 15 | D23: 36 | E23: 40 | F23: 22 | G23: 4 | H23: 1 | I23: 65 | J23: 64 | K23: =SUM(C23:J23) -> 247
A24: 45982 | B24: 19 | C24: 18 | D24: 22 | E24: 0 | F24: 6 | G24: 2 | H24: 0 | I24: 51 | J24: 65 | K24: =SUM(C24:J24) -> 164
A25: 45983 | B25: 19 | C25: 40 | D25: 21 | E25: 25 | F25: 10 | G25: 2 | H25: 0 | I25: 59 | J25: 78 | K25: =SUM(C25:J25) -> 235
A26: 45984 | K26: =SUM(C26:J26) -> 0
A27: 45985 | B27: 19 | C27: 98 | D27: 48 | E27: 20 | F27: 30 | G27: 5 | H27: 0 | I27: 64 | J27: 218 | K27: =SUM(C27:J27) -> 483
A28: 45986 | B28: 19 | C28: 38 | D28: 57 | E28: 0 | F28: 26 | G28: 3 | H28: 0 | I28: 32 | J28: 95 | K28: =SUM(C28:J28) -> 251
A29: 45987 | B29: 19 | C29: 42 | D29: 39 | E29: 57 | F29: 26 | G29: 3 | H29: 0 | I29: 37 | J29: 82 | K29: =SUM(C29:J29) -> 286
A30: 45988 | B30: 19 | C30: 47 | D30: 21 | E30: 8 | F30: 30 | G30: 11 | H30: 0 | I30: 55 | J30: 71 | K30: =SUM(C30:J30) -> 243
A31: 45989 | B31: 19 | C31: 67 | D31: 42 | E31: 115 | F31: 14 | G31: 14 | H31: 0 | I31: 31 | J31: 76 | K31: =SUM(C31:J31) -> 359
A32: 45990 | B32: 19 | C32: 38 | D32: 57 | E32: 9 | F32: 14 | G32: 5 | H32: 0 | I32: 25 | J32: 68 | K32: =SUM(C32:J32) -> 216
A33: 45991 | K33: =SUM(C33:J33) -> 0
A34: TOTAL | B34: =SUM(B4:B33) -> 473 | C34: =SUM(C4:C33) -> 679 | D34: =SUM(D4:D33) -> 841 | E34: =SUM(E4:E33) -> 386 | F34: =SUM(F4:F33) -> 560 | G34: =SUM(G4:G33) -> 124 | H34: =SUM(H4:H33) -> 1 | I34: =SUM(I4:I33) -> 955 | ... K34: =SUM(K4:K33) -> 5541

Sheet DECEMBER 25
A1: MONTHLY PRODUCTION SHOP FLOOR REJECTION REPORT
A2: MONTH: DECEMBER 25
A3: DATE | B3: No of TROLLEYS | C3: COAG | D3: Raised Wire | E3: Surface Defect | F3: Overlaping | G3: Black Mark | H3: Webbing | I3: missing former | J3: Others | K3: Total
A4: 45992 | B4: 15 | C4: 15 | D4: 28 | E4: 12 | F4: 10 | G4: 19 | H4: 0 | I4: 23 | J4: 54 | K4: =SUM(C4:J4) -> 161
A5: 45993 | B5: 16 | C5: 40 | D5: 74 | E5: 8 | F5: 34 | G5: 7 | H5: 0 | I5: 52 | J5: 86 | K5: =SUM(C5:J5) -> 301
A6: 45994 | B6: 18 | C6: 27 | D6: 68 | E6: 19 | F6: 44 | G6: 14 | H6: 0 | I6: 31 | J6: 67 | K6: =SUM(C6:J6) -> 270
A7: 45995 | B7: 19 | C7: 30 | D7: 88 | E7: 17 | F7: 22 | G7: 19 | H7: 0 | I7: 58 | J7: 64 | K7: =SUM(C7:J7) -> 298
A8: 45996 | B8: 19 | C8: 28 | D8: 42 | E8: 20 | F8: 26 | G8: 18 | H8: 0 | I8: 28 | J8: 65 | K8: =SUM(C8:J8) -> 227
A9: 45997 | B9: 18 | C9: 37 | D9: 45 | E9: 15 | F9: 12 | G9: 15 | H9: 0 | I9: 25 | J9: 642 | K9: =SUM(C9:J9) -> 791
A10: 45998 | K10: =SUM(C10:J10) -> 0
A11: 45999 | B11: 18 | C11: 29 | D11: 40 | E11: 11 | F11: 20 | G11: 19 | H11: 0 | I11: 68 | J11: 74 | K11: =SUM(C11:J11) -> 261
A12: 46000 | B12: 19 | C12: 29 | D12: 32 | E12: 20 | F12: 6 | G12: 19 | H12: 0 | I12: 54 | J12: 67 | K12: =SUM(C12:J12) -> 227
A13: 46001 | B13: 18 | C13: 50 | D13: 55 | E13: 5 | F13: 35 | G13: 23 | H13: 24 | I13: 9 | J13: 58 | K13: =SUM(C13:J13) -> 259
A14: 46002 | B14: 19 | C14: 12 | D14: 42 | E14: 3 | F14: 14 | G14: 3 | H14: 0 | I14: 10 | J14: 85 | K14: =SUM(C14:J14) -> 169
A15: 46003 | B15: 18 | C15: 26 | D15: 29 | E15: 14 | F15: 16 | G15: 15 | H15: 0 | I15: 8 | J15: 75 | K15: =SUM(C15:J15) -> 183
A16: 46004 | B16: 19 | C16: 17 | D16: 60 | E16: 5 | F16: 23 | G16: 4 | H16: 0 | I16: 12 | J16: 92 | K16: =SUM(C16:J16) -> 213
A17: 46005 | K17: =SUM(C17:J17) -> 0
A18: 46006 | B18: 19 | C18: 17 | D18: 55 | E18: 0 | F18: 12 | G18: 3 | H18: 0 | I18: 41 | J18: 134 | K18: =SUM(C18:J18) -> 262
A19: 46007 | B19: 19 | C19: 10 | D19: 56 | E19: 0 | F19: 32 | G19: 2 | H19: 0 | I19: 22 | J19: 119 | K19: =SUM(C19:J19) -> 241
A20: 46008 | B20: 19 | C20: 30 | D20: 81 | E20: 13 | F20: 26 | G20: 0 | H20: 0 | I20: 18 | J20: 75 | K20: =SUM(C20:J20) -> 243
A21: 46009 | B21: 19 | C21: 22 | D21: 45 | E21: 11 | F21: 17 | G21: 2 | H21: 0 | I21: 26 | J21: 119 | K21: =SUM(C21:J21) -> 242
A22: 46010 | B22: 19 | C22: 27 | D22: 53 | E22: 10 | F22: 19 | G22: 15 | H22: 0 | I22: 0 | J22: 118 | K22: =SUM(C22:J22) -> 242
A23: 46011 | B23: 19 | C23: 20 | D23: 27 | E23: 10 | F23: 27 | G23: 3 | H23: 0 | I23: 9 | J23: 111 | K23: =SUM(C23:J23) -> 207
A24: 46012 | K24: =SUM(C24:J24) -> 0
A25: 46013 | B25: 19 | C25: 13 | D25: 62 | E25: 5 | F25: 27 | G25: 3 | H25: 0 | I25: 13 | J25: 130 | K25: =SUM(C25:J25) -> 253
A26: 46014 | B26: 17 | C26: 27 | D26: 40 | E26: 13 | F26: 20 | G26: 7 | H26: 0 | I26: 2 | J26: 100 | K26: =SUM(C26:J26) -> 209
A27: 46015 | B27: 19 | C27: 7 | D27: 34 | E27: 0 | F27: 28 | G27: 2 | H27: 0 | I27: 36 | J27: 99 | K27: =SUM(C27:J27) -> 206
A28: 46016 | B28: 17 | C28: 12 | D28: 35 | E28: 2 | F28: 22 | G28: 3 | H28: 0 | I28: 7 | J28: 74 | K28: =SUM(C28:J28) -> 155
A29: 46017 | B29: 19 | C29: 23 | D29: 38 | E29: 0 | F29: 22 | G29: 0 | H29: 0 | I29: 0 | J29: 77 | K29: =SUM(C29:J29) -> 160
A30: 46018 | B30: 19 | C30: 12 | D30: 35 | E30: 5 | F30: 28 | G30: 5 | H30: 0 | I30: 2 | J30: 133 | K30: =SUM(C30:J30) -> 220
A31: 46019 | K31: =SUM(C31:J31) -> 0
A32: 46020 | B32: 17 | C32: 24 | D32: 46 | E32: 4 | F32: 24 | G32: 4 | H32: 0 | I32: 15 | J32: 97 | K32: =SUM(C32:J32) -> 214
A33: 46021 | B33: 17 | C33: 10 | D33: 63 | E33: 0 | F33: 20 | G33: 2 | H33: 0 | I33: 6 | J33: 105 | K33: =SUM(C33:J33) -> 206
A34: 46022 | B34: 19 | C34: 25 | D34: 86 | E34: 6 | F34: 38 | G34: 5 | H34: 0 | I34: 7 | J34: 121 | K34: =SUM(C34:J34) -> 288
A35: TOTAL | B35: =SUM(B4:B34) -> 493 | C35: =SUM(C4:C34) -> 619 | D35: =SUM(D4:D34) -> 1359 | E35: =SUM(E4:E34) -> 228 | F35: =SUM(F4:F34) -> 624 | G35: =SUM(G4:G34) -> 231 | H35: =SUM(H4:H34) -> 24 | I35: =SUM(I4:I34) -> 582 | ... K35: =SUM(K4:K34) -> 6708

Sheet JANUARY 26
A1: MONTHLY PRODUCTION SHOP FLOOR REJECTION REPORT
A2: MONTH: JANUARY 2026
A3: DATE | B3: No of TROLLEYS | C3: COAG | D3: Raised Wire | E3: Surface Defect | F3: Overlaping | G3: Black Mark | H3: Webbing | I3: missing former | J3: Others | K3: Total
A4: 46023 | B4: 13 | C4: 21 | D4: 14 | E4: 0 | F4: 10 | G4: 12 | H4: 0 | I4: 0 | J4: 50 | K4: =SUM(C4:J4) -> 107
A5: 46024 | B5: 17 | C5: 13 | D5: 64 | E5: 0 | F5: 24 | G5: 6 | H5: 0 | I5: 0 | J5: 138 | K5: =SUM(C5:J5) -> 245
A6: 46025 | B6: 19 | C6: 15 | D6: 146 | E6: 0 | F6: 4 | G6: 6 | H6: 0 | I6: 4 | J6: 114 | K6: =SUM(C6:J6) -> 289
A7: 46026 | K7: =SUM(C7:J7) -> 0
A8: 46027 | B8: 19 | C8: 16 | D8: 73 | E8: 18 | F8: 17 | G8: 6 | H8: 0 | I8: 0 | J8: 172 | K8: =SUM(C8:J8) -> 302
A9: 46028 | B9: 19 | C9: 15 | D9: 38 | E9: 4 | F9: 28 | G9: 8 | H9: 0 | I9: 8 | J9: 156 | K9: =SUM(C9:J9) -> 257
A10: 46029 | B10: 19 | C10: 16 | D10: 49 | E10: 6 | F10: 22 | G10: 6 | H10: 0 | I10: 10 | J10: 183 | K10: =SUM(C10:J10) -> 292
A11: 46030 | B11: 19 | C11: 15 | D11: 40 | E11: 0 | F11: 30 | G11: 1 | H11: 0 | I11: 3 | J11: 203 | K11: =SUM(C11:J11) -> 292
A12: 46031 | B12: 19 | C12: 14 | D12: 16 | E12: 2 | F12: 22 | G12: 5 | H12: 0 | I12: 8 | J12: 200 | K12: =SUM(C12:J12) -> 267
A13: 46032 | B13: 19 | C13: 8 | D13: 10 | E13: 8 | F13: 18 | G13: 3 | H13: 0 | I13: 0 | J13: 164 | K13: =SUM(C13:J13) -> 211
A14: 46033 | K14: =SUM(C14:J14) -> 0
A15: 46034 | B15: 19 | C15: 18 | D15: 28 | E15: 3 | F15: 16 | G15: 8 | H15: 0 | I15: 0 | J15: 158 | K15: =SUM(C15:J15) -> 231
A16: 46035 | B16: 19 | C16: 31 | D16: 25 | E16: 35 | F16: 16 | G16: 5 | H16: 0 | I16: 0 | J16: 171 | K16: =SUM(C16:J16) -> 283
A17: 46036 | B17: 19 | C17: 28 | D17: 30 | E17: 110 | F17: 22 | G17: 5 | H17: 0 | I17: 0 | J17: 138 | K17: =SUM(C17:J17) -> 333
A18: 46037 | B18: 19 | C18: 19 | D18: 30 | E18: 31 | F18: 28 | G18: 4 | H18: 0 | I18: 0 | J18: 106 | K18: =SUM(C18:J18) -> 218
A19: 46038 | B19: 19 | C19: 18 | D19: 24 | E19: 3 | F19: 40 | G19: 3 | H19: 0 | I19: 1 | J19: 84 | K19: =SUM(C19:J19) -> 173
A20: 46039 | B20: 19 | C20: 24 | D20: 24 | E20: 4 | F20: 30 | G20: 4 | H20: 0 | I20: 1 | J20: 112 | K20: =SUM(C20:J20) -> 199
A21: 46040 | K21: =SUM(C21:J21) -> 0
A22: 46041 | B22: 19 | C22: 49 | D22: 43 | E22: 5 | F22: 22 | G22: 11 | H22: 0 | I22: 0 | J22: 156 | K22: =SUM(C22:J22) -> 286
A23: 46042 | B23: 18 | C23: 29 | D23: 26 | E23: 19 | F23: 20 | G23: 5 | H23: 0 | I23: 1 | J23: 96 | K23: =SUM(C23:J23) -> 196
A24: 46043 | B24: 19 | C24: 37 | D24: 9 | E24: 23 | F24: 14 | G24: 8 | H24: 0 | I24: 0 | J24: 97 | K24: =SUM(C24:J24) -> 188
A25: 46044 | B25: 19 | C25: 36 | D25: 25 | E25: 18 | F25: 14 | G25: 7 | H25: 0 | I25: 1 | J25: 139 | K25: =SUM(C25:J25) -> 240
A26: 46045 | B26: 19 | C26: 39 | D26: 15 | E26: 4 | F26: 22 | G26: 7 | H26: 0 | I26: 1 | J26: 105 | K26: =SUM(C26:J26) -> 193
A27: 46046 | B27: 19 | C27: 31 | D27: 26 | E27: 34 | F27: 14 | G27: 14 | H27: 0 | I27: 0 | J27: 109 | K27: =SUM(C27:J27) -> 228
A28: 46047 | K28: =SUM(C28:J28) -> 0
A29: 46048 | K29: =SUM(C29:J29) -> 0
A30: 46049 | B30: 18 | C30: 56 | D30: 21 | E30: 2 | F30: 38 | G30: 5 | H30: 0 | I30: 2 | J30: 134 | K30: =SUM(C30:J30) -> 258
A31: 46050 | K31: =SUM(C31:J31) -> 0
A32: 46051 | K32: =SUM(C32:J32) -> 0
A33: 46052 | K33: =SUM(C33:J33) -> 0
A34: 46053 | K34: =SUM(C34:J34) -> 0
A35: TOTAL | B35: =SUM(B4:B34) -> 408 | C35: =SUM(C4:C34) -> 548 | D35: =SUM(D4:D34) -> 776 | E35: =SUM(E4:E34) -> 329 | F35: =SUM(F4:F34) -> 471 | G35: =SUM(G4:G34) -> 139 | H35: =SUM(H4:H34) -> 0 | I35: =SUM(I4:I34) -> 40 | ... K35: =SUM(K4:K34) -> 5288

Sheet YEARLY
B1: DISPOSAFE HEALTH AND LIFE CARE LIMITED Plot No.37A, Sector-06, Ballabgarh (Faridabad) Haryana India 121006 | I1: Doc. No. :
I2: Supersedes :
I3: Effective Date :
B4: UNIT-01 (DEPARTMENT-DIPPING) | I4: Page 1 of 1
B5: YEARLY PRODUCTION SHOP FLOOR REJECTION REPORT
A7: YEAR: 2025-26 | G7: DATE:
A8: MONTH | B8: COAG | C8: Raised Wire | D8: Surface Defect | E8: Overlaping | F8: Black Mark | G8: Webbing | H8: Missing Formers | I8: Others | J8: Total
A9: APRIL 25 | B9: ='APRIL 25'!C30 -> 258 | C9: ='APRIL 25'!D30 -> 487 | D9: ='APRIL 25'!E30 -> 312 | E9: ='APRIL 25'!F30 -> 350 | F9: ='APRIL 25'!G30 -> 51 | G9: ='APRIL 25'!H30 -> 14 | H9: ='APRIL 25'!I30 -> 76 | I9: ='APRIL 25'!J30 -> 78 | J9: ='APRIL 25'!K30 -> 1550
A10: MAY 25 | B10: ='MAY 25'!C35 -> 313 | C10: ='MAY 25'!D35 -> 327 | D10: ='MAY 25'!E35 -> 558 | E10: ='MAY 25'!F35 -> 729 | F10: ='MAY 25'!G35 -> 97 | G10: ='MAY 25'!H35 -> 40 | H10: ='MAY 25'!I35 -> 159 | I10: ='MAY 25'!J35 -> 0 | J10: ='MAY 25'!K35 -> 2223
A11: JUNE 25 | B11: ='JUNE 25'!C34 -> 670 | C11: ='JUNE 25'!D34 -> 685 | D11: ='JUNE 25'!E34 -> 1255 | E11: ='JUNE 25'!F34 -> 297 | F11: ='JUNE 25'!G34 -> 136 | G11: ='JUNE 25'!H34 -> 104 | H11: ='JUNE 25'!I34 -> 231 | I11: ='JUNE 25'!J34 -> 810 | J11: ='JUNE 25'!K34 -> 4188
A12: JULY 25 | B12: ='JULY 25'!C35 -> 892 | C12: ='JULY 25'!D35 -> 437 | D12: ='JULY 25'!E35 -> 198 | E12: ='JULY 25'!F35 -> 533 | F12: ='JULY 25'!G35 -> 130 | G12: ='JULY 25'!H35 -> 74 | H12: ='JULY 25'!I35 -> 353 | I12: ='JULY 25'!J35 -> 1315 | J12: ='JULY 25'!K35 -> 3932
A13: AUGUST 25 | B13: ='AUGUST 25'!C35 -> 353 | C13: ='AUGUST 25'!D35 -> 510 | D13: ='AUGUST 25'!E35 -> 198 | E13: ='AUGUST 25'!F35 -> 335 | F13: ='AUGUST 25'!G35 -> 78 | G13: ='AUGUST 25'!H35 -> 21 | H13: ='AUGUST 25'!I35 -> 475 | I13: ='AUGUST 25'!J35 -> 770 | J13: ='AUGUST 25'!K35 -> 2740
A14: SEPTEMBER 25
A15: OCTOBER 25
A16: NOVEMBER 25
A17: DECEMBER 25
A18: JANUARY 26
A19: FEBRUARY 26
A20: MARCH 26
A21: TOTAL | B21: =SUM(B9:B20) -> 2486 | C21: =SUM(C9:C20) -> 2446 | D21: =SUM(D9:D20) -> 2521 | E21: =SUM(E9:E20) -> 2244 | F21: =SUM(F9:F20) -> 492 | G21: =SUM(G9:G20) -> 253 | H21: =SUM(H9:H20) -> 1294 | I21: =SUM(I9:I20) -> 2973 | J21: =SUM(J9:J20) -> 14633
A26: COAG | B26: =B21 -> 2486
A27: RW | B27: =C21 -> 2446
A28: SD | B28: =D21 -> 2521
A29: OG | B29: =E21 -> 2244
A30: BM | B30: =F21 -> 492
A31: OTHERS | B31: =I21 -> 2973
A32: \ | B32: =SUM(B26:B31) -> 13162
