Workbook

Sheet FORMATE
C1: DISPOSAFE HEALTH AND LIFE CARE LIMITED Plot No.37A, Sector-06, Ballabgarh (Faridabad) Haryana India 121006 | X1: Doc. No. : | AA1: F/ASSEM/02:00
X2: Supersedes : | AA2: None
X3: Effective Date: | AA3: 07- 1 2-2024
C4: DAILY VISUAL INSPECTION REPORT | X4: Page 1 of 1
A6: DATE:
A7: B.NO | B7: SIZE | C7: REC. QTY | D7: ACCEPT QTY | E7: HOLD QTY | F7: HOLD % | G7: REJ. QTY | H7: REJ % | I7: REASON FOR REJECTION
I8: 1 | J8: 2 | K8: 3 | L8: 4 | M8: 5 | N8: 6 | O8: 7 | P8: 8 | Q8: 9 | R8: 10 | S8: 11 | T8: 12 | U8: 13 | V8: 14 | W8: 15 | X8: 16 | Y8: 17 | Z8: 18 | AA8: 19 | AB8: 20 | AC8: 21
I9: COAG | J9: SD | K9: TT | L9: BL | M9: PS | N9: SB | O9: PW | P9: FP | Q9: RW | R9: BEP | S9: DEC | T9: BM | U9: WEB | V9: BT | W9: SF | X9: BIC | Y9: WK | Z9: BMP | AA9: TF | AB9: PH | AC9: BST
A23: TOTAL
A24: TOTAL IN %
A25: COAG COAGULUM | D25: SD SURFACE DEFECT | G25: TT THIN TIP | J25: BL BLISTER | M25: PS PLY SEPARATION | R25: SB STEP BALLOON | V25: PW PROJECTED WIRE
A26: RW RAISED WIRE | D26: BEP BAD EYE PUNCHING | G26: DEC DECOLORISATION | J26: BM BLACK MARK | N26: WEB WEBBING | R26: BT BAD TRIMMING | W26: SF SHORT FUNNEL
A27: WK WRINKLE | D27: BP BUMP | G27: TF TORN FUNNEL | J27: PH PIN HOLE | N27: BST BAD STRIPPING | S27: BIC BEND IN CATHETER | X27: FP FOREIGN PARTICLE

Sheet 4-2-25
A1: DISPOSAFE HEALTH AND LIFE CARE LIMITED PLOT NO 37/A, SECTOR-6, FARIDABAD 121006. HARYANA(INDIA) DAILY VISUAL INSPECTION REPORT
A4: DATE: | B4: 45692
A5: B.NO | B5: SIZE | C5: REC. QTY | D5: A GRADE | E5: HOLD | F5: LOCAL GRADE | G5: REJ. QTY | H5: REJ % | I5: REASON FOR REJECTION
I6: 1 | J6: 2 | K6: 3 | L6: 4 | M6: 5 | N6: 6 | O6: 7 | P6: 8 | Q6: 9 | R6: 10 | S6: 11 | T6: 12 | U6: 13 | V6: 14 | W6: 15 | X6: 16 | Y6: 17 | Z6: 18 | AA6: 19 | AB6: 20 | AC6: 21
I7: COAG | J7: SD | K7: TT | L7: BL | M7: PS | N7: SB | O7: PW | P7: FP | Q7: RW | R7: BEP | S7: DEC | T7: BM | U7: WEB | V7: BT | W7: SF | X7: BIC | Y7: WK | Z7: BMP | AA7: TF | AB7: PH | AC7: BST
A8: 25A28 | B8: 16FR | C8: 2374 | D8: 2173 | E8: 140 | G8: 61 | H8: =G8/C8*100 -> 2.5695029
A9: 25A30 | B9: 16FR | C9: 3174 | D9: 3094 | E9: 44 | G9: 36 | H9: =G9/C9*100 -> 1.1342155
A10: 25A29 | B10: 16FR | C10: 790 | D10: 500 | E10: 258 | G10: 32 | H10: =G10/C10*100 -> 4.0506329
A21: TOTAL | C21: =SUM(C8:C10) -> 6338 | D21: =SUM(D8:D10) -> 5767 | E21: =SUM(E8:E10) -> 442 | G21: =SUM(G8:G10) -> 129 | H21: =SUM(H8:H10) -> 7.7543514
A22: TOTAL IN % | D22: =D21/C21*100 -> 90.990849
A23: COAG COAGULUM | D23: SD SURFACE DEFECT | G23: TT THIN TIP | J23: BL BLISTER | M23: PS PLY SEPARATION | R23: SB STEP BALLOON | V23: PW PROJECTED WIRE
A24: RW RAISED WIRE | D24: BEP BAD EYE PUNCHING | G24: DEC DECOLORISATION | J24: BM BLACK MARK | N24: WEB WEBBING | R24: BT BAD TRIMMING | W24: SF SHORT FUNNEL
A25: WK WRINKLE | D25: BP BUMP | G25: TF TORN FUNNEL | J25: PH PIN HOLE | N25: BST BAD STRIPPING | S25: BIC BEND IN CATHETER | X25: FP FOREIGN PARTICLE

Sheet APRIL 25
B1: DISPOSAFE HEALTH AND LIFE CARE LIMITED Plot No.37A, Sector-06, Ballabgarh (Faridabad) Haryana India 121006 | W1: Doc. no. : | Z1: F/QC/01:00
W2: Supersedes : | Z2: None
W3: Effective Date : | Z3: 45692
B4: VISUAL INSPECTION REPORT | W4: Page 1 of 1
A6: DATE | B6: REC. QTY | C6: ACCEPT QTY | D6: HOLD QTY | E6: REJ. QTY | F6: REJ % | G6: REASON FOR REJECTION
G7: 1 | H7: 2 | I7: 3 | J7: 4 | K7: 5 | L7: 6 | M7: 7 | N7: 8 | O7: 9 | P7: 10 | Q7: 11 | R7: 12 | S7: 13 | T7: 14 | U7: 15 | V7: 16 | W7: 17 | X7: 18 | Y7: 19 | Z7: 20 | AA7: 21
G8: COAG | H8: SD | I8: TT | J8: BL | K8: PS | L8: SB | M8: PW | N8: FP | O8: RW | P8: BEP | Q8: DEC | R8: BM | S8: WEB | T8: BT | U8: SF | V8: BIC | W8: WK | X8: BMP | Y8: TF | Z8: PH | AA8: BST
A9: 45748 | B9: 10982 | C9: 9627 | D9: 301 | E9: =B9-(C9+D9) -> 1054 | F9: =E9/B9*100 -> 9.5975232 | G9: 181 | H9: 66 | K9: 616 | R9: 185 | X9: 6
A10: 45749 | B10: 11054 | C10: 9907 | D10: 319 | E10: =B10-(C10+D10) -> 828 | F10: =E10/B10*100 -> 7.4905012 | G10: 292 | H10: 37 | K10: 322 | R10: 146 | X10: 31
A11: 45750 | B11: 12039 | C11: 10746 | D11: 446 | E11: =B11-(C11+D11) -> 847 | F11: =E11/B11*100 -> 7.0354681 | G11: 320 | H11: 119 | K11: 73 | R11: 182 | Y11: 153
A12: 45751 | B12: 11041 | C12: 9573 | D12: 351 | E12: =B12-(C12+D12) -> 1117 | F12: =E12/B12*100 -> 10.116837 | G12: 423 | H12: 325 | K12: 78 | R12: 261 | W12: 21 | Y12: 9
A13: 45752 | B13: 8585 | C13: 7501 | D13: 430 | E13: =B13-(C13+D13) -> 654 | F13: =E13/B13*100 -> 7.6179383 | G13: 108 | H13: 148 | K13: 108 | P13: 1 | R13: 248 | W13: 39 | X13: 5 | Y13: 9
A14: 45754 | B14: 5230 | C14: 4553 | D14: 68 | E14: =B14-(C14+D14) -> 609 | F14: =E14/B14*100 -> 11.644359 | G14: 10 | H14: 23 | K14: 326 | R14: 233 | X14: 9 | Y14: 8
A15: 45755 | B15: 10167 | C15: 9400 | D15: 87 | E15: =B15-(C15+D15) -> 680 | F15: =E15/B15*100 -> 6.6883053 | G15: 239 | H15: 129 | K15: 130 | R15: 145 | W15: 33 | Y15: 4
A16: 45756 | B16: 9455 | C16: 8912 | D16: 246 | E16: =B16-(C16+D16) -> 297 | F16: =E16/B16*100 -> 3.1411951 | G16: 61 | H16: 129 | K16: 27 | R16: 76 | X16: 3 | Y16: 1
A17: 45757 | B17: 10959 | C17: 10350 | D17: 154 | E17: =B17-(C17+D17) -> 455 | F17: =E17/B17*100 -> 4.1518387 | G17: 77 | H17: 97 | K17: 135 | R17: 131 | X17: 14 | Y17: 1
A18: 45758 | B18: 12959 | C18: 12214 | D18: 218 | E18: =B18-(C18+D18) -> 527 | F18: =E18/B18*100 -> 4.0666718 | G18: 41 | H18: 174 | K18: 86 | R18: 192 | X18: 32 | Y18: 2
A19: 45759 | B19: 7802 | C19: 7250 | D19: 173 | E19: =B19-(C19+D19) -> 379 | F19: =E19/B19*100 -> 4.8577288 | G19: 14 | H19: 73 | K19: 190 | R19: 93 | X19: 5 | Y19: 4
A20: 45761 | B20: 7479 | C20: 6182 | D20: 50 | E20: =B20-(C20+D20) -> 1247 | F20: =E20/B20*100 -> 16.673352 | G20: 89 | H20: 51 | K20: 973 | R20: 104 | X20: 24 | Y20: 6
A21: 45762 | B21: 12492 | C21: 11557 | D21: 235 | E21: =B21-(C21+D21) -> 700 | F21: =E21/B21*100 -> 5.6035863 | G21: 60 | H21: 68 | K21: 337 | R21: 226 | X21: 8 | Y21: 1
A22: 45763 | B22: 10594 | C22: 8339 | D22: 584 | E22: 671 | F22: =E22/B22*100 -> 6.3337738 | G22: 291 | H22: 50 | R22: 81 | Z22: 229
A23: 45764 | B23: 11049 | C23: 10209 | D23: 160 | E23: =B23-(C23+D23) -> 680 | F23: =E23/B23*100 -> 6.1544031 | G23: 262 | H23: 163 | R23: 94 | Z23: 161
A24: 45765 | B24: 9273 | C24: 8453 | D24: 98 | E24: =B24-(C24+D24) -> 722 | F24: =E24/B24*100 -> 7.7860455 | G24: 292 | H24: 153 | R24: 99 | Y24: 84 | Z24: 94
A25: 45766 | B25: 10344 | C25: 9612 | D25: 312 | E25: =B25-(C25+D25) -> 420 | F25: =E25/B25*100 -> 4.0603248 | G25: 182 | H25: 85 | R25: 146 | Y25: 7
A26: 45768 | B26: 9439 | C26: 7281 | D26: 1867 | E26: =B26-(C26+D26) -> 291 | F26: =E26/B26*100 -> 3.0829537 | G26: 124 | H26: 73 | R26: 84 | Y26: 10
A27: 45769 | E27: =B27-(C27+D27) -> 0 | F27: =E27/B27*100 -> #DIV/0!
A28: 45770 | B28: 8884 | C28: 7370 | D28: 1100 | E28: =B28-(C28+D28) -> 414 | F28: =E28/B28*100 -> 4.660063 | G28: 71 | K28: 78 | R28: 90 | X28: 1 | Y28: 33
A29: 45771 | B29: 9929 | C29: 6878 | D29: 1898 | E29: =B29-(C29+D29) -> 1153 | F29: =E29/B29*100 -> 11.612448 | G29: 77 | H29: 73 | K29: 868 | R29: 126 | X29: 5 | Y29: 4
A30: 45772 | B30: 10020 | C30: 8614 | D30: 441 | E30: =B30-(C30+D30) -> 965 | F30: =E30/B30*100 -> 9.6307385 | G30: 32 | H30: 29 | J30: 768 | R30: 126 | X30: 10
A31: 45773 | B31: 8544 | C31: 5986 | D31: 985 | E31: =B31-(C31+D31) -> 1573 | F31: =E31/B31*100 -> 18.410581 | G31: 12 | H31: 48 | K31: 1251 | R31: 124 | X31: 42 | Y31: 96
A32: 45775 | B32: 9730 | C32: 8183 | D32: 621 | E32: =B32-(C32+D32) -> 926 | F32: =E32/B32*100 -> 9.5169579 | G32: 44 | H32: 120 | I32: 486 | R32: 254 | X32: 14 | Y32: 8
A33: 45776 | B33: 9468 | C33: 8788 | D33: 326 | E33: =B33-(C33+D33) -> 354 | F33: =E33/B33*100 -> 3.73891 | G33: 28 | H33: 109 | K33: 66 | R33: 136 | W33: 5 | X33: 2 | Y33: 8
A34: 45777 | B34: 10249 | C34: 7811 | D34: 730 | E34: =B34-(C34+D34) -> 1708 | F34: =E34/B34*100 -> 16.66504 | G34: 91 | H34: 70 | K34: 1145 | R34: 225 | X34: 9 | Y34: 4
A35: TOTAL | B35: =SUM(B9:B34) -> 247767 | C35: =SUM(C9:C34) -> 215296 | D35: =SUM(D9:D34) -> 12200 | E35: =SUM(E9:E34) -> 19271 | F35: =E35/B35*100 -> 7.777872 | G35: =SUM(G9:G34) -> 3421 | H35: =SUM(H9:H34) -> 2412 | I35: =SUM(I9:I34) -> 486 | J35: =SUM(J9:J34) -> 768 | K35: =SUM(K9:K34) -> 6809 | L35: =SUM(L9:L34) -> 0 | M35: =SUM(M9:M34) -> 0 | N35: =SUM(N9:N34) -> 0 | ... AA35: =SUM(AA9:AA34) -> 0
C36: =C35/B35*100 -> 86.894542 | D36: =D35/B35*100 -> 4.923981 | E36: =E35/B35*100 -> 7.777872 | G36: =G35/B35*100 -> 1.3807327 | H36: =H35/B35*100 -> 0.97349526 | I36: =I35/B35*100 -> 0.19615203 | K36: =K35/B35*100 -> 2.7481464 | L36: =L35/B35*100 -> 0 | O36: =O35/B35*100 -> 0 | P36: =P35/B35*100 -> 0.000403605 | R36: =R35/B35*100 -> 1.5365242 | S36: =S35/B35*100 -> 0 | T36: =T35/B35*100 -> 0 | U36: =U35/B35*100 -> 0 | V36: =V35/B35*100 -> 0 | W36: =W35/B35*100 -> 0.03955329 | X36: =X35/B35*100 -> 0.0887931 | Y36: =Y35/B35*100 -> 0.18242946
G37: 0.5 | H37: 0.5 | I37: 0.1 | J37: 0.2 | K37: 0.2 | L37: 0.1 | M37: 0.1 | N37: 0.1 | O37: 0.1 | P37: 0.4 | Q37: 0.4 | R37: 1 | S37: 0.1 | T37: 0.1 | U37: 0.1 | V37: 0.1 | W37: 0.2 | X37: 0.3 | Y37: 0.1 | Z37: 0.1 | AA37: 0.2

Sheet MAY 25
B1: DISPOSAFE HEALTH AND LIFE CARE LIMITED Plot No.37A, Sector-06, Ballabgarh (Faridabad) Haryana India 121006 | W1: Doc. No. : | Z1: F/QC/01:00
W2: Supersedes : | Z2: None
W3: Effective Date : | Z3: 45692
B4: VISUAL INSPECTION REPORT | W4: Page 1 of 1
A6: DATE | B6: REC. QTY | C6: ACCEPT QTY | D6: HOLD QTY | E6: REJ. QTY | F6: REJ % | G6: REASON FOR REJECTION
G7: 1 | H7: 2 | I7: 3 | J7: 4 | K7: 5 | L7: 6 | M7: 7 | N7: 8 | O7: 9 | P7: 10 | Q7: 11 | R7: 12 | S7: 13 | T7: 14 | U7: 15 | V7: 16 | W7: 17 | X7: 18 | Y7: 19 | Z7: 20 | AA7: 21
G8: COAG | H8: SD | I8: TT | J8: BL | K8: PS | L8: SB | M8: PW | N8: FP | O8: RW | P8: BEP | Q8: DEC | R8: BM | S8: WEB | T8: BT | U8: SF | V8: BIC | W8: WK | X8: BMP | Y8: TF | Z8: PH | AA8: BST
A9: 45778 | B9: 8346 | C9: 6229 | D9: 1666 | E9: =B9-(C9+D9) -> 451 | F9: =E9/B9*100 -> 5.4037862 | G9: 67 | H9: 88 | K9: 139 | M9: 11 | R9: 140 | X9: 7 | Y9: 4
A10: 45779 | B10: 4590 | C10: 4208 | D10: 189 | E10: =B10-(C10+D10) -> 193 | F10: =E10/B10*100 -> 4.204793 | G10: 33 | H10: 10 | K10: 39 | R10: 103 | X10: 7 | Y10: 1
A11: 45780 | B11: 3624 | C11: 2280 | D11: 988 | E11: =B11-(C11+D11) -> 356 | F11: =E11/B11*100 -> 9.8233996 | G11: 8 | H11: 20 | K11: 270 | R11: 42 | X11: 15 | Y11: 1
A12: TOTAL | B12: =SUM(B9:B11) -> 16560 | C12: =SUM(C9:C11) -> 12717 | D12: =SUM(D9:D11) -> 2843 | E12: =SUM(E9:E11) -> 1000 | F12: =SUM(F9:F11) -> 19.431979 | G12: =SUM(G9:G11) -> 108 | H12: =SUM(H9:H11) -> 118 | K12: =SUM(K9:K11) -> 448 | M12: =SUM(M9:M11) -> 11 | R12: =SUM(R9:R11) -> 285 | X12: =SUM(X9:X11) -> 29 | Y12: =SUM(Y9:Y11) -> 6
A13: % | C13: =C12/$B$12*100 -> 76.793478 | D13: =D12/$B$12*100 -> 17.167874 | E13: =E12/$B$12*100 -> 6.0386473 | F13: =F12/$B$12*100 -> 0.11734287 | G13: =G12/$B$12*100 -> 0.65217391 | H13: =H12/$B$12*100 -> 0.71256039 | K13: =K12/$B$12*100 -> 2.705314 | M13: =M12/$B$12*100 -> 0.066425121 | R13: =R12/$B$12*100 -> 1.7210145 | X13: =X12/$B$12*100 -> 0.17512077 | Y13: =Y12/$B$12*100 -> 0.036231884
A14: 45781 | B14: SUNDAY
A15: 45782 | B15: 6924 | C15: 5847 | D15: 191 | E15: =B15-(C15+D15) -> 886 | F15: =E15/B15*100 -> 12.796072 | G15: 11 | H15: 233 | K15: 219 | R15: 363 | X15: 53 | Y15: 7
A16: 45783 | B16: 7528 | C16: 6490 | D16: 215 | E16: =B16-(C16+D16) -> 823 | F16: =E16/B16*100 -> 10.932519 | G16: 3 | H16: 77 | K16: 451 | R16: 247 | X16: 40 | Y16: 10
A17: 45784 | B17: 8703 | C17: 7627 | D17: 243 | E17: =B17-(C17+D17) -> 833 | F17: =E17/B17*100 -> 9.5714122 | G17: 70 | H17: 114 | K17: 422 | O17: 10 | R17: 220 | X17: 44 | Y17: 3
A18: 45785 | B18: 9138 | C18: 7898 | D18: 558 | E18: =B18-(C18+D18) -> 682 | F18: =E18/B18*100 -> 7.4633399 | G18: 34 | H18: 174 | K18: 120 | O18: 41 | R18: 219 | X18: 159 | Y18: 4
A19: 45786 | B19: 10611 | C19: 8845 | D19: 1121 | E19: =B19-(C19+D19) -> 645 | F19: =E19/B19*100 -> 6.0785977 | G19: 29 | H19: 85 | K19: 160 | O19: 16 | R19: 326 | X19: 28 | Y19: 1
A20: 45787 | B20: 4375 | C20: 4110 | D20: 72 | E20: =B20-(C20+D20) -> 193 | F20: =E20/B20*100 -> 4.4114286 | G20: 30 | H20: 37 | R20: 93 | X20: 33
A21: TOTAL | B21: =SUM(B15:B20) -> 47279 | C21: =SUM(C15:C20) -> 40817 | D21: =SUM(D15:D20) -> 2400 | E21: =SUM(E15:E20) -> 4062 | F21: =E21/B21*100 -> 8.5915523 | G21: =SUM(G15:G20) -> 177 | H21: =SUM(H15:H20) -> 720 | K21: =SUM(K15:K20) -> 1372 | O21: =SUM(O15:O20) -> 67 | R21: =SUM(R15:R20) -> 1468 | X21: =SUM(X15:X20) -> 357 | Y21: =SUM(Y15:Y20) -> 25
A22: % | C22: =C21/$B$21*100 -> 86.332198 | D22: =D21/$B$21*100 -> 5.0762495 | E22: =E21/$B$21*100 -> 8.5915523 | F22: =F21/$B$21*100 -> 0.018172026 | G22: =G21/$B$21*100 -> 0.3743734 | H22: =H21/$B$21*100 -> 1.5228748 | K22: =K21/$B$21*100 -> 2.9019226 | O22: =O21/$B$21*100 -> 0.14171197 | R22: =R21/$B$21*100 -> 3.1049726 | X22: =X21/$B$21*100 -> 0.75509211 | Y22: =Y21/$B$21*100 -> 0.052877599
A23: 45788 | B23: SUNDAY
A24: 45789 | B24: 11451 | C24: 9915 | D24: 297 | E24: =B24-(C24+D24) -> 1239 | F24: =E24/B24*100 -> 10.820016 | G24: 56 | H24: 100 | K24: 505 | O24: 105 | R24: 419 | X24: 53 | Y24: 1
A25: 45790 | B25: 10602 | C25: 9560 | D25: 181 | E25: =B25-(C25+D25) -> 861 | F25: =E25/B25*100 -> 8.1211092 | G25: 11 | H25: 107 | K25: 238 | O25: 104 | R25: 379 | X25: 19 | Y25: 3
A26: 45791 | B26: 9696 | C26: 8825 | D26: 196 | E26: =B26-(C26+D26) -> 675 | F26: =E26/B26*100 -> 6.9616337 | G26: 22 | H26: 142 | K26: 173 | O26: 69 | R26: 239 | W26: 8 | X26: 17 | Y26: 5
A27: 45792 | B27: 9893 | C27: 8931 | D27: 273 | E27: =B27-(C27+D27) -> 689 | F27: =E27/B27*100 -> 6.9645204 | G27: 28 | H27: 69 | K27: 41 | O27: 146 | R27: 389 | X27: 14 | Y27: 2
A28: 45793 | B28: 11688 | C28: 10757 | D28: 212 | E28: =B28-(C28+D28) -> 719 | F28: =E28/B28*100 -> 6.1516085 | G28: 48 | H28: 105 | K28: 49 | O28: 189 | R28: 315 | X28: 11 | Y28: 2
A29: 45794 | B29: 12454 | C29: 11708 | D29: 192 | E29: =B29-(C29+D29) -> 554 | F29: =E29/B29*100 -> 4.44837 | G29: 36 | H29: 112 | K29: 120 | O29: 16 | R29: 259 | Y29: 6 | Z29: 5
A30: TOTAL | B30: =SUM(B24:B29) -> 65784 | C30: =SUM(C24:C29) -> 59696 | D30: =SUM(D24:D29) -> 1351 | E30: =SUM(E24:E29) -> 4737 | F30: =E30/B30*100 -> 7.2008391 | G30: =SUM(G24:G29) -> 201 | H30: =SUM(H24:H29) -> 635 | I30: =SUM(I24:I29) -> 0 | J30: =SUM(J24:J29) -> 0 | K30: =SUM(K24:K29) -> 1126 | L30: =SUM(L24:L29) -> 0 | M30: =SUM(M24:M29) -> 0 | N30: =SUM(N24:N29) -> 0 | ... AA30: =SUM(AA24:AA29) -> 0
A31: % | C31: =C30/B30*100 -> 90.74547 | D31: =D30/B30*100 -> 2.0536909 | E31: =E30/B30*100 -> 7.2008391 | G31: =G30/B30*100 -> 0.30554542 | H31: =H30/$B$30*100 -> 0.96528031 | K31: =K30/$B$30*100 -> 1.7116624 | O31: =O30/$B$30*100 -> 0.95615955 | R31: =R30/$B$30*100 -> 3.0402529 | W31: =W30/$B$30*100 -> 0.012161012 | X31: =X30/$B$30*100 -> 0.17329442 | Y31: =Y30/$B$30*100 -> 0.028882403 | Z31: =Z30/$B$30*100 -> 0.0076006324
A32: 45795 | B32: SUNDAY
A33: 45796 | B33: 12215 | C33: 11004 | D33: 316 | E33: =B33-(C33+D33) -> 895 | F33: =E33/B33*100 -> 7.3270569 | G33: 19 | H33: 41 | K33: 630 | O33: 14 | R33: 184 | X33: 6 | Y33: 1
A34: 45797 | B34: 11397 | C34: 10292 | D34: 223 | E34: =B34-(C34+D34) -> 882 | F34: =E34/B34*100 -> 7.7388787 | G34: 16 | H34: 52 | K34: 678 | O34: 17 | R34: 109 | X34: 9 | Y34: 11
A35: 45798 | B35: 10437 | C35: 9557 | D35: 274 | E35: 572 | F35: =E35/B35*100 -> 5.4805021 | G35: 39 | H35: 49 | K35: 338 | O35: 15 | R35: 14 | X35: 4 | Y35: 8
A36: 45799 | B36: 12008 | C36: 10736 | D36: 198 | E36: =B36-(C36+D36) -> 1074 | F36: =E36/B36*100 -> 8.9440373 | G36: 17 | H36: 48 | K36: 831 | O36: 25 | P36: 10 | R36: 135 | X36: 5 | Y36: 3
A37: 45800 | B37: 12477 | C37: 11464 | D37: 186 | E37: =B37-(C37+D37) -> 827 | F37: =E37/B37*100 -> 6.6281959 | G37: 14 | H37: 71 | K37: 522 | O37: 15 | P37: 65 | R37: 121 | X37: 7 | Y37: 12
A38: 45801 | B38: 13316 | C38: 11691 | D38: 280 | E38: =B38-(C38+D38) -> 1345 | F38: =E38/B38*100 -> 10.100631 | G38: 51 | H38: 60 | K38: 1022 | O38: 24 | P38: 14 | R38: 148 | Y38: 9
A39: TOTAL | B39: =SUM(B33:B38) -> 71850 | C39: =SUM(C33:C38) -> 64744 | D39: =SUM(D33:D38) -> 1477 | E39: =SUM(E33:E38) -> 5595 | F39: =E39/B39*100 -> 7.7870564 | G39: =SUM(G33:G38) -> 156 | H39: =SUM(H33:H38) -> 321 | K39: =SUM(K33:K38) -> 4021 | O39: =SUM(O33:O38) -> 110 | R39: =SUM(R33:R38) -> 711 | X39: =SUM(X33:X38) -> 31 | Y39: =SUM(Y33:Y38) -> 44
A40: % | C40: =C39/$B$39*100 -> 90.109951 | D40: =D39/$B$39*100 -> 2.0556715 | E40: =E39/$B$39*100 -> 7.7870564 | F40: =F39/$B$39*100 -> 0.010837935 | G40: =G39/$B$39*100 -> 0.217119 | H40: =H39/$B$39*100 -> 0.44676409 | K40: =K39/$B$39*100 -> 5.5963814 | O40: =O39/$B$39*100 -> 0.15309673 | R40: =R39/$B$39*100 -> 0.98956159 | X40: =X39/$B$39*100 -> 0.043145442 | Y40: =Y39/$B$39*100 -> 0.061238692
A41: 45802 | B41: SUNDAY
A42: 45803 | B42: 9199 | C42: 8559 | D42: 225 | E42: =B42-(C42+D42) -> 415 | F42: =E42/B42*100 -> 4.5113599 | G42: 29 | H42: 38 | K42: 205 | O42: 29 | R42: 100 | Y42: 14
A43: 45804 | B43: 10687 | C43: 9796 | D43: 281 | E43: =B43-(C43+D43) -> 610 | F43: =E43/B43*100 -> 5.7078694 | G43: 44 | H43: 106 | K43: 280 | O43: 18 | P43: 15 | R43: 142 | X43: 1 | Y43: 4
A44: 45805 | B44: 10449 | C44: 9854 | D44: 254 | E44: =B44-(C44+D44) -> 341 | F44: =E44/B44*100 -> 3.2634702 | G44: 36 | H44: 31 | K44: 178 | O44: 4 | R44: 84 | X44: 4 | Y44: 4
A45: 45806 | B45: 10095 | C45: 9067 | D45: 377 | E45: =B45-(C45+D45) -> 651 | F45: =E45/B45*100 -> 6.448737 | G45: 47 | H45: 88 | K45: 322 | O45: 20 | P45: 60 | R45: 107 | Y45: 7
A46: 45807 | B46: 8512 | C46: 7543 | D46: 225 | E46: =B46-(C46+D46) -> 744 | F46: =E46/B46*100 -> 8.7406015 | G46: 40 | H46: 145 | K46: 70 | O46: 7 | P46: 295 | R46: 180 | Y46: 7
A47: 45808 | B47: 10534 | C47: 9462 | D47: 439 | E47: =B47-(C47+D47) -> 633 | F47: =E47/B47*100 -> 6.0091133 | G47: 95 | H47: 102 | K47: 105 | O47: 73 | P47: 140 | R47: 113 | X47: 5
A48: TOTAL | B48: =SUM(B42:B47) -> 59476 | C48: =SUM(C42:C47) -> 54281 | D48: =SUM(D42:D47) -> 1801 | E48: =SUM(E42:E47) -> 3394 | F48: =E48/B48*100 -> 5.7065035 | G48: =SUM(G42:G47) -> 291 | H48: =SUM(H42:H47) -> 510 | K48: =SUM(K42:K47) -> 1160 | O48: =SUM(O42:O47) -> 151 | R48: =SUM(R42:R47) -> 726 | X48: =SUM(X42:X47) -> 10 | Y48: =SUM(Y42:Y47) -> 36
A49: % | C49: =C48/$B$48*100 -> 91.265384 | D49: =D48/$B$48*100 -> 3.0281122 | E49: =E48/$B$48*100 -> 5.7065035 | F49: =F48/$B$48*100 -> 0.0095946322 | G49: =G48/$B$48*100 -> 0.48927298 | H49: =H48/$B$48*100 -> 0.85748873 | K49: =K48/$B$48*100 -> 1.9503665 | O49: =O48/$B$48*100 -> 0.25388392 | R49: =R48/$B$48*100 -> 1.2206604 | W49: =W48/$B$48*100 -> 0 | X49: =X48/$B$48*100 -> 0.016813505 | Y49: =Y48/$B$48*100 -> 0.060528617 | Z49: =Z48/$B$48*100 -> 0
A50: TOTAL | B50: =B48+B39+B30+B21+B12 -> 260949 | C50: =C48+C39+C30+C21+C12 -> 232255 | D50: =D48+D39+D30+D21+D12 -> 9872 | E50: =E48+E39+E30+E21+E12 -> 18788 | F50: =E50/B50*100 -> 7.1998743 | G50: =G48+G39+G30+G21+G12 -> 933 | H50: =H48+H39+H30+H21+H12 -> 2304 | I50: =I48+I39+I30+I21+I12 -> 0 | J50: =J48+J39+J30+J21+J12 -> 0 | K50: =K48+K39+K30+K21+K12 -> 8127 | L50: =L48+L39+L30+L21+L12 -> 0 | M50: =M48+M39+M30+M21+M12 -> 11 | N50: =N48+N39+N30+N21+N12 -> 0 | ... AA50: =AA48+AA39+AA30+AA21+AA12 -> 0
C51: =C50/B50*100 -> 89.003982 | D51: =D50/B50*100 -> 3.7831147 | E51: =E50/B50*100 -> 7.1998743 | F51: Current Trend | G51: =G50/B50*100 -> 0.35754113 | H51: =H50/B50*100 -> 0.88293115 | K51: =K50/B50*100 -> 3.1144017 | O51: =O50/B50*100 -> 0.36673833 | R51: =R50/B50*100 -> 1.9888944 | X51: =X50/B50*100 -> 0.2073202 | Y51: =Y50/B50*100 -> 0.049818164
F52: Target | G52: 0.5 | H52: 0.7 | I52: 0.1 | J52: 0.1 | K52: 0.7 | L52: 0.1 | M52: 0.1 | N52: 0.1 | O52: 0.3 | P52: 0.1 | Q52: 0.1 | R52: 1 | S52: 0.1 | T52: 0.1 | U52: 0.1 | V52: 0.1 | W52: 0.1 | X52: 0.3 | Y52: 0.1 | Z52: 0.1 | AA52: 0.1 | AB52: =SUM(G52:AA52) -> 5
F53: Deviation | G53: =G52-G51 -> 0.14245887 | H53: =H52-H51 -> -0.18293115 | I53: =I52-I51 -> 0.1 | J53: =J52-J51 -> 0.1 | K53: =K52-K51 -> -2.4144017 | L53: =L52-L51 -> 0.1 | M53: =M52-M51 -> 0.1 | N53: =N52-N51 -> 0.1 | ... AA53: =AA52-AA51 -> 0.1

Sheet JUNE 25
B1: DISPOSAFE HEALTH AND LIFE CARE LIMITED Plot No.37A, Sector-06, Ballabgarh (Faridabad) Haryana India 121006 | X1: Doc. No. : | AA1: F/QC/01:00
X2: Supersedes : | AA2: 00
X3: Effective Date : | AA3: 45607
B4: VISUAL INSPECTION REPORT | X4: Page 1 of 1
A5: DATE | B5: REC. QTY | C5: ACCEPT QTY | D5: HOLD QTY | E5: HOLD% | F5: REJ. QTY | G5: REJ % | H5: REASON FOR REJECTION
H6: 1 | I6: 2 | J6: 3 | K6: 4 | L6: 5 | M6: 6 | N6: 7 | O6: 8 | P6: 9 | Q6: 10 | R6: 11 | S6: 12 | T6: 13 | U6: 14 | V6: 15 | W6: 16 | X6: 17 | Y6: 18 | Z6: 19 | AA6: 20 | AB6: 21
H7: COAG | I7: SD | J7: TT | K7: BL | L7: PS | M7: SB | N7: PW | O7: FP | P7: RW | Q7: BEP | R7: DEC | S7: BM | T7: WEB | U7: BT | V7: SF | W7: BIC | X7: WK | Y7: BMP | Z7: TF | AA7: PH | AB7: BST
A8: 45809 | B8: SUNDAY
A9: 45810 | B9: 10616 | C9: 8689 | D9: 1582 | E9: =D9/B9*100 -> 14.902035 | F9: =B9-(C9+D9) -> 345 | G9: =F9/B9*100 -> 3.2498116 | H9: 46 | I9: 66 | L9: 10 | P9: 41 | Q9: 45 | S9: 126 | Y9: 7 | Z9: 4
A10: 45811 | B10: 7134 | C10: 6284 | D10: 305 | E10: =D10/B10*100 -> 4.2753014 | F10: =B10-(C10+D10) -> 545 | G10: =F10/B10*100 -> 7.6394729 | H10: 42 | I10: 87 | P10: 41 | Q10: 210 | S10: 150 | Y10: 11 | Z10: 4
A11: 45812 | B11: 8882 | C11: 7866 | D11: 299 | E11: =D11/B11*100 -> 3.3663589 | F11: =B11-(C11+D11) -> 717 | G11: =F11/B11*100 -> 8.0725062 | H11: 68 | I11: 101 | L11: 155 | P11: 79 | Q11: 121 | S11: 185 | Y11: 3 | Z11: 5
A12: 45813 | B12: 10963 | C12: 9942 | D12: 330 | E12: =D12/B12*100 -> 3.010125 | F12: =B12-(C12+D12) -> 691 | G12: =F12/B12*100 -> 6.3030192 | H12: 98 | I12: 94 | L12: 50 | P12: 111 | Q12: 102 | S12: 218 | Y12: 12 | Z12: 6
A13: 45814 | B13: 9576 | C13: 8635 | D13: 382 | E13: =D13/B13*100 -> 3.9891395 | F13: =B13-(C13+D13) -> 559 | G13: =F13/B13*100 -> 5.8375104 | H13: 48 | I13: 82 | L13: 129 | P13: 27 | Q13: 45 | S13: 214 | Y13: 6 | Z13: 8
A14: 45815 | B14: 11760 | C14: 10625 | D14: 285 | E14: =D14/B14*100 -> 2.4234694 | F14: =B14-(C14+D14) -> 850 | G14: =F14/B14*100 -> 7.2278912 | H14: 54 | I14: 59 | L14: 106 | P14: 233 | Q14: 59 | S14: 303 | Y14: 33 | Z14: 3
A15: TOTAL | B15: =SUM(B8:B14) -> 58931 | C15: =SUM(C8:C14) -> 52041 | D15: =SUM(D8:D14) -> 3183 | F15: =SUM(F8:F14) -> 3707 | G15: =SUM(G8:G14) -> 38.330212 | H15: =SUM(H8:H14) -> 356 | I15: =SUM(I8:I14) -> 489 | L15: =SUM(L8:L14) -> 450 | N15: =SUM(N8:N14) -> 0 | S15: =SUM(S8:S14) -> 1196 | Y15: =SUM(Y8:Y14) -> 72 | Z15: =SUM(Z8:Z14) -> 30
A16: % | C16: =C15/$B$15*100 -> 88.308361 | D16: =D15/$B$15*100 -> 5.4012319 | F16: =F15/$B$15*100 -> 6.2904074 | G16: =G15/$B$15*100 -> 0.065042527 | H16: =H15/$B$15*100 -> 0.60409632 | I16: =I15/$B$15*100 -> 0.82978398 | L16: =L15/$B$15*100 -> 0.76360489 | N16: =N15/$B$15*100 -> 0 | S16: =S15/$B$15*100 -> 2.0294921 | Y16: =Y15/$B$15*100 -> 0.12217678 | Z16: =Z15/$B$15*100 -> 0.050906993
A17: 45816 | B17: SUNDAY
A18: 45817 | B18: 11133 | C18: 10220 | D18: 335 | E18: =D18/B18*100 -> 3.0090721 | F18: =B18-(C18+D18) -> 578 | G18: =F18/B18*100 -> 5.1917722 | H18: 94 | I18: 59 | L18: 53 | P18: 78 | Q18: 24 | S18: 266 | Y18: 1 | Z18: 3
A19: 45818 | B19: 10733 | C19: 9642 | D19: 544 | E19: =D19/B19*100 -> 5.0684804 | F19: =B19-(C19+D19) -> 547 | G19: =F19/B19*100 -> 5.0964316 | H19: 92 | I19: 84 | L19: 96 | P19: 63 | Q19: 31 | S19: 175 | Y19: 3 | Z19: 3
A20: 45819 | B20: 11697 | C20: 10146 | D20: 387 | E20: =D20/B20*100 -> 3.3085407 | F20: =B20-(C20+D20) -> 1164 | G20: =F20/B20*100 -> 9.9512696 | H20: 103 | I20: 100 | L20: 111 | P20: 23 | Q20: 70 | S20: 448 | Z20: 9
A21: 45820 | B21: 10553 | C21: 10112 | D21: 26 | E21: =D21/B21*100 -> 0.24637544 | F21: =B21-(C21+D21) -> 415 | G21: =F21/B21*100 -> 3.932531 | H21: 140 | I21: 98 | L21: 12 | S21: 109 | Y21: 4 | Z21: 52
A22: 45821 | B22: 9505 | C22: 8630 | D22: 206 | E22: =D22/B22*100 -> 2.1672804 | F22: =B22-(C22+D22) -> 669 | G22: =F22/B22*100 -> 7.0384008 | H22: 70 | I22: 101 | L22: 78 | P22: 32 | Q22: 49 | S22: 324 | Z22: 15
A23: 45822 | B23: 9867 | C23: 9066 | D23: 253 | E23: =D23/B23*100 -> 2.5641026 | F23: =B23-(C23+D23) -> 548 | G23: =F23/B23*100 -> 5.5538664 | H23: 57 | I23: 48 | L23: 12 | P23: 39 | Q23: 128 | S23: 263 | AA23: 1
A24: TOTAL | B24: =SUM(B18:B23) -> 63488 | C24: =SUM(C18:C23) -> 57816 | D24: =SUM(D18:D23) -> 1751 | F24: =SUM(F18:F23) -> 3921 | G24: =F24/B24*100 -> 6.1759703 | H24: =SUM(H18:H23) -> 556 | I24: =SUM(I18:I23) -> 490 | L24: =SUM(L18:L23) -> 362 | P24: =SUM(P18:P23) -> 235 | S24: =SUM(S18:S23) -> 1585 | Y24: =SUM(Y18:Y23) -> 8 | Z24: =SUM(Z18:Z23) -> 82
A25: % | C25: =C24/$B$24*100 -> 91.066028 | D25: =D24/$B$24*100 -> 2.7580015 | F25: =F24/$B$24*100 -> 6.1759703 | G25: =G24/$B$24*100 -> 0.0097277757 | H25: =H24/$B$24*100 -> 0.87575605 | I25: =I24/$B$24*100 -> 0.7717994 | L25: =L24/$B$24*100 -> 0.57018649 | P25: =P24/$B$24*100 -> 0.37014869 | S25: =S24/$B$24*100 -> 2.4965348 | Y25: =Y24/$B$24*100 -> 0.012600806 | Z25: =Z24/$B$24*100 -> 0.12915827
A26: 45823 | B26: SUNDAY
A27: 45824 | B27: 11497 | C27: 10483 | D27: 400 | E27: =D27/B27*100 -> 3.4791685 | F27: =B27-(C27+D27) -> 614 | G27: =F27/B27*100 -> 5.3405236 | H27: 62 | I27: 90 | L27: 18 | P27: 7 | Q27: 103 | S27: 330 | Z27: 4
A28: 45825 | B28: 11226 | C28: 10107 | D28: 324 | E28: =D28/B28*100 -> 2.8861571 | F28: =B28-(C28+D28) -> 795 | G28: =F28/B28*100 -> 7.0817745 | H28: 100 | I28: 164 | L28: 110 | P28: 35 | Q28: 39 | S28: 340 | Z28: 7
A29: 45826 | B29: 10787 | C29: 9862 | D29: 310 | E29: =D29/B29*100 -> 2.8738296 | F29: =B29-(C29+D29) -> 615 | G29: =F29/B29*100 -> 5.7013071 | H29: 92 | I29: 118 | L29: 5 | P29: 85 | Q29: 15 | S29: 298 | Z29: 2
A30: 45827 | B30: 11204 | C30: 10148 | D30: 524 | E30: =D30/B30*100 -> 4.6769011 | F30: =B30-(C30+D30) -> 532 | G30: =F30/B30*100 -> 4.7483042 | H30: 103 | I30: 36 | L30: 6 | P30: 58 | Q30: 45 | S30: 281 | Y30: 1 | Z30: 2
A31: 45828 | B31: 9384 | C31: 8614 | D31: 214 | E31: =D31/B31*100 -> 2.2804774 | F31: =B31-(C31+D31) -> 556 | G31: =F31/B31*100 -> 5.9249787 | H31: 151 | I31: 73 | L31: 14 | P31: 14 | S31: 299 | Y31: 3 | Z31: 2
A32: 45829 | B32: 10569 | C32: 9860 | D32: 259 | E32: =D32/B32*100 -> 2.450563 | F32: =B32-(C32+D32) -> 450 | G32: =F32/B32*100 -> 4.2577349 | H32: 61 | I32: 38 | L32: 16 | P32: 41 | Q32: 20 | S32: 264 | Y32: 6 | Z32: 4
A33: TOTAL | B33: =SUM(B27:B32) -> 64667 | C33: =SUM(C27:C32) -> 59074 | D33: =SUM(D27:D32) -> 2031 | F33: =SUM(F27:F32) -> 3562 | G33: =F33/B33*100 -> 5.508219 | H33: =SUM(H27:H32) -> 569 | I33: =SUM(I27:I32) -> 519 | J33: =SUM(J27:J32) -> 0 | K33: =SUM(K27:K32) -> 0 | L33: =SUM(L27:L32) -> 169 | M33: =SUM(M27:M32) -> 0 | N33: =SUM(N27:N32) -> 0 | O33: =SUM(O27:O32) -> 0 | ... AB33: =SUM(AB27:AB32) -> 0
A34: % | C34: =C33/B33*100 -> 91.351076 | D34: =D33/B33*100 -> 3.1407055 | F34: =F33/B33*100 -> 5.508219 | H34: =H33/B33*100 -> 0.87989237 | I34: =I33/$B$33*100 -> 0.80257318 | L34: =L33/$B$33*100 -> 0.26133886 | P34: =P33/$B$33*100 -> 0.37113211 | S34: =S33/$B$33*100 -> 2.8020474 | X34: =X33/$B$33*100 -> 0 | Y34: =Y33/$B$33*100 -> 0.015463838 | Z34: =Z33/$B$33*100 -> 0.032474059 | AA34: =AA33/$B$33*100 -> 0
A35: 45830 | B35: 10013 | C35: 9544 | D35: 164 | E35: =D35/B35*100 -> 1.6378708 | F35: =B35-(C35+D35) -> 305 | G35: =F35/B35*100 -> 3.0460401 | H35: 53 | I35: 43 | L35: 23 | P35: 25 | Q35: 39 | S35: 120 | Z35: 2
A36: 45831 | B36: 12989 | C36: 12288 | D36: 318 | E36: =D36/B36*100 -> 2.4482254 | F36: =B36-(C36+D36) -> 383 | G36: =F36/B36*100 -> 2.9486489 | H36: 25 | I36: 38 | L36: 14 | P36: 68 | Q36: 32 | S36: 204 | Y36: 2
A37: 45832 | B37: 11910 | C37: 10958 | D37: 249 | E37: =D37/B37*100 -> 2.0906801 | F37: =B37-(C37+D37) -> 703 | G37: =F37/B37*100 -> 5.9026029 | H37: 140 | I37: 117 | M37: 100 | P37: 28 | Q37: 10 | S37: 308
A38: 45833 | B38: 11260 | C38: 10404 | D38: 176 | E38: =D38/B38*100 -> 1.5630551 | F38: =B38-(C38+D38) -> 680 | G38: =F38/B38*100 -> 6.0390764 | H38: 201 | I38: 143 | L38: 35 | P38: 15 | Q38: 61 | S38: 225
A39: 45834 | B39: 12886 | C39: 12069 | D39: 230 | E39: =D39/B39*100 -> 1.7848828 | F39: =B39-(C39+D39) -> 587 | G39: =F39/B39*100 -> 4.5553314 | H39: 122 | I39: 68 | L39: 11 | P39: 25 | Q39: 7 | S39: 347 | Y39: 3 | Z39: 4
A40: 45835 | B40: 11844 | C40: 11028 | D40: 160 | E40: =D40/B40*100 -> 1.350895 | F40: =B40-(C40+D40) -> 656 | G40: =F40/B40*100 -> 5.5386694 | H40: 143 | I40: 71 | L40: 18 | P40: 18 | Q40: 8 | S40: 348
A41: 45836 | B41: 13320 | C41: 12255 | D41: 233 | E41: =D41/B41*100 -> 1.7492492 | F41: =B41-(C41+D41) -> 832 | G41: =F41/B41*100 -> 6.2462462 | H41: 275 | I41: 49 | L41: 192 | P41: 19 | Q41: 13 | S41: 283 | Z41: 1
A42: TOTAL | B42: =SUM(B36:B41) -> 74209 | C42: =SUM(C36:C41) -> 69002 | D42: =SUM(D36:D41) -> 1366 | F42: =SUM(F36:F41) -> 3841 | G42: =F42/B42*100 -> 5.1759221 | H42: =SUM(H36:H41) -> 906 | I42: =SUM(I36:I41) -> 486 | L42: =SUM(L36:L41) -> 270 | P42: =SUM(P36:P41) -> 173 | S42: =SUM(S36:S41) -> 1715 | Y42: =SUM(Y36:Y41) -> 5 | Z42: =SUM(Z36:Z41) -> 5
A43: % | C43: =C42/$B$42*100 -> 92.983331 | D43: =D42/$B$42*100 -> 1.8407471 | F43: =F42/$B$42*100 -> 5.1759221 | G43: =G42/$B$42*100 -> 0.0069747902 | H43: =H42/$B$42*100 -> 1.2208762 | I43: =I42/$B$42*100 -> 0.65490709 | L43: =L42/$B$42*100 -> 0.36383727 | P43: =P42/$B$42*100 -> 0.23312536 | S43: =S42/$B$42*100 -> 2.3110404 | Y43: =Y42/$B$42*100 -> 0.0067377272 | Z43: =Z42/$B$42*100 -> 0.0067377272
A44: 45837 | B44: SUNDAY
A45: 45807 | B45: 8224 | C45: 7455 | D45: 233 | F45: =B45-(C45+D45) -> 536 | G45: =F45/B45*100 -> 6.5175097 | H45: 150 | I45: 54 | L45: 62 | P45: 5 | Q45: 6 | S45: 259
A46: TOTAL | B46: =SUM(B45:B45) -> 8224 | C46: =SUM(C45:C45) -> 7455 | D46: =SUM(D45:D45) -> 233 | F46: =SUM(F45:F45) -> 536 | G46: =F46/B46*100 -> 6.5175097 | H46: =SUM(H45:H45) -> 150 | I46: =SUM(I45:I45) -> 54 | L46: =SUM(L45:L45) -> 62 | P46: =SUM(P45:P45) -> 5 | S46: =SUM(S45:S45) -> 259 | Y46: =SUM(Y45:Y45) -> 0 | Z46: =SUM(Z45:Z45) -> 0
A47: % | C47: =C46/$B$46*100 -> 90.649319 | D47: =D46/$B$46*100 -> 2.8331712 | F47: =F46/$B$46*100 -> 6.5175097 | G47: =G46/$B$46*100 -> 0.079249875 | H47: =H46/$B$46*100 -> 1.82393 | I47: =I46/$B$46*100 -> 0.65661479 | L47: =L46/$B$46*100 -> 0.75389105 | P47: =P46/$B$46*100 -> 0.060797665 | S47: =S46/$B$46*100 -> 3.1493191 | X47: =X46/$B$46*100 -> 0 | Y47: =Y46/$B$46*100 -> 0 | Z47: =Z46/$B$46*100 -> 0 | AA47: =AA46/$B$46*100 -> 0
A48: TOTAL | B48: =B46+B42+B33+B24+B15 -> 269519 | C48: =C46+C42+C33+C24+C15 -> 245388 | D48: =D46+D42+D33+D24+D15 -> 8564 | F48: =F46+F42+F33+F24+F15 -> 15567 | G48: =F48/B48*100 -> 5.7758451 | H48: =H46+H42+H33+H24+H15 -> 2537 | I48: =I46+I42+I33+I24+I15 -> 2038 | J48: =J46+J42+J33+J24+J15 -> 0 | K48: =K46+K42+K33+K24+K15 -> 0 | L48: =L46+L42+L33+L24+L15 -> 1313 | M48: =M46+M42+M33+M24+M15 -> 0 | N48: =N46+N42+N33+N24+N15 -> 0 | O48: =O46+O42+O33+O24+O15 -> 0 | ... AB48: =AB46+AB42+AB33+AB24+AB15 -> 0
C49: =C48/B48*100 -> 91.046642 | D49: =D48/B48*100 -> 3.1775125 | F49: =F48/B48*100 -> 5.7758451 | G49: Current Trend | H49: =H48/B48*100 -> 0.94130655 | I49: =I48/B48*100 -> 0.7561619 | L49: =L48/B48*100 -> 0.48716417 | P49: =P48/B48*100 -> 0.24228348 | S49: =S48/B48*100 -> 2.4365629 | Y49: =Y48/B48*100 -> 0.035247979 | Z49: =Z48/B48*100 -> 0.051202327
G50: Target | H50: 0.5 | I50: 0.7 | J50: 0.1 | K50: 0.1 | L50: 0.7 | M50: 0.1 | N50: 0.1 | O50: 0.1 | P50: 0.3 | Q50: 0.1 | R50: 0.1 | S50: 1 | T50: 0.1 | U50: 0.1 | V50: 0.1 | W50: 0.1 | X50: 0.1 | Y50: 0.3 | Z50: 0.1 | AA50: 0.1 | AB50: 0.1 | AC50: =SUM(H50:AB50) -> 5
G51: Deviation | H51: =H50-H49 -> -0.44130655 | I51: =I50-I49 -> -0.056161903 | J51: =J50-J49 -> 0.1 | K51: =K50-K49 -> 0.1 | L51: =L50-L49 -> 0.21283583 | M51: =M50-M49 -> 0.1 | N51: =N50-N49 -> 0.1 | O51: =O50-O49 -> 0.1 | ... AB51: =AB50-AB49 -> 0.1

Sheet JULY 25
B1: DISPOSAFE HEALTH AND LIFE CARE LIMITED Plot No.37A, Sector-06, Ballabgarh (Faridabad) Haryana India 121006 | X1: Doc. No. : | AA1: F/QC/01:00
X2: Supersedes : | AA2: 00
X3: Effective Date : | AA3: 45607
B4: VISUAL INSPECTION REPORT | X4: Page 1 of 1
A5: DATE | B5: REC. QTY | C5: ACCEPT QTY | D5: HOLD QTY | E5: HOLD% | F5: REJ. QTY | G5: REJ % | H5: REASON FOR REJECTION
H6: 1 | I6: 2 | J6: 3 | K6: 4 | L6: 5 | M6: 6 | N6: 7 | O6: 8 | P6: 9 | Q6: 10 | R6: 11 | S6: 12 | T6: 13 | U6: 14 | V6: 15 | W6: 16 | X6: 17 | Y6: 18 | Z6: 19 | AA6: 20 | AB6: 21
H7: COAG | I7: SD | J7: TT | K7: BL | L7: PS | M7: SB | N7: PW | O7: FP | P7: RW | Q7: BEP | R7: DEC | S7: BM | T7: WEB | U7: BT | V7: SF | W7: BIC | X7: WK | Y7: BMP | Z7: TF | AA7: PH | AB7: BST
A8: 45839 | B8: 7482 | C8: 6049 | D8: 482 | E8: =D8/B8*100 -> 6.4421278 | F8: =B8-(C8+D8) -> 951 | G8: =F8/B8*100 -> 12.710505 | H8: 245 | I8: 72 | L8: 68 | P8: 14 | Q8: 45 | S8: 507
A9: 45840 | B9: 13349 | C9: 11022 | D9: 1352 | E9: =D9/B9*100 -> 10.128099 | F9: =B9-(C9+D9) -> 975 | G9: =F9/B9*100 -> 7.3039179 | H9: 460 | I9: 81 | L9: 168 | P9: 20 | Q9: 5 | S9: 221 | T9: 13 | Z9: 7
A10: 45841 | B10: 10643 | C10: 9232 | D10: 419 | E10: =D10/B10*100 -> 3.9368599 | F10: =B10-(C10+D10) -> 992 | G10: =F10/B10*100 -> 9.3206803 | H10: 175 | I10: 78 | L10: 96 | P10: 80 | Q10: 136 | S10: 402 | Z10: 25
A11: 45842 | B11: 13078 | C11: 11892 | D11: 391 | E11: =D11/B11*100 -> 2.9897538 | F11: =B11-(C11+D11) -> 795 | G11: =F11/B11*100 -> 6.0789111 | H11: 161 | I11: 70 | L11: 38 | P11: 43 | Q11: 62 | S11: 416 | Y11: 5
A12: 45843 | B12: 10618 | C12: 9749 | D12: 308 | E12: =D12/B12*100 -> 2.9007346 | F12: =B12-(C12+D12) -> 561 | G12: =F12/B12*100 -> 5.2834809 | H12: 151 | I12: 119 | L12: 30 | Q12: 29 | S12: 232
A13: TOTAL | B13: =SUM(B8:B12) -> 55170 | C13: =SUM(C8:C12) -> 47944 | D13: =SUM(D8:D12) -> 2952 | E13: =SUM(E8:E12) -> 26.397576 | F13: =SUM(F8:F12) -> 4274 | G13: =SUM(G8:G12) -> 40.697495 | H13: =SUM(H8:H12) -> 1192 | I13: =SUM(I8:I12) -> 420 | ... AB13: =SUM(AB8:AB12) -> 0
A14: % | C14: =C13/$B$13*100 -> 86.902302 | D14: =D13/$B$13*100 -> 5.3507341 | E14: =E13/$B$13*100 -> 0.047847699 | F14: =F13/$B$13*100 -> 7.7469639 | G14: =G13/$B$13*100 -> 0.073767438 | H14: =H13/$B$13*100 -> 2.1605945 | I14: =I13/$B$13*100 -> 0.76128331 | J14: =J13/$B$13*100 -> 0 | ... AB14: =AB13/$B$13*100 -> 0 | AC14: =SUM(H14:AB14) -> 7.7469639
A15: 45844 | B15: 8182 | C15: 7202 | D15: 148 | E15: =D15/B15*100 -> 1.8088487 | F15: =B15-(C15+D15) -> 832 | G15: =F15/B15*100 -> 10.168663 | H15: 128 | I15: 29 | L15: 301 | P15: 47 | Q15: 14 | S15: 311 | Z15: 2 | AE15: =SUM(B35:B39,B43:B46,'AUGUST 25'!B8:B9,'AUGUST 25'!B13:B17,'AUGUST 25'!B22:B25,'AUGUST 25'!B30:B35) -> 300203 | AG15: =SUM(F35:F39,F43:F46,'AUGUST 25'!F8:F9,'AUGUST 25'!F13:F17,'AUGUST 25'!F22:F25,'AUGUST 25'!F30:F35) -> 11935 | AI15: =AG15/AE15*100 -> 3.9756431
A16: 45845 | B16: 9058 | C16: 7949 | D16: 418 | E16: =D16/B16*100 -> 4.6147052 | F16: =B16-(C16+D16) -> 691 | G16: =F16/B16*100 -> 7.6286156 | H16: 110 | I16: 199 | L16: 127 | P16: 9 | Q16: 51 | S16: 195
A17: 45846 | B17: 9811 | C17: 8359 | D17: 359 | E17: =D17/B17*100 -> 3.6591581 | F17: =B17-(C17+D17) -> 1093 | G17: =F17/B17*100 -> 11.140557 | H17: 110 | I17: 266 | L17: 40 | P17: 43 | Q17: 237 | S17: 390 | Z17: 7
A18: 45847 | B18: 11534 | C18: 10670 | D18: 190 | E18: =D18/B18*100 -> 1.6473036 | F18: =B18-(C18+D18) -> 674 | G18: =F18/B18*100 -> 5.8435929 | H18: 100 | I18: 77 | L18: 79 | P18: 52 | Q18: 29 | S18: 333 | Y18: 3 | Z18: 1
A19: 45848 | B19: 10445 | C19: 9505 | D19: 167 | E19: =D19/B19*100 -> 1.5988511 | F19: =B19-(C19+D19) -> 773 | G19: =F19/B19*100 -> 7.4006702 | H19: 70 | I19: 223 | L19: 123 | P19: 18 | Q19: 26 | S19: 298 | X19: 15
A20: 45849 | B20: 10340 | C20: 9422 | D20: 328 | E20: =D20/B20*100 -> 3.172147 | F20: =B20-(C20+D20) -> 590 | G20: =F20/B20*100 -> 5.7059961 | H20: 98 | I20: 81 | L20: 11 | P20: 61 | S20: 231 | X20: 100 | Z20: 8
A21: 45850 | B21: 11138 | C21: 10176 | D21: 350 | E21: =D21/B21*100 -> 3.1423954 | F21: =B21-(C21+D21) -> 612 | G21: =F21/B21*100 -> 5.4947028 | H21: 81 | I21: 42 | L21: 15 | P21: 77 | Q21: 5 | S21: 325 | X21: 57 | Y21: 2 | Z21: 8
A22: TOTAL | B22: =SUM(B15:B21) -> 70508 | C22: =SUM(C15:C21) -> 63283 | D22: =SUM(D15:D21) -> 1960 | E22: =SUM(E15:E21) -> 19.643409 | F22: =SUM(F15:F21) -> 5265 | G22: =F22/B22*100 -> 7.4672378 | H22: =SUM(H15:H21) -> 697 | I22: =SUM(I15:I21) -> 917 | J22: =SUM(J15:J21) -> 0 | K22: =SUM(K15:K21) -> 0 | L22: =SUM(L15:L21) -> 696 | M22: =SUM(M15:M21) -> 0 | N22: =SUM(N15:N21) -> 0 | O22: =SUM(O15:O21) -> 0 | ... AB22: =SUM(AB15:AB21) -> 0
A23: % | C23: =C22/$B$22*100 -> 89.752936 | D23: =D22/$B$22*100 -> 2.7798264 | E23: =E22/$B$22*100 -> 0.02785983 | F23: =F22/$B$22*100 -> 7.4672378 | G23: =G22/$B$22*100 -> 0.010590625 | H23: =H22/$B$22*100 -> 0.98854031 | I23: =I22/$B$22*100 -> 1.3005616 | J23: =J22/$B$22*100 -> 0 | ... AB23: =AB22/$B$22*100 -> 0 | AC23: =SUM(H23:AB23) -> 7.4672378
A24: 45851 | E24: =D24/B24*100 -> #DIV/0! | F24: =B24-(C24+D24) -> 0 | G24: =F24/B24*100 -> #DIV/0!
A25: 45852 | B25: 11290 | C25: 10305 | D25: 385 | E25: =D25/B25*100 -> 3.4100974 | F25: =B25-(C25+D25) -> 600 | G25: =F25/B25*100 -> 5.3144376 | H25: 116 | I25: 53 | L25: 28 | P25: 54 | Q25: 18 | S25: 307 | X25: 12 | Y25: 8 | Z25: 4
A26: 45853 | B26: 11943 | C26: 11116 | D26: 255 | E26: =D26/B26*100 -> 2.1351419 | F26: =B26-(C26+D26) -> 572 | G26: =F26/B26*100 -> 4.7894164 | H26: 125 | I26: 77 | P26: 31 | Q26: 17 | S26: 242 | X26: 10 | Y26: 10 | Z26: 60
A27: 45854 | B27: 9674 | C27: 9005 | D27: 65 | E27: =D27/B27*100 -> 0.67190407 | F27: =B27-(C27+D27) -> 604 | G27: =F27/B27*100 -> 6.2435394 | H27: 110 | I27: 100 | L27: 78 | Q27: 31 | S27: 184 | Z27: 81
A28: 45855 | B28: 10096 | C28: 9429 | D28: 64 | E28: =D28/B28*100 -> 0.63391442 | F28: =B28-(C28+D28) -> 603 | G28: =F28/B28*100 -> 5.9726624 | H28: 95 | I28: 97 | L28: 26 | M28: 6 | Q28: 101 | S28: 236 | Z28: 42
A29: 45856 | B29: 12103 | C29: 11421 | D29: 157 | E29: =D29/B29*100 -> 1.297199 | F29: =B29-(C29+D29) -> 525 | G29: =F29/B29*100 -> 4.3377675 | H29: 93 | I29: 86 | L29: 43 | Q29: 30 | S29: 234 | Z29: 39
A30: 45857 | B30: 12283 | C30: 11507 | D30: 221 | E30: =D30/B30*100 -> 1.7992347 | F30: =B30-(C30+D30) -> 555 | G30: =F30/B30*100 -> 4.5184401 | H30: 101 | I30: 76 | L30: 77 | Q30: 40 | S30: 242 | Z30: 20
A31: TOTAL | B31: =SUM(B24:B30) -> 67389 | C31: =SUM(C24:C30) -> 62783 | D31: =SUM(D24:D30) -> 1147 | E31: =SUM(E24:E30) -> #DIV/0! | F31: =SUM(F24:F30) -> 3459 | G31: =SUM(G24:G30) -> #DIV/0! | H31: =SUM(H24:H30) -> 640 | I31: =SUM(I24:I30) -> 489 | ... AB31: =SUM(AB24:AB30) -> 0
A32: % | C32: =C31/$B$31*100 -> 93.165057 | D32: =D31/$B$31*100 -> 1.7020582 | E32: =E31/$B$31*100 -> #DIV/0! | F32: =F31/$B$31*100 -> 5.1328852 | G32: =G31/$B$31*100 -> #DIV/0! | H32: =H31/$B$31*100 -> 0.94970989 | I32: =I31/$B$31*100 -> 0.72563772 | J32: =J31/$B$31*100 -> 0 | ... AB32: =AB31/$B$31*100 -> 0 | AC32: =SUM(H32:AB32) -> 5.1046907
A33: 45858 | E33: =D33/B33*100 -> #DIV/0! | F33: =B33-(C33+D33) -> 0 | G33: =F33/B33*100 -> #DIV/0!
A34: 45859 | B34: 10884 | C34: 10120 | D34: 340 | E34: =D34/B34*100 -> 3.1238515 | F34: =B34-(C34+D34) -> 424 | G34: =F34/B34*100 -> 3.8956266 | H34: 70 | I34: 65 | L34: 61 | Q34: 24 | S34: 165 | Z34: 39
A35: 45860 | B35: 14229 | C35: 13366 | D35: 282 | E35: =D35/B35*100 -> 1.981868 | F35: =B35-(C35+D35) -> 581 | G35: =F35/B35*100 -> 4.0832103 | H35: 63 | I35: 56 | L35: 23 | P35: 42 | Q35: 10 | S35: 362 | X35: 5 | Y35: 18 | Z35: 2
A36: 45861 | B36: 14278 | C36: 13291 | D36: 342 | E36: =D36/B36*100 -> 2.3952935 | F36: =B36-(C36+D36) -> 645 | G36: =F36/B36*100 -> 4.5174394 | H36: 130 | I36: 69 | L36: 44 | P36: 2 | Q36: 35 | S36: 314 | Y36: 30 | Z36: 21
A37: 45862 | B37: 15795 | C37: 14843 | D37: 443 | E37: =D37/B37*100 -> 2.804685 | F37: =B37-(C37+D37) -> 509 | G37: =F37/B37*100 -> 3.2225388 | H37: 111 | I37: 68 | L37: 27 | P37: 2 | Q37: 1 | S37: 280 | Y37: 20
A38: 45863 | B38: 13114 | C38: 12280 | D38: 273 | E38: =D38/B38*100 -> 2.0817447 | F38: =B38-(C38+D38) -> 561 | G38: =F38/B38*100 -> 4.277871 | H38: 93 | I38: 62 | P38: 10 | S38: 260 | Y38: 134 | Z38: 2
A39: 45864 | B39: 15077 | C39: 13976 | D39: 486 | E39: =D39/B39*100 -> 3.2234529 | F39: =B39-(C39+D39) -> 615 | G39: =F39/B39*100 -> 4.0790608 | H39: 132 | I39: 59 | P39: 55 | Q39: 1 | S39: 231 | Y39: 129 | Z39: 9
A40: TOTAL | B40: =SUM(B33:B39) -> 83377 | C40: =SUM(C33:C39) -> 77876 | D40: =SUM(D33:D39) -> 2166 | E40: =SUM(E33:E39) -> #DIV/0! | F40: =SUM(F33:F39) -> 3335 | G40: =SUM(G33:G39) -> #DIV/0! | H40: =SUM(H33:H39) -> 599 | I40: =SUM(I33:I39) -> 379 | ... AB40: =SUM(AB33:AB39) -> 0
A41: % | C41: =C40/$B$40*100 -> 93.402257 | D41: =D40/$B$40*100 -> 2.5978387 | E41: =E40/$B$40*100 -> #DIV/0! | F41: =F40/$B$40*100 -> 3.9999041 | G41: =G40/$B$40*100 -> #DIV/0! | H41: =H40/$B$40*100 -> 0.71842355 | I41: =I40/$B$40*100 -> 0.45456181 | J41: =J40/$B$40*100 -> 0 | ... AB41: =AB40/$B$40*100 -> 0 | AC41: =SUM(H41:AB41) -> 4.0011034
A42: 45865 | E42: =D42/B42*100 -> #DIV/0! | F42: =B42-(C42+D42) -> 0 | G42: =F42/B42*100 -> #DIV/0!
A43: 45866 | B43: 11225 | C43: 10388 | D43: 255 | E43: =D43/B43*100 -> 2.2717149 | F43: =B43-(C43+D43) -> 582 | G43: =F43/B43*100 -> 5.1848552 | H43: 95 | I43: 95 | P43: 130 | Q43: 44 | S43: 220 | Z43: 38
A44: 45867 | B44: 13015 | C44: 11973 | D44: 722 | E44: =D44/B44*100 -> 5.5474453 | F44: =B44-(C44+D44) -> 320 | G44: =F44/B44*100 -> 2.4587015 | H44: 77 | I44: 56 | L44: 4 | O44: 8 | P44: 24 | Q44: 4 | S44: 34 | Y44: 108 | Z44: 5
A45: 45868 | B45: 13137 | C45: 12242 | D45: 317 | E45: =D45/B45*100 -> 2.4130319 | F45: =B45-(C45+D45) -> 578 | G45: =F45/B45*100 -> 4.3997869 | H45: 27 | I45: 71 | L45: 25 | P45: 25 | Q45: 18 | S45: 387 | Y45: 27
A46: 45869 | B46: 13642 | C46: 12822 | D46: 279 | E46: =D46/B46*100 -> 2.0451547 | F46: =B46-(C46+D46) -> 541 | G46: =F46/B46*100 -> 3.9656942 | H46: 110 | I46: 84 | P46: 26 | S46: 187 | Y46: 10 | Z46: 124
A47: TOTAL | B47: =SUM(B42:B46) -> 51019 | C47: =SUM(C42:C46) -> 47425 | D47: =SUM(D42:D46) -> 1573 | E47: =SUM(E42:E46) -> #DIV/0! | F47: =SUM(F42:F46) -> 2021 | G47: =SUM(G42:G46) -> #DIV/0! | H47: =SUM(H42:H46) -> 309 | I47: =SUM(I42:I46) -> 306 | ... AB47: =SUM(AB42:AB46) -> 0
A48: % | C48: =C47/$B$47*100 -> 92.955566 | D48: =D47/$B$47*100 -> 3.0831651 | E48: =E47/$B$47*100 -> #DIV/0! | F48: =F47/$B$47*100 -> 3.9612693 | G48: =G47/$B$47*100 -> #DIV/0! | H48: =H47/$B$47*100 -> 0.60565672 | I48: =I47/$B$47*100 -> 0.59977655 | J48: =J47/$B$47*100 -> 0 | ... AB48: =AB47/$B$47*100 -> 0
A49: TOTAL | B49: =B13+B47+B40+B31+B22 -> 327463 | C49: =C13+C47+C40+C31+C22 -> 299311 | D49: =D13+D47+D40+D31+D22 -> 9798 | E49: =E13+E47+E40+E31+E22 -> #DIV/0! | F49: =F13+F47+F40+F31+F22 -> 18354 | G49: =F49/B49*100 -> 5.604908 | H49: =H13+H47+H40+H31+H22 -> 3437 | I49: =I13+I47+I40+I31+I22 -> 2511 | J49: =J13+J47+J40+J31+J22 -> 0 | K49: =K13+K47+K40+K31+K22 -> 0 | L49: =L13+L47+L40+L31+L22 -> 1532 | M49: =M13+M47+M40+M31+M22 -> 6 | N49: =N13+N47+N40+N31+N22 -> 0 | O49: =O13+O47+O40+O31+O22 -> 8 | ... AB49: =AB13+AB47+AB40+AB31+AB22 -> 0
C50: =C49/B49*100 -> 91.402998 | D50: =D49/B49*100 -> 2.9920938 | F50: =F49/B49*100 -> 5.604908 | G50: Current Trend | H50: =H49/B49*100 -> 1.0495842 | I50: =I49/B49*100 -> 0.76680419 | L50: =L49/$B$49*100 -> 0.46783911 | M50: =M49/$B$49*100 -> 0.0018322681 | N50: =N49/$B$49*100 -> 0 | O50: =O49/$B$49*100 -> 0.0024430241 | P50: =P49/$B$49*100 -> 0.26415198 | Q50: =Q49/$B$49*100 -> 0.30934793 | S50: =S49/$B$49*100 -> 2.3654581 | T50: =T49/$B$49*100 -> 0.0039699142 | U50: =U49/$B$49*100 -> 0 | V50: =V49/$B$49*100 -> 0 | W50: =W49/$B$49*100 -> 0 | X50: =X49/$B$49*100 -> 0.060770224 | Y50: =Y49/B49*100 -> 0.15391052 | Z50: =Z49/B49*100 -> 0.16612564
G51: Target | H51: 0.5 | I51: 0.7 | J51: 0.1 | K51: 0.1 | L51: 0.7 | M51: 0.1 | N51: 0.1 | O51: 0.1 | P51: 0.3 | Q51: 0.1 | R51: 0.1 | S51: 1 | T51: 0.1 | U51: 0.1 | V51: 0.1 | W51: 0.1 | X51: 0.1 | Y51: 0.3 | Z51: 0.1 | AA51: 0.1 | AB51: 0.1 | AC51: =SUM(H51:AB51) -> 5 | AD51: =SUM(H50:AB50) -> 5.6122371
G52: Deviation | H52: =H51-H50 -> -0.54958423 | I52: =I51-I50 -> -0.066804189 | J52: =J51-J50 -> 0.1 | K52: =K51-K50 -> 0.1 | L52: =L51-L50 -> 0.23216089 | M52: =M51-M50 -> 0.098167732 | N52: =N51-N50 -> 0.1 | O52: =O51-O50 -> 0.097556976 | ... AB52: =AB51-AB50 -> 0.1

Sheet AUGUST 25
B1: DISPOSAFE HEALTH AND LIFE CARE LIMITED Plot No.37A, Sector-06, Ballabgarh (Faridabad) Haryana India 121006 | X1: Doc. No. : | AA1: F/QC/01:00
X2: Supersedes : | AA2: 00
X3: Effective Date : | AA3: 45607
B4: VISUAL INSPECTION REPORT | X4: Page 1 of 1
A5: DATE | B5: REC. QTY | C5: ACCEPT QTY | D5: HOLD QTY | E5: HOLD% | F5: REJ. QTY | G5: REJ % | H5: REASON FOR REJECTION
H6: 1 | I6: 2 | J6: 3 | K6: 4 | L6: 5 | M6: 6 | N6: 7 | O6: 8 | P6: 9 | Q6: 10 | R6: 11 | S6: 12 | T6: 13 | U6: 14 | V6: 15 | W6: 16 | X6: 17 | Y6: 18 | Z6: 19 | AA6: 20 | AB6: 21
H7: COAG | I7: SD | J7: TT | K7: BL | L7: PS | M7: SB | N7: PW | O7: FP | P7: RW | Q7: BEP | R7: DEC | S7: BM | T7: WEB | U7: BT | V7: SF | W7: BIC | X7: WK | Y7: BMP | Z7: TF | AA7: PH | AB7: BST
A8: 45870 | B8: 14352 | C8: 13483 | D8: 412 | E8: =D8/B8*100 -> 2.87068 | F8: =B8-(C8+D8) -> 457 | G8: =F8/B8*100 -> 3.1842252 | H8: 80 | I8: 41 | P8: 48 | Q8: 2 | S8: 183 | X8: 2 | Y8: 10 | Z8: 71
A9: 45871 | B9: 11884 | C9: 11771 | D9: 231 | E9: =D9/B9*100 -> 1.94379 | F9: 423 | G9: =F9/B9*100 -> 3.5594076 | H9: 78 | I9: 71 | L9: 5 | P9: 38 | Q9: 13 | S9: 162 | Y9: 8 | Z9: 46
A10: TOTAL | B10: =SUM(B8:B9) -> 26236 | C10: =SUM(C8:C9) -> 25254 | D10: =SUM(D8:D9) -> 643 | E10: =SUM(E8:E9) -> 4.81447 | F10: =SUM(F8:F9) -> 880 | G10: =SUM(G8:G9) -> 6.7436328 | H10: =SUM(H8:H9) -> 158 | I10: =SUM(I8:I9) -> 112 | ... AB10: =SUM(AB8:AB9) -> 0
A11: % | C11: =C10/$B$10*100 -> 96.257051 | D11: =D10/$B$10*100 -> 2.4508309 | E11: =E10/$B$10*100 -> 0.018350625 | F11: =F10/$B$10*100 -> 3.3541698 | G11: =G10/$B$10*100 -> 0.025703738 | H11: =H10/$B$10*100 -> 0.60222595 | I11: =I10/$B$10*100 -> 0.42689434 | J11: =J10/$B$10*100 -> 0 | ... AB11: =AB10/$B$10*100 -> 0 | AC11: =SUM(H11:AB11) -> 3.2703156
A12: 45872 | E12: =D12/B12*100 -> #DIV/0! | F12: =B12-(C12+D12) -> 0 | G12: =F12/B12*100 -> #DIV/0!
A13: 45873 | B13: 9697 | C13: 8890 | D13: 526 | E13: =D13/B13*100 -> 5.424358 | F13: =B13-(C13+D13) -> 281 | G13: =F13/B13*100 -> 2.8978034 | H13: 49 | I13: 17 | P13: 108 | S13: 65 | Y13: 42
A14: 45874 | B14: 12170 | C14: 10928 | D14: 705 | E14: =D14/B14*100 -> 5.7929334 | F14: =B14-(C14+D14) -> 537 | G14: =F14/B14*100 -> 4.4124897 | H14: 139 | I14: 24 | P14: 125 | S14: 176 | Y14: 68 | Z14: 5
A15: 45875 | B15: 9162 | C15: 8596 | D15: 275 | E15: =D15/B15*100 -> 3.0015281 | F15: =B15-(C15+D15) -> 291 | G15: =F15/B15*100 -> 3.1761624 | H15: 96 | I15: 20 | P15: 79 | Q15: 13 | S15: 64 | Y15: 13 | Z15: 6
A16: 45876 | B16: 11553 | C16: 9762 | D16: 1207 | E16: =D16/B16*100 -> 10.447503 | F16: =B16-(C16+D16) -> 584 | G16: =F16/B16*100 -> 5.0549641 | H16: 96 | I16: 74 | P16: 65 | Q16: 5 | S16: 199 | Y16: 140 | Z16: 5
A17: 45877 | B17: 8843 | C17: 6765 | D17: 1341 | E17: =D17/B17*100 -> 15.164537 | F17: =B17-(C17+D17) -> 737 | G17: =F17/B17*100 -> 8.3342757 | H17: 60 | I17: 60 | L17: 8 | P17: 102 | S17: 352 | X17: 2 | Y17: 169 | Z17: 4
A18: 45878 | B18: HOLIDAY
A19: TOTAL | B19: =SUM(B12:B18) -> 51425 | C19: =SUM(C12:C18) -> 44941 | D19: =SUM(D12:D18) -> 4054 | E19: =SUM(E12:E18) -> #DIV/0! | F19: =SUM(F12:F18) -> 2430 | G19: =SUM(G12:G18) -> #DIV/0! | H19: =SUM(H12:H18) -> 440 | I19: =SUM(I12:I18) -> 195 | ... AB19: =SUM(AB12:AB18) -> 0
A20: % | C20: =C19/$B$19*100 -> 87.391347 | D20: =D19/$B$19*100 -> 7.8833252 | E20: =E19/$B$19*100 -> #DIV/0! | F20: =F19/$B$19*100 -> 4.7253281 | G20: =G19/$B$19*100 -> #DIV/0! | H20: =H19/$B$19*100 -> 0.85561497 | I20: =I19/$B$19*100 -> 0.379193 | J20: =J19/$B$19*100 -> 0 | ... AB20: =AB19/$B$19*100 -> 0 | AC20: =SUM(H20:AB20) -> 4.7642197
A21: 45879 | E21: 0 | F21: =B21-(C21+D21) -> 0
A22: 45880 | B22: 10488 | C22: 9678 | D22: 656 | E22: =D22/B22*100 -> 6.2547674 | F22: =B22-(C22+D22) -> 154 | G22: =F22/B22*100 -> 1.4683448 | H22: 207 | L22: 102 | Q22: 6 | S22: 92 | X22: 138 | Y22: 101 | Z22: 10
A23: 45881 | B23: 7782 | C23: 6410 | D23: 743 | E23: =D23/B23*100 -> 9.5476741 | F23: =B23-(C23+D23) -> 629 | G23: =F23/B23*100 -> 8.0827551 | H23: 103 | I23: 17 | L23: 3 | Q23: 67 | S23: 165 | X23: 214 | Y23: 45 | Z23: 15
A24: 45882 | B24: 9961 | C24: 8888 | D24: 612 | E24: =D24/B24*100 -> 6.1439614 | F24: =B24-(C24+D24) -> 461 | G24: =F24/B24*100 -> 4.6280494 | H24: 80 | I24: 5 | Q24: 56 | S24: 142 | X24: 74 | Y24: 17 | Z24: 87
A25: 45883 | B25: 8592 | C25: 7888 | D25: 361 | E25: =D25/B25*100 -> 4.2015829 | F25: =B25-(C25+D25) -> 343 | G25: =F25/B25*100 -> 3.9920857 | H25: 56 | I25: 10 | Q25: 13 | S25: 67 | X25: 53 | Y25: 9 | Z25: 135
A26: 45884 | B26: HOLIDAY | E26: =D26/B26*100 -> #VALUE! | F26: =B26-(C26+D26) -> #VALUE! | G26: =F26/B26*100 -> #VALUE!
A27: 45884 | B27: HOLIDAY
A28: TOTAL | B28: =SUM(B21:B27) -> 36823 | C28: =SUM(C21:C27) -> 32864 | D28: =SUM(D21:D27) -> 2372 | F28: =SUM(F21:F25) -> 1587 | G28: =SUM(G21:G25) -> 18.171235 | H28: =SUM(H21:H27) -> 446 | I28: =SUM(I21:I27) -> 32 | J28: =SUM(J21:J27) -> 0 | K28: =SUM(K21:K27) -> 0 | L28: =SUM(L21:L27) -> 105 | M28: =SUM(M21:M27) -> 0 | N28: =SUM(N21:N27) -> 0 | O28: =SUM(O21:O27) -> 0 | ... AB28: =SUM(AB21:AB27) -> 0
A29: % | C29: =C28/$B$28*100 -> 89.248567 | D29: =D28/$B$28*100 -> 6.4416262 | F29: =F28/$B$28*100 -> 4.3098064 | G29: =G28/$B$28*100 -> 0.049347514 | H29: =H28/$B$28*100 -> 1.2111995 | I29: =I28/$B$28*100 -> 0.086902208 | J29: =J28/$B$28*100 -> 0 | K29: =K28/$B$28*100 -> 0 | L29: =L28/$B$28*100 -> 0.28514787 | M29: =M28/$B$28*100 -> 0 | ... AB29: =AB28/$B$28*100 -> 0 | AC29: =SUM(H29:AB29) -> 5.6730848
A30: 45886 | B30: 8547 | C30: 8242 | D30: 86 | E30: =D30/B30*100 -> 1.006201 | F30: =B30-(C30+D30) -> 219 | G30: =F30/B30*100 -> 2.5623026 | H30: 34 | I30: 16 | Q30: 16 | S30: 66 | Z30: 87
A31: 45887 | B31: 6890 | C31: 6696 | D31: 89 | E31: =D31/B31*100 -> 1.2917271 | F31: =B31-(C31+D31) -> 105 | G31: =F31/B31*100 -> 1.5239478 | H31: 26 | I31: 19 | Q31: 9 | S31: 32 | Y31: 2 | Z31: 17
A32: 45888 | B32: 11334 | C32: 10733 | D32: 74 | E32: =D32/B32*100 -> 0.65290277 | F32: =B32-(C32+D32) -> 527 | G32: =F32/B32*100 -> 4.6497265 | H32: 59 | I32: 18 | L32: 143 | Q32: 154 | S32: 106 | X32: 6 | Y32: 12 | Z32: 29
A33: 45889 | B33: 12010 | C33: 11516 | D33: 45 | E33: =D33/B33*100 -> 0.37468776 | F33: =B33-(C33+D33) -> 449 | G33: =F33/B33*100 -> 3.7385512 | H33: 55 | I33: 22 | L33: 32 | Q33: 155 | S33: 78 | X33: 79 | Y33: 10 | Z33: 18
A34: 45890 | B34: 12150 | C34: 11422 | D34: 204 | E34: =D34/B34*100 -> 1.6790123 | F34: =B34-(C34+D34) -> 524 | G34: =F34/B34*100 -> 4.3127572 | H34: 96 | I34: 19 | L34: 56 | Q34: 63 | R34: 209 | S34: 72 | X34: 1 | Y34: 3 | Z34: 5
A35: 45891 | B35: 11276 | C35: 10723 | D35: 271 | E35: =D35/B35*100 -> 2.4033345 | F35: =B35-(C35+D35) -> 282 | G35: =F35/B35*100 -> 2.5008868 | H35: 119 | I35: 11 | L35: 61 | Q35: 12 | S35: 73 | Y35: 3 | Z35: 3
A36: 45892 | B36: 14379 | C36: 13789 | D36: 312 | E36: =D36/B36*100 -> 2.169831 | F36: =B36-(C36+D36) -> 278 | G36: =F36/B36*100 -> 1.9333751 | H36: 80 | I36: 3 | P36: 22 | Q36: 10 | S36: 120 | Z36: 43 | AF36: 2296
A37: TOTAL | B37: =SUM(B30:B36) -> 76586 | C37: =SUM(C30:C36) -> 73121 | D37: =SUM(D30:D36) -> 1081 | F37: =SUM(F30:F36) -> 2384 | G37: =SUM(G30:G36) -> 21.221547 | H37: =SUM(H30:H36) -> 469 | I37: =SUM(I30:I36) -> 108 | J37: =SUM(J30:J36) -> 0 | K37: =SUM(K30:K36) -> 0 | L37: =SUM(L30:L36) -> 292 | M37: =SUM(M30:M36) -> 0 | ... AB37: =SUM(AB30:AB36) -> 0
A38: % | C38: =C37/$B$37*100 -> 95.475674 | D38: =D37/$B$37*100 -> 1.4114851 | F38: =F37/$B$37*100 -> 3.1128405 | G38: =G37/$B$37*100 -> 0.027709434 | H38: =H37/$B$37*100 -> 0.61238346 | I38: =I37/$B$37*100 -> 0.14101794 | J38: =J37/$B$37*100 -> 0 | K38: =K37/$B$37*100 -> 0 | L38: =L37/$B$37*100 -> 0.38127073 | M38: =M37/$B$37*100 -> 0 | ... AB38: =AB37/$B$37*100 -> 0 | AC38: =SUM(H38:AB38) -> 3.1128405 | AF38: =AF36*(1-2.5%) -> 2238.6
A39: 45893 | E39: =D39/B39*100 -> #DIV/0! | F39: =B39-(C39+D39) -> 0 | G39: =F39/B39*100 -> #DIV/0!
A40: 45894 | B40: 15667 | C40: 14501 | D40: 304 | E40: =D40/B40*100 -> 1.9403842 | F40: =B40-(C40+D40) -> 862 | G40: =F40/B40*100 -> 5.5020106 | H40: 195 | I40: 26 | L40: 387 | Q40: 9 | S40: 127 | X40: 134 | Y40: 22 | Z40: 12
A41: 45895 | B41: 12685 | C41: 12156 | D41: 112 | E41: =D41/B41*100 -> 0.8829326 | F41: =B41-(C41+D41) -> 417 | G41: =F41/B41*100 -> 3.2873473 | H41: 38 | I41: 9 | L41: 245 | Q41: 8 | S41: 106 | Y41: 10 | Z41: 1
A42: 45896 | B42: 13285 | C42: 12221 | D42: 415 | E42: =D42/B42*100 -> 3.1238239 | F42: =B42-(C42+D42) -> 649 | G42: =F42/B42*100 -> 4.8852089 | H42: 126 | I42: 38 | L42: 181 | Q42: 70 | S42: 151 | X42: 42 | Y42: 25 | Z42: 16
A43: 45897 | B43: 12634 | C43: 11597 | D43: 201 | E43: =D43/B43*100 -> 1.5909451 | F43: =B43-(C43+D43) -> 836 | G43: =F43/B43*100 -> 6.6170651 | H43: 80 | I43: 33 | L43: 309 | Q43: 43 | S43: 218 | X43: 56 | Y43: 83 | Z43: 14
A44: 45898 | B44: 12518 | C44: 11773 | D44: 345 | E44: =D44/B44*100 -> 2.7560313 | F44: =B44-(C44+D44) -> 400 | G44: =F44/B44*100 -> 3.1953986 | H44: 64 | I44: 30 | L44: 147 | Q44: 12 | S44: 103 | X44: 18 | Y44: 16 | Z44: 10
A45: 45899 | B45: 9290 | C45: 8841 | D45: 130 | E45: =D45/B45*100 -> 1.3993541 | F45: =B45-(C45+D45) -> 319 | G45: =F45/B45*100 -> 3.4337998 | H45: 67 | I45: 25 | L45: 85 | Q45: 15 | S45: 86 | X45: 21 | Y45: 15 | Z45: 5
A46: TOTAL | B46: =SUM(B39:B45) -> 76079 | C46: =SUM(C39:C45) -> 71089 | D46: =SUM(D39:D45) -> 1507 | E46: =SUM(E39:E45) -> #DIV/0! | F46: =SUM(F39:F45) -> 3483 | G46: =SUM(G39:G45) -> #DIV/0! | H46: =SUM(H39:H45) -> 570 | I46: =SUM(I39:I45) -> 161 | ... AB46: =SUM(AB39:AB45) -> 0
A47: % | C47: =C46/$B$46*100 -> 93.441028 | D47: =D46/$B$46*100 -> 1.9808357 | E47: =E46/$B$46*100 -> #DIV/0! | F47: =F46/$B$46*100 -> 4.5781359 | G47: =G46/$B$46*100 -> #DIV/0! | H47: =H46/$B$46*100 -> 0.7492212 | I47: =I46/$B$46*100 -> 0.21162213 | J47: =J46/$B$46*100 -> 0 | ... AB47: =AB46/$B$46*100 -> 0 | AC47: =SUM(H47:AB47) -> 4.643857
A48: 45900 | E48: =D48/B48*100 -> #DIV/0! | F48: =B48-(C48+D48) -> 0 | G48: =F48/B48*100 -> #DIV/0!
A49: TOTAL | B49: =B46+B37+B28+B19+B10 -> 267149 | C49: =C46+C37+C28+C19+C10 -> 247269 | D49: =D46+D37+D28+D19+D10 -> 9657 | E49: =E46+E37+E28+E19+E10 -> #DIV/0! | F49: =F46+F37+F28+F19+F10 -> 10764 | G49: =G46+G37+G28+G19+G10 -> #DIV/0! | H49: =H46+H37+H28+H19+H10 -> 2083 | I49: =I46+I37+I28+I19+I10 -> 608 | ... AB49: =AB46+AB37+AB28+AB19+AB10 -> 0
C50: =C49/B49*100 -> 92.55846 | D50: =D49/B49*100 -> 3.6148367 | F50: =F49/B49*100 -> 4.0292122 | G50: Current Trend | H50: =H49/$B$49*100 -> 0.77971469 | I50: =I49/$B$49*100 -> 0.22758835 | J50: =J49/$B$49*100 -> 0 | K50: =K49/$B$49*100 -> 0 | L50: =L49/B49*100 -> 0.66030567 | M50: =M49/B49*100 -> 0 | N50: =N49/B49*100 -> 0 | O50: =O49/B49*100 -> 0 | P50: =P49/$B$49*100 -> 0.21972757 | Q50: =Q49/$B$49*100 -> 0.28111653 | R50: =R49/$B$49*100 -> 0.078233495 | S50: =S49/$B$49*100 -> 1.1248404 | T50: =T49/$B$49*100 -> 0 | U50: =U49/$B$49*100 -> 0 | V50: =V49/$B$49*100 -> 0 | W50: =W49/$B$49*100 -> 0 | X50: =X49/$B$49*100 -> 0.31443127 | Y50: =Y49/B49*100 -> 0.30806778 | Z50: =Z49/$B$49*100 -> 0.24106398 | AA50: =AA49/$B$49*100 -> 0 | AB50: =AB49/$B$49*100 -> 0
G51: Target | H51: 0.5 | I51: 0.7 | J51: 0.1 | K51: 0.1 | L51: 0.7 | M51: 0.1 | N51: 0.1 | O51: 0.1 | P51: 0.3 | Q51: 0.1 | R51: 0.1 | S51: 1 | T51: 0.1 | U51: 0.1 | V51: 0.1 | W51: 0.1 | X51: 0.1 | Y51: 0.3 | Z51: 0.1 | AA51: 0.1 | AB51: 0.1 | AC51: =SUM(H51:AB51) -> 5 | AD51: =SUM(H50:AB50) -> 4.2350898
G52: Deviation | H52: =H51-H50 -> -0.27971469 | I52: =I51-I50 -> 0.47241165 | J52: =J51-J50 -> 0.1 | K52: =K51-K50 -> 0.1 | L52: =L51-L50 -> 0.039694328 | M52: =M51-M50 -> 0.1 | N52: =N51-N50 -> 0.1 | O52: =O51-O50 -> 0.1 | ... AB52: =AB51-AB50 -> 0.1

Sheet SEPTEMBER 25
B1: DISPOSAFE HEALTH AND LIFE CARE LIMITED Plot No.37A, Sector-06, Ballabgarh (Faridabad) Haryana India 121006 | X1: Doc. No. : | AA1: F/QC/01:00
X2: Supersedes : | AA2: 00
X3: Effective Date : | AA3: 45607
B4: VISUAL INSPECTION REPORT | X4: Page 1 of 1
A5: DATE | B5: REC. QTY | C5: ACCEPT QTY | D5: HOLD QTY | E5: HOLD% | F5: REJ. QTY | G5: REJ % | H5: REASON FOR REJECTION
H6: 1 | I6: 2 | J6: 3 | K6: 4 | L6: 5 | M6: 6 | N6: 7 | O6: 8 | P6: 9 | Q6: 10 | R6: 11 | S6: 12 | T6: 13 | U6: 14 | V6: 15 | W6: 16 | X6: 17 | Y6: 18 | Z6: 19 | AA6: 20 | AB6: 21
H7: COAG | I7: SD | J7: TT | K7: BL | L7: PS | M7: SB | N7: PW | O7: FP | P7: RW | Q7: BEP | R7: DEC | S7: BM | T7: WEB | U7: BT | V7: SF | W7: BIC | X7: WK | Y7: BMP | Z7: TF | AA7: PH | AB7: BST
A8: 45901 | B8: 10978 | C8: 10362 | D8: 160 | E8: =D8/B8*100 -> 1.4574604 | F8: =B8-(C8+D8) -> 456 | G8: =F8/B8*100 -> 4.1537621 | H8: 23 | I8: 30 | L8: 221 | Q8: 48 | S8: 107 | X8: 1 | Y8: 13 | Z8: 13
A9: 45902 | B9: 11564 | C9: 10203 | D9: 121 | E9: =D9/B9*100 -> 1.0463507 | F9: =B9-(C9+D9) -> 1240 | G9: =F9/B9*100 -> 10.722933 | H9: 26 | I9: 57 | L9: 1000 | Q9: 66 | S9: 65 | Y9: 21 | Z9: 5
A10: 45903 | B10: 15899 | C10: 13162 | D10: 375 | E10: =D10/B10*100 -> 2.3586389 | F10: =B10-(C10+D10) -> 2362 | G10: =F10/B10*100 -> 14.85628 | H10: 60 | I10: 64 | L10: 1355 | Q10: 311 | S10: 164 | X10: 374 | Y10: 28 | Z10: 6
A11: 45904 | B11: 16134 | C11: 15038 | D11: 160 | E11: =D11/B11*100 -> 0.99169456 | F11: =B11-(C11+D11) -> 936 | G11: =F11/B11*100 -> 5.8014132 | H11: 24 | I11: 26 | L11: 745 | Q11: 7 | S11: 108 | Y11: 24 | Z11: 2
A12: 45905 | B12: 11960 | C12: 9933 | D12: 134 | E12: =D12/B12*100 -> 1.1204013 | F12: =B12-(C12+D12) -> 1893 | G12: =F12/B12*100 -> 15.827759 | H12: 30 | I12: 6 | L12: 1743 | Q12: 3 | S12: 66 | Y12: 39 | Z12: 6
A13: 45906 | B13: 12754 | C13: 11459 | D13: 166 | E13: =D13/B13*100 -> 1.3015525 | F13: =B13-(C13+D13) -> 1129 | G13: =F13/B13*100 -> 8.8521248 | H13: 27 | I13: 46 | L13: 887 | Q13: 108 | Y13: 8 | Z13: 53
A14: TOTAL | B14: =SUM(B8:B13) -> 79289 | C14: =SUM(C8:C13) -> 70157 | D14: =SUM(D8:D13) -> 1116 | E14: =SUM(E8:E13) -> 8.2760984 | F14: =SUM(F8:F13) -> 8016 | G14: =SUM(G8:G13) -> 60.214273 | H14: =SUM(H8:H13) -> 190 | I14: =SUM(I8:I13) -> 229 | ... AB14: =SUM(AB8:AB13) -> 0
A15: % | C15: =C14/$B$14*100 -> 88.482639 | D15: =D14/$B$14*100 -> 1.4075092 | E15: =E14/$B$14*100 -> 0.01043789 | F15: =F14/$B$14*100 -> 10.109851 | G15: =G14/$B$14*100 -> 0.075942782 | H15: =H14/$B$14*100 -> 0.23962971 | I15: =I14/$B$14*100 -> 0.28881686 | J15: =J14/$B$14*100 -> 0 | ... AB15: =AB14/$B$14*100 -> 0 | AC15: =SUM(H15:AB15) -> 10.109851
A16: 45907 | E16: =D16/B16*100 -> #DIV/0! | F16: =B16-(C16+D16) -> 0 | G16: =F16/B16*100 -> #DIV/0!
A17: 45908 | B17: 20305 | C17: 18898 | D17: 318 | E17: =D17/B17*100 -> 1.5661167 | F17: =B17-(C17+D17) -> 1089 | G17: =F17/B17*100 -> 5.363211 | H17: 55 | I17: 29 | L17: 847 | Q17: 17 | S17: 91 | Y17: 35 | Z17: 15
A18: 45909 | B18: 13013 | C18: 11930 | D18: 212 | E18: =D18/B18*100 -> 1.6291401 | F18: =B18-(C18+D18) -> 871 | G18: =F18/B18*100 -> 6.6933067 | H18: 78 | I18: 23 | L18: 659 | Q18: 100 | Y18: 11
A19: 45910 | B19: 13029 | C19: 12069 | D19: 287 | E19: =D19/B19*100 -> 2.2027784 | F19: =B19-(C19+D19) -> 673 | G19: =F19/B19*100 -> 5.1654003 | H19: 31 | I19: 22 | L19: 481 | Q19: 2 | S19: 117 | X19: 6 | Y19: 7 | Z19: 7
A20: 45911 | B20: 9391 | C20: 7409 | D20: 130 | E20: =D20/B20*100 -> 1.3843041 | F20: =B20-(C20+D20) -> 1852 | G20: =F20/B20*100 -> 19.721009 | H20: 21 | I20: 9 | L20: 1702 | Q20: 26 | S20: 87 | Y20: 4 | Z20: 3
A21: 45912 | B21: 12457 | C21: 11920 | D21: 82 | E21: =D21/B21*100 -> 0.65826443 | F21: =B21-(C21+D21) -> 455 | G21: =F21/B21*100 -> 3.6525648 | H21: 40 | L21: 278 | P21: 4 | S21: 122 | Y21: 5 | Z21: 6
A22: 45913 | B22: 13830 | C22: 13524 | D22: 64 | E22: =D22/B22*100 -> 0.46276211 | F22: =B22-(C22+D22) -> 242 | G22: =F22/B22*100 -> 1.7498192 | H22: 74 | L22: 5 | P22: 12 | Q22: 35 | S22: 106 | Z22: 10
A23: TOTAL | B23: =SUM(B16:B22) -> 82025 | C23: =SUM(C16:C22) -> 75750 | D23: =SUM(D16:D22) -> 1093 | E23: =D23/B23*100 -> 1.3325206 | F23: =SUM(F16:F22) -> 5182 | G23: =SUM(G16:G22) -> #DIV/0! | H23: =SUM(H16:H22) -> 299 | I23: =SUM(I16:I22) -> 83 | J23: =SUM(J16:J22) -> 0 | K23: =SUM(K16:K22) -> 0 | L23: =SUM(L16:L22) -> 3972 | M23: =SUM(M16:M22) -> 0 | ... AB23: =SUM(AB16:AB22) -> 0
A24: % | C24: =C23/$B$23*100 -> 92.349893 | D24: =D23/$B$23*100 -> 1.3325206 | E24: =E23/$B$23*100 -> 0.0016245298 | F24: =F23/$B$23*100 -> 6.3175861 | G24: =G23/$B$23*100 -> #DIV/0! | H24: =H23/$B$23*100 -> 0.36452301 | I24: =I23/$B$23*100 -> 0.10118866 | J24: =J23/$B$23*100 -> 0 | ... AB24: =AB23/$B$23*100 -> 0 | AC24: =SUM(H24:AB24) -> 6.3175861
A25: 45914 | E25: 0 | F25: =B25-(C25+D25) -> 0
A26: 45915 | B26: 15012 | C26: 14439 | D26: 247 | E26: =D26/B26*100 -> 1.6453504 | F26: =B26-(C26+D26) -> 326 | G26: =F26/B26*100 -> 2.1715961 | H26: 84 | L26: 35 | P26: 13 | S26: 178 | Z26: 16
A27: 45916 | B27: 12241 | C27: 11813 | D27: 115 | E27: =D27/B27*100 -> 0.93946573 | F27: =B27-(C27+D27) -> 313 | G27: =F27/B27*100 -> 2.5569806 | H27: 42 | L27: 142 | P27: 6 | S27: 118 | Z27: 5
A28: 45917 | B28: 11948 | C28: 11126 | D28: 117 | E28: =D28/B28*100 -> 0.97924339 | F28: =B28-(C28+D28) -> 705 | G28: =F28/B28*100 -> 5.9005691 | H28: 128 | L28: 250 | P28: 8 | Q28: 15 | R28: 169 | S28: 130 | Y28: 5
A29: 45918 | B29: 10490 | C29: 10048 | D29: 128 | E29: =D29/B29*100 -> 1.2202097 | F29: =B29-(C29+D29) -> 314 | G29: =F29/B29*100 -> 2.993327 | H29: 33 | I29: 23 | L29: 202 | Q29: 28 | S29: 28
A30: 45919 | B30: 10392 | C30: 9532 | D30: 151 | E30: =D30/B30*100 -> 1.4530408 | F30: =B30-(C30+D30) -> 709 | G30: =F30/B30*100 -> 6.8225558 | H30: 169 | I30: 137 | L30: 77 | Q30: 110 | S30: 87 | X30: 111 | Y30: 9 | Z30: 9
A31: 45920 | B31: 13040 | C31: 12790 | D31: 68 | E31: =D31/B31*100 -> 0.52147239 | F31: =B31-(C31+D31) -> 182 | G31: =F31/B31*100 -> 1.3957055 | H31: 33 | I31: 18 | L31: 74 | Q31: 5 | S31: 52
A32: TOTAL | B32: =SUM(B25:B31) -> 73123 | C32: =SUM(C25:C31) -> 69748 | D32: =SUM(D25:D31) -> 826 | E32: =D32/B32*100 -> 1.1296035 | F32: =SUM(F25:F31) -> 2549 | G32: =SUM(G25:G31) -> 21.840734 | H32: =SUM(H25:H31) -> 489 | I32: =SUM(I25:I31) -> 178 | J32: =SUM(J25:J31) -> 0 | K32: =SUM(K25:K31) -> 0 | L32: =SUM(L25:L31) -> 780 | M32: =SUM(M25:M31) -> 0 | ... AB32: =SUM(AB25:AB31) -> 0
A33: % | C33: =C32/$B$32*100 -> 95.384489 | D33: =D32/$B$32*100 -> 1.1296035 | F33: =F32/$B$32*100 -> 3.4859073 | G33: =G32/$B$32*100 -> 0.029868488 | H33: =H32/$B$32*100 -> 0.66873624 | I33: =I32/$B$32*100 -> 0.24342546 | J33: =J32/$B$32*100 -> 0 | K33: =K32/$B$32*100 -> 0 | L33: =L32/$B$32*100 -> 1.0666958 | M33: =M32/$B$32*100 -> 0 | ... AB33: =AB32/$B$32*100 -> 0 | AC33: =SUM(H33:AB33) -> 3.4859073
A34: 45921 | E34: =D34/B34*100 -> #DIV/0! | F34: =B34-(C34+D34) -> 0 | G34: =F34/B34*100 -> #DIV/0!
A35: 45922 | B35: 12985 | C35: 12353 | D35: 140 | E35: =D35/B35*100 -> 1.0781671 | F35: =B35-(C35+D35) -> 492 | G35: =F35/B35*100 -> 3.7889873 | H35: 46 | I35: 144 | L35: 153 | Q35: 43 | S35: 80 | X35: 11 | Y35: 9 | Z35: 6
A36: 45923 | B36: 14247 | C36: 13402 | D36: 107 | E36: =D36/B36*100 -> 0.75103531 | F36: =B36-(C36+D36) -> 738 | G36: =F36/B36*100 -> 5.1800379 | H36: 31 | I36: 23 | L36: 627 | S36: 51 | Y36: 5 | Z36: 1
A37: 45924 | B37: 11960 | C37: 11272 | D37: 87 | E37: =D37/B37*100 -> 0.72742475 | F37: =B37-(C37+D37) -> 601 | G37: =F37/B37*100 -> 5.0250836 | H37: 31 | I37: 20 | L37: 60 | Q37: 453 | S37: 28 | Z37: 9
A38: 45925 | B38: 13910 | C38: 13253 | D38: 246 | E38: =D38/B38*100 -> 1.7685119 | F38: =B38-(C38+D38) -> 411 | G38: =F38/B38*100 -> 2.9547088 | H38: 28 | I38: 74 | L38: 10 | Q38: 8 | S38: 54 | Y38: 104 | Z38: 31
A39: 45926 | B39: 11156 | C39: 10377 | D39: 217 | E39: =D39/B39*100 -> 1.9451416 | F39: =B39-(C39+D39) -> 562 | G39: =F39/B39*100 -> 5.0376479 | H39: 16 | I39: 106 | L39: 97 | S39: 151 | X39: 8 | Y39: 160 | Z39: 24
A40: 45927 | B40: 12028 | C40: 11057 | D40: 331 | E40: =D40/B40*100 -> 2.7519122 | F40: =B40-(C40+D40) -> 640 | G40: =F40/B40*100 -> 5.3209179 | H40: 32 | I40: 77 | L40: 71 | Q40: 36 | S40: 194 | X40: 3 | Y40: 227
A41: TOTAL | B41: =SUM(B34:B40) -> 76286 | C41: =SUM(C34:C40) -> 71714 | D41: =SUM(D34:D40) -> 1128 | E41: =D41/B41*100 -> 1.4786461 | F41: =SUM(F34:F40) -> 3444 | G41: =SUM(G34:G40) -> #DIV/0! | H41: =SUM(H34:H40) -> 184 | I41: =SUM(I34:I40) -> 444 | J41: =SUM(J34:J40) -> 0 | K41: =SUM(K34:K40) -> 0 | L41: =SUM(L34:L40) -> 1018 | M41: =SUM(M34:M40) -> 0 | ... AB41: =SUM(AB34:AB40) -> 0
A42: % | C42: =C41/$B$41*100 -> 94.006764 | D42: =D41/$B$41*100 -> 1.4786461 | F42: =F41/$B$41*100 -> 4.5145898 | G42: =G41/$B$41*100 -> #DIV/0! | H42: =H41/$B$41*100 -> 0.2411976 | I42: =I41/$B$41*100 -> 0.58202029 | J42: =J41/$B$41*100 -> 0 | K42: =K41/$B$41*100 -> 0 | L42: =L41/$B$41*100 -> 1.3344519 | M42: =M41/$B$41*100 -> 0 | ... AB42: =AB41/$B$41*100 -> 0 | AC42: =SUM(H42:AB42) -> 4.3808825
A43: 45928 | E43: =D43/B43*100 -> #DIV/0! | F43: =B43-(C43+D43) -> 0 | G43: =F43/B43*100 -> #DIV/0!
A44: 45929 | B44: 13245 | C44: 12462 | D44: 254 | E44: =D44/B44*100 -> 1.9177048 | F44: =B44-(C44+D44) -> 529 | G44: =F44/B44*100 -> 3.99396 | H44: 60 | I44: 60 | L44: 92 | Q44: 38 | S44: 207 | Y44: 53 | Z44: 19
A45: 45930 | B45: 11992 | C45: 10894 | D45: 92 | E45: =D45/B45*100 -> 0.76717812 | F45: =B45-(C45+D45) -> 1006 | G45: =F45/B45*100 -> 8.388926 | H45: 94 | I45: 54 | L45: 152 | S45: 670 | X45: 36
A46: TOTAL | B46: =SUM(B43:B45) -> 25237 | C46: =SUM(C43:C45) -> 23356 | D46: =SUM(D43:D45) -> 346 | E46: =SUM(E43:E45) -> #DIV/0! | F46: =SUM(F43:F45) -> 1535 | G46: =SUM(G43:G45) -> #DIV/0! | H46: =SUM(H43:H45) -> 154 | I46: =SUM(I43:I45) -> 114 | ... AB46: =SUM(AB43:AB45) -> 0
A47: % | C47: =C46/$B$46*100 -> 92.546658 | D47: =D46/$B$46*100 -> 1.3710029 | E47: =E46/$B$46*100 -> #DIV/0! | F47: =F46/$B$46*100 -> 6.0823394 | G47: =G46/$B$46*100 -> #DIV/0! | H47: =H46/$B$46*100 -> 0.61021516 | I47: =I46/$B$46*100 -> 0.45171772 | J47: =J46/$B$46*100 -> 0 | ... AB47: =AB46/$B$46*100 -> 0 | AC47: =SUM(H47:AB47) -> 6.0823394
A48: TOTAL | B48: =B46+B41+B32+B23+B14 -> 335960 | C48: =C46+C41+C32+C23+C14 -> 310725 | D48: =D46+D41+D32+D23+D14 -> 4509 | E48: =D48/B48*100 -> 1.3421241 | F48: =F46+F41+F32+F23+F14 -> 20726 | G48: =F48/B48*100 -> 6.1691868 | H48: =H46+H41+H32+H23+H14 -> 1316 | I48: =I46+I41+I32+I23+I14 -> 1048 | J48: =J46+J41+J32+J23+J14 -> 0 | K48: =K46+K41+K32+K23+K14 -> 0 | L48: =L46+L41+L32+L23+L14 -> 11965 | M48: =M46+M41+M32+M23+M14 -> 0 | N48: =N46+N41+N32+N23+N14 -> 0 | O48: =O46+O41+O32+O23+O14 -> 0 | ... AB48: =AB46+AB41+AB32+AB23+AB14 -> 0
C49: =C48/B48*100 -> 92.488689 | D49: =D48/B48*100 -> 1.3421241 | E49: NA | F49: =F48/B48*100 -> 6.1691868 | G49: Current Trend | H49: =H48/$B$48*100 -> 0.3917133 | I49: =I48/$B$48*100 -> 0.3119419 | J49: =J48/$B$48*100 -> 0 | K49: =K48/$B$48*100 -> 0 | L49: =L48/B48*100 -> 3.5614359 | M49: =M48/B48*100 -> 0 | N49: =N48/B48*100 -> 0 | O49: =O48/B48*100 -> 0 | P49: =P48/$B$48*100 -> 0.012799143 | Q49: =Q48/$B$48*100 -> 0.43427789 | R49: =R48/$B$48*100 -> 0.050303608 | S49: =S48/$B$48*100 -> 0.91112037 | T49: =T48/$B$48*100 -> 0 | U49: =U48/$B$48*100 -> 0 | V49: =V48/$B$48*100 -> 0 | W49: =W48/$B$48*100 -> 0 | X49: =X48/$B$48*100 -> 0.16370997 | Y49: =Y48/B48*100 -> 0.22830099 | Z49: =Z48/$B$48*100 -> 0.073223003 | AA49: =AA48/$B$48*100 -> 0 | AB49: =AB48/$B$48*100 -> 0
G50: Target | H50: 0.5 | I50: 0.7 | J50: 0.1 | K50: 0.1 | L50: 0.7 | M50: 0.1 | N50: 0.1 | O50: 0.1 | P50: 0.3 | Q50: 0.1 | R50: 0.1 | S50: 1 | T50: 0.1 | U50: 0.1 | V50: 0.1 | W50: 0.1 | X50: 0.1 | Y50: 0.3 | Z50: 0.1 | AA50: 0.1 | AB50: 0.1 | AC50: =SUM(H50:AB50) -> 5 | AD50: =SUM(H49:AB49) -> 6.1388261
G51: Deviation | H51: =H50-H49 -> 0.1082867 | I51: =I50-I49 -> 0.3880581 | J51: =J50-J49 -> 0.1 | K51: =K50-K49 -> 0.1 | L51: =L50-L49 -> -2.8614359 | M51: =M50-M49 -> 0.1 | N51: =N50-N49 -> 0.1 | O51: =O50-O49 -> 0.1 | ... AB51: =AB50-AB49 -> 0.1

Sheet OCTOBER 25
B1: DISPOSAFE HEALTH AND LIFE CARE LIMITED Plot No.37A, Sector-06, Ballabgarh (Faridabad) Haryana India 121006 | X1: Doc. No. : | AA1: F/QC/01:00
X2: Supersedes : | AA2: 00
X3: Effective Date : | AA3: 45607
B4: VISUAL INSPECTION REPORT | X4: Page 1 of 1
A5: DATE | B5: REC. QTY | C5: ACCEPT QTY | D5: HOLD QTY | E5: HOLD% | F5: REJ. QTY | G5: REJ % | H5: REASON FOR REJECTION
H6: 1 | I6: 2 | J6: 3 | K6: 4 | L6: 5 | M6: 6 | N6: 7 | O6: 8 | P6: 9 | Q6: 10 | R6: 11 | S6: 12 | T6: 13 | U6: 14 | V6: 15 | W6: 16 | X6: 17 | Y6: 18 | Z6: 19 | AA6: 20 | AB6: 21
H7: COAG | I7: SD | J7: TT | K7: BL | L7: PS | M7: SB | N7: PW | O7: FP | P7: RW | Q7: BEP | R7: DEC | S7: BM | T7: WEB | U7: BT | V7: SF | W7: BIC | X7: WK | Y7: BMP | Z7: TF | AA7: PH | AB7: BST
A8: 45931 | B8: 8381 | C8: 7602 | D8: 602 | E8: =D8/B8*100 -> 7.1829137 | F8: =B8-(C8+D8) -> 177 | G8: =F8/B8*100 -> 2.1119198 | H8: 26 | I8: 13 | L8: 45 | S8: 88 | Z8: 5
A9: 45932 | B9: VIJAYA DASHMI
A10: 45933 | B10: 13268 | C10: 12516 | D10: 265 | E10: =D10/B10*100 -> 1.9972867 | F10: =B10-(C10+D10) -> 487 | G10: =F10/B10*100 -> 3.6704854 | H10: 50 | I10: 84 | L10: 200 | Q10: 8 | S10: 198 | Z10: 7
A11: 45934 | B11: 15053 | C11: 13602 | D11: 1042 | E11: =D11/B11*100 -> 6.9222082 | F11: =B11-(C11+D11) -> 409 | G11: =F11/B11*100 -> 2.7170664 | H11: 43 | I11: 49 | L11: 65 | N11: 2 | S11: 220 | X11: 27 | Z11: 3
A12: TOTAL | B12: =SUM(B8:B11) -> 36702 | C12: =SUM(C8:C11) -> 33720 | D12: =SUM(D8:D11) -> 1909 | E12: =SUM(E8:E11) -> 16.102409 | F12: =SUM(F8:F11) -> 1073 | G12: =SUM(G8:G11) -> 8.4994716 | H12: =SUM(H8:H11) -> 119 | I12: =SUM(I8:I11) -> 146 | ... AB12: =SUM(AB8:AB11) -> 0
A13: % | C13: =C12/$B$12*100 -> 91.875102 | D13: =D12/$B$12*100 -> 5.2013514 | E13: =E12/$B$12*100 -> 0.043873382 | F13: =F12/$B$12*100 -> 2.9235464 | G13: =G12/$B$12*100 -> 0.023158061 | H13: =H12/$B$12*100 -> 0.32423301 | I13: =I12/$B$12*100 -> 0.39779849 | J13: =J12/$B$12*100 -> 0 | ... AB13: =AB12/$B$12*100 -> 0 | AC13: =SUM(H13:AB13) -> 3.0870252
A14: 45935 | E14: =D14/B14*100 -> #DIV/0! | F14: =B14-(C14+D14) -> 0 | G14: =F14/B14*100 -> #DIV/0!
A15: 45936 | B15: 9702 | C15: 8338 | D15: 1061 | E15: =D15/B15*100 -> 10.93589 | F15: =B15-(C15+D15) -> 303 | G15: =F15/B15*100 -> 3.1230674 | H15: 37 | I15: 58 | L15: 104 | S15: 104
A16: 45937 | B16: 8600 | C16: 7856 | D16: 376 | E16: =D16/B16*100 -> 4.372093 | F16: =B16-(C16+D16) -> 368 | G16: =F16/B16*100 -> 4.2790698 | H16: 32 | I16: 94 | O16: 20 | Q16: 70 | S16: 126 | X16: 26
A17: 45938 | B17: 9978 | C17: 8553 | D17: 385 | E17: =D17/B17*100 -> 3.8584887 | F17: =B17-(C17+D17) -> 1040 | G17: =F17/B17*100 -> 10.42293 | H17: 191 | I17: 272 | N17: 6 | O17: 6 | Q17: 170 | S17: 265 | Y17: 132
A18: 45939 | B18: 8349 | C18: 7596 | D18: 300 | E18: =D18/B18*100 -> 3.5932447 | F18: =B18-(C18+D18) -> 453 | G18: =F18/B18*100 -> 5.4257995 | H18: 108 | I18: 60 | Q18: 95 | S18: 145 | Y18: 45
A19: 45940 | B19: 7311 | C19: 6652 | D19: 138 | E19: =D19/B19*100 -> 1.8875667 | F19: =B19-(C19+D19) -> 521 | G19: =F19/B19*100 -> 7.1262481 | H19: 58 | I19: 59 | L19: 261 | P19: 23 | S19: 113 | X19: 4 | AA19: 3
A20: 45941 | B20: 8226 | C20: 7578 | D20: 266 | E20: =D20/B20*100 -> 3.2336494 | F20: =B20-(C20+D20) -> 382 | G20: =F20/B20*100 -> 4.6438123 | H20: 100 | I20: 63 | Q20: 46 | S20: 114 | X20: 8 | Y20: 51
A21: TOTAL | B21: =SUM(B14:B20) -> 52166 | C21: =SUM(C14:C20) -> 46573 | D21: =SUM(D14:D20) -> 2526 | E21: =D21/B21*100 -> 4.8422344 | F21: =SUM(F14:F20) -> 3067 | G21: =SUM(G14:G20) -> #DIV/0! | H21: =SUM(H14:H20) -> 526 | I21: =SUM(I14:I20) -> 606 | J21: =SUM(J14:J20) -> 0 | K21: =SUM(K14:K20) -> 0 | L21: =SUM(L14:L20) -> 365 | M21: =SUM(M14:M20) -> 0 | ... AB21: =SUM(AB14:AB20) -> 0
A22: % | C22: =C21/$B$21*100 -> 89.278457 | D22: =D21/$B$21*100 -> 4.8422344 | E22: =E21/$B$21*100 -> 0.0092823571 | F22: =F21/$B$21*100 -> 5.8793084 | G22: =G21/$B$21*100 -> #DIV/0! | H22: =H21/$B$21*100 -> 1.0083196 | I22: =I21/$B$21*100 -> 1.1616762 | J22: =J21/$B$21*100 -> 0 | ... AB22: =AB21/$B$21*100 -> 0 | AC22: =SUM(H22:AB22) -> 5.8831423
A23: 45942 | E23: 0 | F23: =B23-(C23+D23) -> 0
A24: 45943 | B24: 7196 | C24: 6194 | D24: 353 | E24: =D24/B24*100 -> 4.9055031 | F24: =B24-(C24+D24) -> 649 | G24: =F24/B24*100 -> 9.0188994 | H24: 91 | I24: 81 | Q24: 260 | S24: 178 | Y24: 39
A25: 45944 | B25: 7331 | C25: 6817 | D25: 86 | E25: =D25/B25*100 -> 1.1731005 | F25: =B25-(C25+D25) -> 428 | G25: =F25/B25*100 -> 5.8382213 | H25: 4 | I25: 118 | L25: 151 | P25: 24 | Q25: 65 | S25: 65 | Y25: 1
A26: 45945 | B26: 6863 | C26: 6261 | D26: 256 | E26: =D26/B26*100 -> 3.7301472 | F26: =B26-(C26+D26) -> 346 | G26: =F26/B26*100 -> 5.041527 | H26: 110 | I26: 40 | L26: 56 | Q26: 7 | S26: 133
A27: 45946 | B27: 9708 | C27: 8709 | D27: 516 | E27: =D27/B27*100 -> 5.315204 | F27: =B27-(C27+D27) -> 483 | G27: =F27/B27*100 -> 4.9752781 | H27: 105 | I27: 20 | L27: 35 | Q27: 100 | S27: 195 | Y27: 28
A28: 45947 | B28: 6419 | C28: 5568 | D28: 630 | E28: =D28/B28*100 -> 9.8146129 | F28: =B28-(C28+D28) -> 221 | G28: =F28/B28*100 -> 3.4429039 | H28: 83 | I28: 25 | L28: 96 | P28: 88 | Q28: 25 | S28: 110 | Z28: 3
A29: 45948 | B29: 5090 | C29: 4553 | D29: 41 | E29: =D29/B29*100 -> 0.80550098 | F29: =B29-(C29+D29) -> 496 | G29: =F29/B29*100 -> 9.7445972 | H29: 72 | I29: 25 | P29: 66 | Q29: 68 | S29: 227 | X29: 16 | Y29: 20 | Z29: 2
A30: TOTAL | B30: =SUM(B23:B29) -> 42607 | C30: =SUM(C23:C29) -> 38102 | D30: =SUM(D23:D29) -> 1882 | E30: =D30/B30*100 -> 4.4171146 | F30: =SUM(F23:F29) -> 2623 | G30: =SUM(G23:G29) -> 38.061427 | H30: =SUM(H23:H29) -> 465 | I30: =SUM(I23:I29) -> 309 | J30: =SUM(J23:J29) -> 0 | K30: =SUM(K23:K29) -> 0 | L30: =SUM(L23:L29) -> 338 | M30: =SUM(M23:M29) -> 0 | ... AB30: =SUM(AB23:AB29) -> 0
A31: % | C31: =C30/$B$30*100 -> 89.42662 | D31: =D30/$B$30*100 -> 4.4171146 | F31: =F30/$B$30*100 -> 6.1562654 | G31: =G30/$B$30*100 -> 0.089331394 | H31: =H30/$B$30*100 -> 1.09137 | I31: =I30/$B$30*100 -> 0.72523294 | J31: =J30/$B$30*100 -> 0 | K31: =K30/$B$30*100 -> 0 | L31: =L30/$B$30*100 -> 0.79329688 | M31: =M30/$B$30*100 -> 0 | ... AB31: =AB30/$B$30*100 -> 0 | AC31: =SUM(H31:AB31) -> 6.6467951
A32: 45949 | B32: 2301 | C32: 2088 | D32: 82 | E32: =D32/B32*100 -> 3.563668 | F32: =B32-(C32+D32) -> 131 | G32: =F32/B32*100 -> 5.6931769 | H32: 6 | I32: 4 | Q32: 17 | S32: 72 | X32: 30 | Z32: 2
A33: 45950 | B33: HAPPY DIWALI
A34: 45951
A35: 45952
A36: 45953
A37: 45954 | B37: 7344 | C37: 6579 | D37: 113 | E37: =D37/B37*100 -> 1.538671 | F37: =B37-(C37+D37) -> 652 | G37: =F37/B37*100 -> 8.8779956
A38: 45955 | B38: 7000 | C38: 6360 | D38: 123 | E38: =D38/B38*100 -> 1.7571429 | F38: =B38-(C38+D38) -> 517 | G38: =F38/B38*100 -> 7.3857143
A39: TOTAL | B39: =SUM(B32:B38) -> 16645 | C39: =SUM(C32:C38) -> 15027 | D39: =SUM(D32:D38) -> 318 | E39: =D39/B39*100 -> 1.9104836 | F39: =SUM(F32:F38) -> 1300 | G39: =SUM(G32:G38) -> 21.956887 | H39: =SUM(H32:H38) -> 6 | I39: =SUM(I32:I38) -> 4 | J39: =SUM(J32:J38) -> 0 | K39: =SUM(K32:K38) -> 0 | L39: =SUM(L32:L38) -> 0 | M39: =SUM(M32:M38) -> 0 | ... AB39: =SUM(AB32:AB38) -> 0
A40: % | C40: =C39/$B$39*100 -> 90.279363 | D40: =D39/$B$39*100 -> 1.9104836 | F40: =F39/$B$39*100 -> 7.8101532 | G40: =G39/$B$39*100 -> 0.13191281 | H40: =H39/$B$39*100 -> 0.036046861 | I40: =I39/$B$39*100 -> 0.024031241 | J40: =J39/$B$39*100 -> 0 | K40: =K39/$B$39*100 -> 0 | L40: =L39/$B$39*100 -> 0 | M40: =M39/$B$39*100 -> 0 | ... AB40: =AB39/$B$39*100 -> 0 | AC40: =SUM(H40:AB40) -> 0.78702313
A41: 45956 | B41: 2283 | C41: 1935 | D41: 112 | E41: =D41/B41*100 -> 4.9058257 | F41: =B41-(C41+D41) -> 236 | G41: =F41/B41*100 -> 10.337276
A42: 45957 | B42: 6108 | C42: 5500 | D42: 63 | E42: =D42/B42*100 -> 1.0314342 | F42: =B42-(C42+D42) -> 545 | G42: =F42/B42*100 -> 8.9227243
A43: 45958 | B43: 9192 | C43: 8145 | D43: 190 | E43: =D43/B43*100 -> 2.0670148 | F43: =B43-(C43+D43) -> 857 | G43: =F43/B43*100 -> 9.3233246
A44: 45959 | B44: 6310 | C44: 5423 | D44: 214 | E44: =D44/B44*100 -> 3.3914422 | F44: =B44-(C44+D44) -> 673 | G44: =F44/B44*100 -> 10.66561
A45: 45960 | B45: 9935 | C45: 9234 | D45: 132 | E45: =D45/B45*100 -> 1.3286361 | F45: =B45-(C45+D45) -> 569 | G45: =F45/B45*100 -> 5.727227
A46: 45961 | B46: 9180 | C46: 8572 | D46: 70 | E46: =D46/B46*100 -> 0.76252723 | F46: =B46-(C46+D46) -> 538 | G46: =F46/B46*100 -> 5.8605664
A47: TOTAL | B47: =SUM(B41:B46) -> 43008 | C47: =SUM(C41:C46) -> 38809 | D47: =SUM(D41:D46) -> 781 | E47: =SUM(E41:E46) -> 13.48688 | F47: =SUM(F41:F46) -> 3418 | H47: =SUM(H41:H46) -> 0 | I47: =SUM(I41:I46) -> 0 | J47: =SUM(J41:J46) -> 0 | K47: =SUM(K41:K46) -> 0 | L47: =SUM(L41:L46) -> 0 | M47: =SUM(M41:M46) -> 0 | N47: =SUM(N41:N46) -> 0 | O47: =SUM(O41:O46) -> 0 | ... AB47: =SUM(AB41:AB46) -> 0
A48: % | C48: =C47/$B$47*100 -> 90.2367 | D48: =D47/$B$47*100 -> 1.8159412 | E48: =E47/$B$47*100 -> 0.031359003 | F48: =F47/$B$47*100 -> 7.9473586 | G48: =G47/$B$47*100 -> 0 | H48: =H47/$B$47*100 -> 0 | I48: =I47/$B$47*100 -> 0 | J48: =J47/$B$47*100 -> 0 | ... AB48: =AB47/$B$47*100 -> 0 | AC48: =SUM(H48:AB48) -> 0
A49: TOTAL | B49: =B47+B39+B30+B21+B12 -> 191128 | C49: =C47+C39+C30+C21+C12 -> 172231 | D49: =D47+D39+D30+D21+D12 -> 7416 | E49: =D49/B49*100 -> 3.8801222 | F49: =F47+F39+F30+F21+F12 -> 11481 | G49: =F49/B49*100 -> 6.0069692 | H49: =H47+H39+H30+H21+H12 -> 1116 | I49: =I47+I39+I30+I21+I12 -> 1065 | J49: =J47+J39+J30+J21+J12 -> 0 | K49: =K47+K39+K30+K21+K12 -> 0 | L49: =L47+L39+L30+L21+L12 -> 1013 | M49: =M47+M39+M30+M21+M12 -> 0 | N49: =N47+N39+N30+N21+N12 -> 8 | O49: =O47+O39+O30+O21+O12 -> 26 | ... AB49: =AB47+AB39+AB30+AB21+AB12 -> 0
C50: =C49/B49*100 -> 90.112909 | D50: =D49/B49*100 -> 3.8801222 | E50: NA | F50: =F49/B49*100 -> 6.0069692 | G50: Current Trend | H50: =H49/$B$49*100 -> 0.58390189 | I50: =I49/$B$49*100 -> 0.5572182 | J50: =J49/$B$49*100 -> 0 | K50: =K49/$B$49*100 -> 0 | L50: =L49/B49*100 -> 0.5300113 | M50: =M49/B49*100 -> 0 | N50: =N49/B49*100 -> 0.0041856766 | O50: =O49/B49*100 -> 0.013603449 | P50: =P49/$B$49*100 -> 0.10516512 | Q50: =Q49/$B$49*100 -> 0.48710812 | R50: =R49/$B$49*100 -> 0 | S50: =S49/$B$49*100 -> 1.2311121 | T50: =T49/$B$49*100 -> 0 | U50: =U49/$B$49*100 -> 0 | V50: =V49/$B$49*100 -> 0 | W50: =W49/$B$49*100 -> 0 | X50: =X49/$B$49*100 -> 0.058076263 | Y50: =Y49/B49*100 -> 0.16533423 | Z50: =Z49/$B$49*100 -> 0.011510611 | AA50: =AA49/$B$49*100 -> 0.0015696287 | AB50: =AB49/$B$49*100 -> 0
G51: Target | H51: 0.5 | I51: 0.7 | J51: 0.1 | K51: 0.1 | L51: 0.7 | M51: 0.1 | N51: 0.1 | O51: 0.1 | P51: 0.3 | Q51: 0.1 | R51: 0.1 | S51: 1 | T51: 0.1 | U51: 0.1 | V51: 0.1 | W51: 0.1 | X51: 0.1 | Y51: 0.3 | Z51: 0.1 | AA51: 0.1 | AB51: 0.1 | AC51: =SUM(H51:AB51) -> 5 | AD51: =SUM(H50:AB50) -> 3.7487966
G52: Deviation | H52: =H51-H50 -> -0.083901888 | I52: =I51-I50 -> 0.1427818 | J52: =J51-J50 -> 0.1 | K52: =K51-K50 -> 0.1 | L52: =L51-L50 -> 0.1699887 | M52: =M51-M50 -> 0.1 | N52: =N51-N50 -> 0.095814323 | O52: =O51-O50 -> 0.086396551 | ... AB52: =AB51-AB50 -> 0.1

Sheet NOVEMBER 25
B1: DISPOSAFE HEALTH AND LIFE CARE LIMITED Plot No.37A, Sector-06, Ballabgarh (Faridabad) Haryana India 121006 | X1: Doc. No. : | AA1: F/QC/01:00
X2: Supersedes : | AA2: 00
X3: Effective Date : | AA3: 45607
B4: VISUAL INSPECTION REPORT | X4: Page 1 of 1
A5: DATE | B5: REC. QTY | C5: ACCEPT QTY | D5: HOLD QTY | E5: HOLD% | F5: REJ. QTY | G5: REJ % | H5: REASON FOR REJECTION
H6: 1 | I6: 2 | J6: 3 | K6: 4 | L6: 5 | M6: 6 | N6: 7 | O6: 8 | P6: 9 | Q6: 10 | R6: 11 | S6: 12 | T6: 13 | U6: 14 | V6: 15 | W6: 16 | X6: 17 | Y6: 18 | Z6: 19 | AA6: 20 | AB6: 21
H7: COAG | I7: SD | J7: TT | K7: BL | L7: PS | M7: SB | N7: PW | O7: FP | P7: RW | Q7: BEP | R7: DEC | S7: BM | T7: WEB | U7: BT | V7: SF | W7: BIC | X7: WK | Y7: BMP | Z7: TF | AA7: PH | AB7: BST
A8: 45962 | B8: 4262 | C8: 3990 | D8: 162 | E8: =D8/B8*100 -> 3.8010324 | F8: =B8-(C8+D8) -> 110 | G8: =F8/B8*100 -> 2.5809479 | H8: 20 | I8: 23 | S8: 60 | Y8: 1 | Z8: 6
A9: TOTAL | B9: =SUM(B8:B8) -> 4262 | C9: =SUM(C8:C8) -> 3990 | D9: =SUM(D8:D8) -> 162 | E9: =SUM(E8:E8) -> 3.8010324 | F9: =SUM(F8:F8) -> 110 | G9: =SUM(G8:G8) -> 2.5809479 | H9: =SUM(H8:H8) -> 20 | I9: =SUM(I8:I8) -> 23 | ... AB9: =SUM(AB8:AB8) -> 0
A10: % | C10: =C9/$B$9*100 -> 93.61802 | D10: =D9/$B$9*100 -> 3.8010324 | E10: =E9/$B$9*100 -> 0.089184242 | F10: =F9/$B$9*100 -> 2.5809479 | G10: =G9/$B$9*100 -> 0.060557201 | H10: =H9/$B$9*100 -> 0.46926326 | I10: =I9/$B$9*100 -> 0.53965275 | J10: =J9/$B$9*100 -> 0 | ... AB10: =AB9/$B$9*100 -> 0 | AC10: =SUM(H10:AB10) -> 2.5809479
A11: 45963 | E11: =D11/B11*100 -> #DIV/0! | F11: =B11-(C11+D11) -> 0 | G11: =F11/B11*100 -> #DIV/0!
A12: 45964 | B12: 7058 | C12: 6771 | D12: 74 | E12: =D12/B12*100 -> 1.0484557 | F12: =B12-(C12+D12) -> 213 | G12: =F12/B12*100 -> 3.0178521 | H12: 22 | I12: 37 | L12: 41 | Q12: 41 | S12: 65 | Y12: 7
A13: 45965 | B13: 11014 | C13: 10786 | D13: 95 | E13: =D13/B13*100 -> 0.86253859 | F13: =B13-(C13+D13) -> 133 | G13: =F13/B13*100 -> 1.207554 | H13: 5 | I13: 15 | L13: 28 | Q13: 25 | S13: 60
A14: 45966 | B14: 12059 | C14: 11641 | D14: 139 | E14: =D14/B14*100 -> 1.1526661 | F14: =B14-(C14+D14) -> 279 | G14: =F14/B14*100 -> 2.3136247 | H14: 22 | I14: 25 | K14: 65 | Q14: 47 | S14: 113 | Y14: 7
A15: 45967 | B15: 9759 | C15: 8787 | D15: 142 | E15: =D15/B15*100 -> 1.4550671 | F15: =B15-(C15+D15) -> 830 | G15: =F15/B15*100 -> 8.5049698 | H15: 8 | L15: 617 | Q15: 4 | S15: 193 | Y15: 4 | Z15: 4
A16: 45968 | B16: 11511 | C16: 10932 | D16: 113 | E16: =D16/B16*100 -> 0.98166971 | F16: =B16-(C16+D16) -> 466 | G16: =F16/B16*100 -> 4.0483016 | H16: 26 | I16: 53 | L16: 236 | Q16: 52 | S16: 84 | X16: 13 | Y16: 1 | Z16: 1
A17: 45969 | B17: 6499 | C17: 6154 | D17: 83 | E17: =D17/B17*100 -> 1.2771196 | F17: =B17-(C17+D17) -> 262 | G17: =F17/B17*100 -> 4.0313894 | H17: 54 | I17: 17 | L17: 1 | Q17: 84 | S17: 106
A18: TOTAL | B18: =SUM(B11:B17) -> 57900 | C18: =SUM(C11:C17) -> 55071 | D18: =SUM(D11:D17) -> 646 | E18: =D18/B18*100 -> 1.1157168 | F18: =SUM(F11:F17) -> 2183 | G18: =SUM(G11:G17) -> #DIV/0! | H18: =SUM(H11:H17) -> 137 | I18: =SUM(I11:I17) -> 147 | J18: =SUM(J11:J17) -> 0 | K18: =SUM(K11:K17) -> 65 | L18: =SUM(L11:L17) -> 923 | M18: =SUM(M11:M17) -> 0 | ... AB18: =SUM(AB11:AB17) -> 0
A19: % | C19: =C18/$B$18*100 -> 95.11399 | D19: =D18/$B$18*100 -> 1.1157168 | E19: =E18/$B$18*100 -> 0.0019269719 | F19: =F18/$B$18*100 -> 3.7702936 | G19: =G18/$B$18*100 -> #DIV/0! | H19: =H18/$B$18*100 -> 0.23661485 | I19: =I18/$B$18*100 -> 0.25388601 | J19: =J18/$B$18*100 -> 0 | ... AB19: =AB18/$B$18*100 -> 0 | AC19: =SUM(H19:AB19) -> 3.7702936
A20: 45970 | E20: 0 | F20: =B20-(C20+D20) -> 0
A21: 45971 | B21: 6696 | C21: 6041 | D21: 90 | E21: =D21/B21*100 -> 1.344086 | F21: =B21-(C21+D21) -> 565 | G21: =F21/B21*100 -> 8.4378734 | H21: 9 | I21: 22 | Q21: 340 | S21: 121 | Y21: 70 | Z21: 3
A22: 45972 | B22: 5871 | C22: 5513 | D22: 49 | E22: =D22/B22*100 -> 0.8346108 | F22: =B22-(C22+D22) -> 309 | G22: =F22/B22*100 -> 5.2631579 | H22: 15 | I22: 9 | Q22: 188 | S22: 86 | Y22: 11
A23: 45973 | B23: 11542 | C23: 11155 | D23: 76 | E23: =D23/B23*100 -> 0.65846474 | F23: =B23-(C23+D23) -> 311 | G23: =F23/B23*100 -> 2.694507 | H23: 30 | I23: 20 | L23: 147 | Q23: 21 | S23: 93
A24: 45974 | B24: 7620 | C24: 7354 | D24: 60 | E24: =D24/B24*100 -> 0.78740157 | F24: =B24-(C24+D24) -> 206 | G24: =F24/B24*100 -> 2.7034121 | H24: 27 | I24: 13 | L24: 19 | Q24: 22 | S24: 125
A25: 45975 | B25: 9028 | C25: 8482 | D25: 87 | E25: =D25/B25*100 -> 0.96366859 | F25: =B25-(C25+D25) -> 459 | G25: =F25/B25*100 -> 5.0841825 | H25: 99 | I25: 80 | Q25: 163 | S25: 117
A26: 45976 | B26: 8076 | C26: 7732 | D26: 21 | E26: =D26/B26*100 -> 0.26002972 | F26: =B26-(C26+D26) -> 323 | G26: =F26/B26*100 -> 3.9995047 | H26: 143 | I26: 61 | Q26: 34 | S26: 85
A27: TOTAL | B27: =SUM(B20:B26) -> 48833 | C27: =SUM(C20:C26) -> 46277 | D27: =SUM(D20:D26) -> 383 | E27: =D27/B27*100 -> 0.78430569 | F27: =SUM(F20:F26) -> 2173 | G27: =SUM(G20:G26) -> 28.182638 | H27: =SUM(H20:H26) -> 323 | I27: =SUM(I20:I26) -> 205 | J27: =SUM(J20:J26) -> 0 | K27: =SUM(K20:K26) -> 0 | L27: =SUM(L20:L26) -> 166 | M27: =SUM(M20:M26) -> 0 | ... AB27: =SUM(AB20:AB26) -> 0
A28: % | C28: =C27/$B$27*100 -> 94.765835 | D28: =D27/$B$27*100 -> 0.78430569 | F28: =F27/$B$27*100 -> 4.4498597 | G28: =G27/$B$27*100 -> 0.05771228 | H28: =H27/$B$27*100 -> 0.66143796 | I28: =I27/$B$27*100 -> 0.41979809 | J28: =J27/$B$27*100 -> 0 | K28: =K27/$B$27*100 -> 0 | L28: =L27/$B$27*100 -> 0.33993406 | M28: =M27/$B$27*100 -> 0 | ... AB28: =AB27/$B$27*100 -> 0 | AC28: =SUM(H28:AB28) -> 4.4498597
A29: 45977 | E29: =D29/B29*100 -> #DIV/0! | F29: =B29-(C29+D29) -> 0 | G29: =F29/B29*100 -> #DIV/0!
A30: 45978 | B30: 5555 | C30: 5267 | D30: 85 | E30: =D30/B30*100 -> 1.530153 | F30: =B30-(C30+D30) -> 203 | G30: =F30/B30*100 -> 3.6543654 | H30: 44 | I30: 22 | Q30: 25 | S30: 111 | Z30: 1
A31: 45979 | B31: 8285 | C31: 7718 | D31: 200 | E31: =D31/B31*100 -> 2.4140012 | F31: =B31-(C31+D31) -> 367 | G31: =F31/B31*100 -> 4.4296922 | H31: 7 | L31: 300 | S31: 60
A32: 45980 | B32: 11372 | C32: 10881 | D32: 66 | E32: =D32/B32*100 -> 0.58037285 | F32: =B32-(C32+D32) -> 425 | G32: =F32/B32*100 -> 3.7372494 | H32: 19 | I32: 17 | L32: 321 | S32: 68
A33: 45981 | B33: 10854 | C33: 10445 | D33: 99 | E33: =D33/B33*100 -> 0.91210614 | F33: =B33-(C33+D33) -> 310 | G33: =F33/B33*100 -> 2.8560899 | H33: 27 | I33: 37 | L33: 158 | S33: 88
A34: 45982 | B34: 9075 | C34: 7928 | D34: 96 | E34: =D34/B34*100 -> 1.0578512 | F34: =B34-(C34+D34) -> 1051 | G34: =F34/B34*100 -> 11.581267 | H34: 628 | I34: 66 | L34: 18 | Q34: 6 | R34: 121 | S34: 212
A35: 45983 | B35: 4959 | C35: 4382 | D35: 49 | E35: =D35/B35*100 -> 0.98810244 | F35: =B35-(C35+D35) -> 528 | G35: =F35/B35*100 -> 10.647308 | H35: 14 | I35: 100 | L35: 135 | S35: 248 | Z35: 31
A36: TOTAL | B36: =SUM(B29:B35) -> 50100 | C36: =SUM(C29:C35) -> 46621 | D36: =SUM(D29:D35) -> 595 | E36: =D36/B36*100 -> 1.1876248 | F36: =SUM(F29:F35) -> 2884 | G36: =SUM(G29:G35) -> #DIV/0! | H36: =SUM(H29:H35) -> 739 | I36: =SUM(I29:I35) -> 242 | J36: =SUM(J29:J35) -> 0 | K36: =SUM(K29:K35) -> 0 | L36: =SUM(L29:L35) -> 932 | M36: =SUM(M29:M35) -> 0 | ... AB36: =SUM(AB29:AB35) -> 0
A37: % | C37: =C36/$B$36*100 -> 93.055888 | D37: =D36/$B$36*100 -> 1.1876248 | F37: =F36/$B$36*100 -> 5.756487 | G37: =G36/$B$36*100 -> #DIV/0! | H37: =H36/$B$36*100 -> 1.4750499 | I37: =I36/$B$36*100 -> 0.48303393 | J37: =J36/$B$36*100 -> 0 | K37: =K36/$B$36*100 -> 0 | L37: =L36/$B$36*100 -> 1.8602794 | M37: =M36/$B$36*100 -> 0 | ... AB37: =AB36/$B$36*100 -> 0 | AC37: =SUM(H37:AB37) -> 5.756487
A38: 45984 | E38: =D38/B38*100 -> #DIV/0! | F38: =B38-(C38+D38) -> 0 | G38: =F38/B38*100 -> #DIV/0!
A39: 45985 | B39: 4895 | C39: 4457 | D39: 47 | E39: =D39/B39*100 -> 0.96016343 | F39: =B39-(C39+D39) -> 391 | G39: =F39/B39*100 -> 7.9877426 | H39: 37 | I39: 32 | L39: 39 | Q39: 21 | S39: 237 | Y39: 7 | Z39: 18
A40: 45986 | B40: 3679 | C40: 3159 | D40: 45 | E40: =D40/B40*100 -> 1.2231585 | F40: =B40-(C40+D40) -> 475 | G40: =F40/B40*100 -> 12.911117 | H40: 68 | I40: 29 | L40: 51 | P40: 67 | Q40: 3 | R40: 114 | S40: 114 | Z40: 29
A41: 45987 | B41: 4594 | C41: 4012 | D41: 217 | E41: =D41/B41*100 -> 4.7235525 | F41: =B41-(C41+D41) -> 365 | G41: =F41/B41*100 -> 7.9451458 | H41: 21 | I41: 25 | L41: 69 | P41: 124 | S41: 106 | Z41: 20
A42: 45988 | B42: 8704 | C42: 7900 | D42: 51 | E42: =D42/B42*100 -> 0.5859375 | F42: =B42-(C42+D42) -> 753 | G42: =F42/B42*100 -> 8.6511949 | H42: 47 | I42: 68 | L42: 550 | S42: 68 | Y42: 16 | Z42: 4
A43: 45989 | B43: 8004 | C43: 7234 | D43: 122 | E43: =D43/B43*100 -> 1.5242379 | F43: =B43-(C43+D43) -> 648 | G43: =F43/B43*100 -> 8.095952 | H43: 123 | I43: 66 | L43: 20 | P43: 71 | R43: 124 | S43: 162 | X43: 47 | Y43: 15 | Z43: 20
A44: 45990 | B44: 12117 | C44: 10855 | D44: 141 | E44: =D44/B44*100 -> 1.1636544 | F44: =B44-(C44+D44) -> 1121 | G44: =F44/B44*100 -> 9.2514649 | H44: 186 | I44: 161 | L44: 66 | P44: 60 | Q44: 34 | S44: 268 | X44: 243 | Y44: 76 | Z44: 27
A45: 45991 | E45: =D45/B45*100 -> #DIV/0! | F45: =B45-(C45+D45) -> 0 | G45: =F45/B45*100 -> #DIV/0!
A46: TOTAL | B46: =SUM(B38:B45) -> 41993 | C46: =SUM(C38:C45) -> 37617 | D46: =SUM(D38:D45) -> 623 | E46: =SUM(E38:E45) -> #DIV/0! | F46: =SUM(F38:F45) -> 3753 | G46: =SUM(G38:G45) -> #DIV/0! | H46: =SUM(H38:H45) -> 482 | I46: =SUM(I38:I45) -> 381 | ... AB46: =SUM(AB38:AB45) -> 0
A47: % | C47: =C46/$B$46*100 -> 89.579216 | D47: =D46/$B$46*100 -> 1.4835806 | E47: =E46/$B$46*100 -> #DIV/0! | F47: =F46/$B$46*100 -> 8.9372038 | G47: =G46/$B$46*100 -> #DIV/0! | H47: =H46/$B$46*100 -> 1.1478103 | I47: =I46/$B$46*100 -> 0.90729407 | J47: =J46/$B$46*100 -> 0 | ... AB47: =AB46/$B$46*100 -> 0 | AC47: =SUM(H47:AB47) -> 8.9372038
A48: TOTAL | B48: =B46+B36+B27+B18+B9 -> 203088 | C48: =C46+C36+C27+C18+C9 -> 189576 | D48: =D46+D36+D27+D18+D9 -> 2409 | E48: =D48/B48*100 -> 1.1861853 | F48: =F46+F36+F27+F18+F9 -> 11103 | G48: =F48/B48*100 -> 5.4670882 | H48: =H46+H36+H27+H18+H9 -> 1701 | I48: =I46+I36+I27+I18+I9 -> 998 | J48: =J46+J36+J27+J18+J9 -> 0 | K48: =K46+K36+K27+K18+K9 -> 65 | L48: =L46+L36+L27+L18+L9 -> 2816 | M48: =M46+M36+M27+M18+M9 -> 0 | N48: =N46+N36+N27+N18+N9 -> 0 | O48: =O46+O36+O27+O18+O9 -> 0 | ... AB48: =AB46+AB36+AB27+AB18+AB9 -> 0
C49: =C48/B48*100 -> 93.346727 | D49: =D48/B48*100 -> 1.1861853 | E49: NA | F49: =F48/B48*100 -> 5.4670882 | G49: Current Trend | H49: =H48/$B$48*100 -> 0.83756795 | I49: =I48/$B$48*100 -> 0.49141259 | J49: =J48/$B$48*100 -> 0 | K49: =K48/$B$48*100 -> 0.03200583 | L49: =L48/B48*100 -> 1.386591 | M49: =M48/B48*100 -> 0 | N49: =N48/B48*100 -> 0 | O49: =O48/B48*100 -> 0 | P49: =P48/$B$48*100 -> 0.15855196 | Q49: =Q48/$B$48*100 -> 0.5465611 | R49: =R48/$B$48*100 -> 0.17677066 | S49: =S48/$B$48*100 -> 1.501812 | T49: =T48/$B$48*100 -> 0 | U49: =U48/$B$48*100 -> 0 | V49: =V48/$B$48*100 -> 0 | W49: =W48/$B$48*100 -> 0 | X49: =X48/$B$48*100 -> 0.14919641 | Y49: =Y48/B48*100 -> 0.10586544 | Z49: =Z48/$B$48*100 -> 0.080753171 | AA49: =AA48/$B$48*100 -> 0 | AB49: =AB48/$B$48*100 -> 0
G50: Target | H50: 0.5 | I50: 0.7 | J50: 0.1 | K50: 0.1 | L50: 0.7 | M50: 0.1 | N50: 0.1 | O50: 0.1 | P50: 0.3 | Q50: 0.1 | R50: 0.1 | S50: 1 | T50: 0.1 | U50: 0.1 | V50: 0.1 | W50: 0.1 | X50: 0.1 | Y50: 0.3 | Z50: 0.1 | AA50: 0.1 | AB50: 0.1 | AC50: =SUM(H50:AB50) -> 5 | AD50: =SUM(H49:AB49) -> 5.4670882
G51: Deviation | H51: =H50-H49 -> -0.33756795 | I51: =I50-I49 -> 0.20858741 | J51: =J50-J49 -> 0.1 | K51: =K50-K49 -> 0.06799417 | L51: =L50-L49 -> -0.68659103 | M51: =M50-M49 -> 0.1 | N51: =N50-N49 -> 0.1 | O51: =O50-O49 -> 0.1 | ... AB51: =AB50-AB49 -> 0.1

Sheet DECEMBER 25
B1: DISPOSAFE HEALTH AND LIFE CARE LIMITED Plot No.37A, Sector-06, Ballabgarh (Faridabad) Haryana India 121006 | X1: Doc. No. : | AA1: F/QC/01:00
X2: Supersedes : | AA2: 00
X3: Effective Date : | AA3: 45607
B4: VISUAL INSPECTION REPORT | X4: Page 1 of 1
A5: DATE | B5: REC. QTY | C5: ACCEPT QTY | D5: HOLD QTY | E5: HOLD% | F5: REJ. QTY | G5: REJ % | H5: REASON FOR REJECTION
H6: 1 | I6: 2 | J6: 3 | K6: 4 | L6: 5 | M6: 6 | N6: 7 | O6: 8 | P6: 9 | Q6: 10 | R6: 11 | S6: 12 | T6: 13 | U6: 14 | V6: 15 | W6: 16 | X6: 17 | Y6: 18 | Z6: 19 | AA6: 20 | AB6: 21
H7: COAG | I7: SD | J7: TT | K7: BL | L7: PS | M7: SB | N7: PW | O7: FP | P7: RW | Q7: BEP | R7: DEC | S7: BM | T7: WEB | U7: BT | V7: SF | W7: BIC | X7: WK | Y7: BMP | Z7: TF | AA7: PH | AB7: BST
A8: 45992 | B8: 6742 | C8: 5826 | D8: 92 | E8: =D8/B8*100 -> 1.3645802 | F8: =B8-(C8+D8) -> 824 | G8: =F8/B8*100 -> 12.221893 | H8: 215 | I8: 81 | P8: 62 | Q8: 49 | S8: 176 | X8: 54 | Y8: 169 | Z8: 18
A9: 45993 | B9: 6368 | C9: 5785 | D9: 84 | E9: =D9/B9*100 -> 1.3190955 | F9: =B9-(C9+D9) -> 499 | G9: =F9/B9*100 -> 7.8360553 | H9: 21 | I9: 115 | L9: 106 | Q9: 23 | S9: 93
A10: 45994 | B10: 0 | C10: 0 | D10: 0 | E10: =D10/B10*100 -> #DIV/0! | F10: =B10-(C10+D10) -> 0 | G10: =F10/B10*100 -> #DIV/0! | H10: 0 | I10: 0 | J10: 0 | K10: 0 | L10: 0 | M10: 0 | N10: 0 | O10: 0 | P10: 0 | Q10: 0 | R10: 0 | S10: 0 | T10: 0 | U10: 0 | V10: 0 | W10: 0 | X10: 00 | Y10: 0 | Z10: 0 | AA10: 0 | AB10: 0
A11: 45995 | B11: 4174 | C11: 3527 | D11: 224 | E11: =D11/B11*100 -> 5.3665549 | F11: =B11-(C11+D11) -> 423 | G11: =F11/B11*100 -> 10.134164 | H11: 48 | I11: 18 | L11: 5 | P11: 9 | Q11: 29 | R11: 35 | S11: 57 | X11: 45 | Y11: 14
A12: 45996 | B12: 7237 | C12: 5946 | D12: 355 | E12: =D12/B12*100 -> 4.9053475 | F12: =B12-(C12+D12) -> 936 | G12: =F12/B12*100 -> 12.933536 | H12: 19 | I12: 456 | L12: 277 | P12: 3 | Q12: 117 | S12: 64
A13: 45997 | B13: 9097 | C13: 7793 | D13: 483 | E13: =D13/B13*100 -> 5.3094427 | F13: =B13-(C13+D13) -> 821 | G13: =F13/B13*100 -> 9.0249533 | H13: 63 | I13: 279 | L13: 178 | P13: 5 | Q13: 103 | S13: 117 | X13: 59 | Y13: 17
A14: TOTAL | B14: =SUM(B8:B13) -> 33618 | C14: =SUM(C8:C13) -> 28877 | D14: =SUM(D8:D13) -> 1238 | E14: =SUM(E8:E13) -> #DIV/0! | F14: =SUM(F8:F13) -> 3503 | G14: =F14/B14*100 -> 10.420013 | H14: =SUM(H8:H13) -> 366 | I14: =SUM(I8:I13) -> 949 | J14: =SUM(J8:J13) -> 0 | K14: =SUM(K8:K13) -> 0 | L14: =SUM(L8:L13) -> 566 | M14: =SUM(M8:M13) -> 0 | N14: =SUM(N8:N13) -> 0 | O14: =SUM(O8:O13) -> 0 | ... AB14: =SUM(AB8:AB13) -> 0
A15: % | C15: =C14/$B$14*100 -> 85.897436 | D15: =D14/$B$14*100 -> 3.682551 | E15: =E14/$B$14*100 -> #DIV/0! | F15: =F14/$B$14*100 -> 10.420013 | G15: =G14/$B$14*100 -> 0.030995339 | H15: =H14/$B$14*100 -> 1.0887025 | I15: =I14/$B$14*100 -> 2.8228925 | J15: =J14/$B$14*100 -> 0 | ... AB15: =AB14/$B$14*100 -> 0 | AC15: =SUM(H15:AB15) -> 9.5157356
A16: 45998 | E16: =D16/B16*100 -> #DIV/0! | F16: =B16-(C16+D16) -> 0 | G16: =F16/B16*100 -> #DIV/0!
A17: 45999 | B17: 12238 | C17: 11521 | D17: 153 | E17: =D17/B17*100 -> 1.2502043 | F17: =B17-(C17+D17) -> 564 | G17: =F17/B17*100 -> 4.6085962 | H17: 172 | I17: 178 | S17: 188 | Y17: 26
A18: 46000 | B18: 8714 | C18: 7840 | D18: 224 | E18: =D18/B18*100 -> 2.5705761 | F18: =B18-(C18+D18) -> 650 | G18: =F18/B18*100 -> 7.459261 | H18: 484 | I18: 28 | L18: 46 | P18: 4 | S18: 74 | X18: 10 | Z18: 4
A19: 46001 | B19: 8310 | C19: 7969 | D19: 151 | E19: =D19/B19*100 -> 1.8170878 | F19: =B19-(C19+D19) -> 190 | G19: =F19/B19*100 -> 2.2864019 | H19: 63 | I19: 46 | L19: 41 | S19: 38 | Z19: 2
A20: 46002 | B20: 10794 | C20: 10566 | D20: 85 | E20: =D20/B20*100 -> 0.78747452 | F20: =B20-(C20+D20) -> 143 | G20: =F20/B20*100 -> 1.3248101 | H20: 41 | I20: 36 | L20: 27 | S20: 71 | Z20: 4
A21: 46003 | B21: 12012 | C21: 11308 | D21: 180 | E21: =D21/B21*100 -> 1.4985015 | F21: =B21-(C21+D21) -> 524 | G21: =F21/B21*100 -> 4.3623044 | H21: 187 | I21: 53 | L21: 89 | P21: 72 | S21: 90 | X21: 24 | Y21: 7 | Z21: 2
A22: 46004 | B22: 12103 | C22: 11193 | D22: 369 | E22: =D22/B22*100 -> 3.0488309 | F22: =B22-(C22+D22) -> 541 | G22: =F22/B22*100 -> 4.4699661 | H22: 75 | I22: 320 | L22: 13 | P22: 13 | S22: 72 | X22: 45 | Y22: 3
A23: TOTAL | B23: =SUM(B16:B22) -> 64171 | C23: =SUM(C16:C22) -> 60397 | D23: =SUM(D16:D22) -> 1162 | E23: =D23/B23*100 -> 1.8107868 | F23: =SUM(F16:F22) -> 2612 | G23: =SUM(G16:G22) -> #DIV/0! | H23: =SUM(H16:H22) -> 1022 | I23: =SUM(I16:I22) -> 661 | J23: =SUM(J16:J22) -> 0 | K23: =SUM(K16:K22) -> 0 | L23: =SUM(L16:L22) -> 216 | M23: =SUM(M16:M22) -> 0 | ... AB23: =SUM(AB16:AB22) -> 0
A24: % | C24: =C23/$B$23*100 -> 94.118839 | D24: =D23/$B$23*100 -> 1.8107868 | E24: =E23/$B$23*100 -> 0.0028218148 | F24: =F23/$B$23*100 -> 4.0703745 | G24: =G23/$B$23*100 -> #DIV/0! | H24: =H23/$B$23*100 -> 1.5926197 | I24: =I23/$B$23*100 -> 1.0300603 | J24: =J23/$B$23*100 -> 0 | ... AB24: =AB23/$B$23*100 -> 0 | AC24: =SUM(H24:AB24) -> 4.1264746
A25: 46005 | E25: 0 | F25: =B25-(C25+D25) -> 0
A26: 46006 | B26: 9819 | C26: 8501 | D26: 413 | E26: =D26/B26*100 -> 4.206131 | F26: =B26-(C26+D26) -> 905 | G26: =F26/B26*100 -> 9.2168245 | H26: 70 | I26: 514 | L26: 113 | P26: 17 | Q26: 125 | S26: 63 | Z26: 3
A27: 46007 | B27: 10616 | C27: 10009 | D27: 396 | E27: =D27/B27*100 -> 3.7302185 | F27: =B27-(C27+D27) -> 211 | G27: =F27/B27*100 -> 1.9875659 | H27: 67 | I27: 89 | L27: 5 | S27: 90
A28: 46008 | B28: 18552 | C28: 17458 | D28: 361 | E28: =D28/B28*100 -> 1.9458818 | F28: =B28-(C28+D28) -> 733 | G28: =F28/B28*100 -> 3.9510565 | H28: 124 | I28: 286 | L28: 167 | P28: 29 | S28: 127
A29: 46009 | B29: 11312 | C29: 10295 | D29: 746 | E29: =D29/B29*100 -> 6.5947666 | F29: =B29-(C29+D29) -> 271 | G29: =F29/B29*100 -> 2.395686 | H29: 90 | I29: 7 | L29: 37 | P29: 35 | S29: 101 | Y29: 1
A30: 46010 | B30: 17524 | C30: 16477 | D30: 517 | E30: =D30/B30*100 -> 2.9502397 | F30: =B30-(C30+D30) -> 530 | G30: =F30/B30*100 -> 3.0244236 | H30: 129 | I30: 73 | L30: 44 | P30: 86 | S30: 195 | Z30: 3
A31: 46011 | B31: 9560 | C31: 8974 | D31: 242 | E31: =D31/B31*100 -> 2.5313808 | F31: =B31-(C31+D31) -> 344 | G31: =F31/B31*100 -> 3.5983264 | H31: 77 | I31: 42 | L31: 3 | P31: 161 | S31: 50 | Z31: 11
A32: TOTAL | B32: =SUM(B25:B31) -> 77383 | C32: =SUM(C25:C31) -> 71714 | D32: =SUM(D25:D31) -> 2675 | E32: =D32/B32*100 -> 3.4568316 | F32: =SUM(F25:F31) -> 2994 | G32: =SUM(G25:G31) -> 24.173883 | H32: =SUM(H25:H31) -> 557 | I32: =SUM(I25:I31) -> 1011 | J32: =SUM(J25:J31) -> 0 | K32: =SUM(K25:K31) -> 0 | L32: =SUM(L25:L31) -> 369 | M32: =SUM(M25:M31) -> 0 | ... AB32: =SUM(AB25:AB31) -> 0
A33: % | C33: =C32/$B$32*100 -> 92.674102 | D33: =D32/$B$32*100 -> 3.4568316 | F33: =F32/$B$32*100 -> 3.8690668 | G33: =G32/$B$32*100 -> 0.031239268 | H33: =H32/$B$32*100 -> 0.71979634 | I33: =I32/$B$32*100 -> 1.3064885 | J33: =J32/$B$32*100 -> 0 | K33: =K32/$B$32*100 -> 0 | L33: =L32/$B$32*100 -> 0.47684892 | M33: =M32/$B$32*100 -> 0 | ... AB33: =AB32/$B$32*100 -> 0 | AC33: =SUM(H33:AB33) -> 3.9207578
A34: 46012 | E34: =D34/B34*100 -> #DIV/0! | F34: =B34-(C34+D34) -> 0 | G34: =F34/B34*100 -> #DIV/0!
A35: 46013 | B35: 19600 | C35: 15385 | D35: 809 | E35: =D35/B35*100 -> 4.127551 | F35: =B35-(C35+D35) -> 3406 | G35: =F35/B35*100 -> 17.377551 | H35: 205 | I35: 23 | L35: 31 | P35: 202 | S35: 109 | X35: 1 | Y35: 9 | Z35: 25
A36: 46014 | B36: 19123 | C36: 17919 | D36: 446 | E36: =D36/B36*100 -> 2.33227 | F36: =B36-(C36+D36) -> 758 | G36: =F36/B36*100 -> 3.9638132 | H36: 119 | I36: 36 | L36: 22 | P36: 28 | S36: 429 | X36: 4 | Y36: 8
A37: 46015 | B37: 19044 | C37: 15749 | D37: 394 | E37: =D37/B37*100 -> 2.0688931 | F37: =B37-(C37+D37) -> 2901 | G37: =F37/B37*100 -> 15.233144 | H37: 330 | I37: 10 | L37: 9 | P37: 152 | S37: 119 | X37: 13 | Y37: 14
A38: 46016 | B38: 16287 | C38: 13377 | D38: 903 | E38: =D38/B38*100 -> 5.5442991 | F38: =B38-(C38+D38) -> 2007 | G38: =F38/B38*100 -> 12.322711 | H38: 496 | I38: 34 | P38: 188 | S38: 226 | X38: 482 | Y38: 16 | Z38: 8
A39: 46017 | B39: 17625 | C39: 14380 | D39: 1300 | E39: =D39/B39*100 -> 7.3758865 | F39: 754 | G39: =F39/B39*100 -> 4.2780142 | H39: 342 | I39: 98 | L39: 16 | P39: 87 | S39: 140 | X39: 34 | Y39: 27 | Z39: 10
A40: 46018 | B40: 19434 | C40: 16312 | D40: 359 | E40: =D40/B40*100 -> 1.847278 | F40: 951 | G40: =F40/B40*100 -> 4.8934856 | H40: 401 | I40: 109 | P40: 207 | S40: 142 | X40: 86 | Y40: 6
A41: TOTAL | B41: =SUM(B34:B40) -> 111113 | C41: =SUM(C34:C40) -> 93122 | D41: =SUM(D34:D40) -> 4211 | E41: =D41/B41*100 -> 3.7898356 | F41: =SUM(F34:F40) -> 10777 | G41: =SUM(G34:G40) -> #DIV/0! | H41: =SUM(H34:H40) -> 1893 | I41: =SUM(I34:I40) -> 310 | J41: =SUM(J34:J40) -> 0 | K41: =SUM(K34:K40) -> 0 | L41: =SUM(L34:L40) -> 78 | M41: =SUM(M34:M40) -> 0 | ... AB41: =SUM(AB34:AB40) -> 0
A42: % | C42: =C41/$B$41*100 -> 83.808375 | D42: =D41/$B$41*100 -> 3.7898356 | F42: =F41/$B$41*100 -> 9.6991351 | G42: =G41/$B$41*100 -> #DIV/0! | H42: =H41/$B$41*100 -> 1.703671 | I42: =I41/$B$41*100 -> 0.27899526 | J42: =J41/$B$41*100 -> 0 | K42: =K41/$B$41*100 -> 0 | L42: =L41/$B$41*100 -> 0.070198807 | M42: =M41/$B$41*100 -> 0 | ... AB42: =AB41/$B$41*100 -> 0 | AC42: =SUM(H42:AB42) -> 4.5476227
A43: 46019 | F43: =B43-(C43+D43) -> 0
A44: 46020 | B44: 10715 | C44: 10073 | D44: 146 | E44: =D44/B44*100 -> 1.3625758 | F44: 281 | G44: =F44/B44*100 -> 2.6224918 | H44: 113 | I44: 61 | S44: 64 | Y44: 43
A45: 46021 | B45: 19266 | C45: 18047 | D45: 664 | E45: =D45/B45*100 -> 3.446486 | F45: =B45-(C45+D45) -> 555 | G45: =F45/B45*100 -> 2.8807225 | H45: 96 | I45: 77 | P45: 154 | S45: 228
A46: 46022 | B46: 15691 | C46: 15030 | D46: 213 | E46: =D46/B46*100 -> 1.3574661 | F46: =B46-(C46+D46) -> 448 | G46: =F46/B46*100 -> 2.8551399 | H46: 140 | I46: 93 | L46: 10 | P46: 97 | S46: 69 | X46: 4 | Y46: 35
A47: TOTAL | B47: =SUM(B43:B46) -> 45672 | C47: =SUM(C43:C46) -> 43150 | D47: =SUM(D43:D46) -> 1023 | E47: =SUM(E43:E46) -> 6.1665279 | F47: =SUM(F43:F46) -> 1284 | G47: =SUM(G43:G46) -> 8.3583542 | H47: =SUM(H43:H46) -> 349 | I47: =SUM(I43:I46) -> 231 | ... AB47: =SUM(AB43:AB46) -> 0
A48: % | C48: =C47/$B$47*100 -> 94.478017 | D48: =D47/$B$47*100 -> 2.2398844 | E48: =E47/$B$47*100 -> 0.013501769 | F48: =F47/$B$47*100 -> 2.8113505 | G48: =G47/$B$47*100 -> 0.018300828 | H48: =H47/$B$47*100 -> 0.76414433 | I48: =I47/$B$47*100 -> 0.50578035 | J48: =J47/$B$47*100 -> 0 | ... AB48: =AB47/$B$47*100 -> 0 | AC48: =SUM(H48:AB48) -> 2.8113505
A49: TOTAL | B49: =B47+B41+B32+B23+B14 -> 331957 | C49: =C47+C41+C32+C23+C14 -> 297260 | D49: =D47+D41+D32+D23+D14 -> 10309 | E49: =D49/B49*100 -> 3.1055227 | F49: =F47+F41+F32+F23+F14 -> 21170 | G49: =F49/B49*100 -> 6.377332 | H49: =H47+H41+H32+H23+H14 -> 4187 | I49: =I47+I41+I32+I23+I14 -> 3162 | J49: =J47+J41+J32+J23+J14 -> 0 | K49: =K47+K41+K32+K23+K14 -> 0 | L49: =L47+L41+L32+L23+L14 -> 1239 | M49: =M47+M41+M32+M23+M14 -> 0 | N49: =N47+N41+N32+N23+N14 -> 0 | O49: =O47+O41+O32+O23+O14 -> 0 | ... AB49: =AB47+AB41+AB32+AB23+AB14 -> 0
C50: =C49/B49*100 -> 89.547743 | D50: =D49/B49*100 -> 3.1055227 | E50: NA | F50: =F49/B49*100 -> 6.377332 | G50: Current Trend | H50: =H49/$B$49*100 -> 1.2613079 | I50: =I49/$B$49*100 -> 0.95253301 | J50: =J49/$B$49*100 -> 0 | K50: =K49/$B$49*100 -> 0 | L50: =L49/B49*100 -> 0.37324111 | M50: =M49/B49*100 -> 0 | N50: =N49/B49*100 -> 0 | O50: =O49/B49*100 -> 0 | P50: =P49/$B$49*100 -> 0.48530382 | Q50: =Q49/$B$49*100 -> 0.13435475 | R50: =R49/$B$49*100 -> 0.010543534 | S50: =S49/$B$49*100 -> 0.96157032 | T50: =T49/$B$49*100 -> 0 | U50: =U49/$B$49*100 -> 0 | V50: =V49/$B$49*100 -> 0 | W50: =W49/$B$49*100 -> 0 | X50: =X49/$B$49*100 -> 0.25937094 | Y50: =Y49/B49*100 -> 0.11899132 | Z50: =Z49/$B$49*100 -> 0.027111945 | AA50: =AA49/$B$49*100 -> 0 | AB50: =AB49/$B$49*100 -> 0
G51: Target | H51: 0.5 | I51: 0.7 | J51: 0.1 | K51: 0.1 | L51: 0.7 | M51: 0.1 | N51: 0.1 | O51: 0.1 | P51: 0.3 | Q51: 0.1 | R51: 0.1 | S51: 1 | T51: 0.1 | U51: 0.1 | V51: 0.1 | W51: 0.1 | X51: 0.1 | Y51: 0.3 | Z51: 0.1 | AA51: 0.1 | AB51: 0.1 | AC51: =SUM(H51:AB51) -> 5
G52: Deviation | H52: =H51-H50 -> -0.76130794 | I52: =I51-I50 -> -0.25253301 | J52: =J51-J50 -> 0.1 | K52: =K51-K50 -> 0.1 | L52: =L51-L50 -> 0.32675889 | M52: =M51-M50 -> 0.1 | N52: =N51-N50 -> 0.1 | O52: =O51-O50 -> 0.1 | ... AB52: =AB51-AB50 -> 0.1

Sheet JANUARY 26
B1: DISPOSAFE HEALTH AND LIFE CARE LIMITED Plot No.37A, Sector-06, Ballabgarh (Faridabad) Haryana India 121006
B4: VISUAL INSPECTION REPORT
A5: DATE | B5: REC. QTY | C5: ACCEPT QTY | D5: HOLD QTY | E5: HOLD% | F5: REJ. QTY | G5: REJ % | H5: REASON FOR REJECTION
H6: 1 | I6: 2 | J6: 3 | K6: 4 | L6: 5 | M6: 6 | N6: 7 | O6: 8 | P6: 9 | Q6: 10 | R6: 11 | S6: 12 | T6: 13 | U6: 14 | V6: 15 | W6: 16 | X6: 17 | Y6: 18 | Z6: 19 | AA6: 20 | AB6: 21
H7: COAG | I7: SD | J7: TT | K7: BL | L7: PS | M7: SB | N7: PW | O7: FP | P7: RW | Q7: BEP | R7: DEC | S7: BM | T7: WEB | U7: BT | V7: SF | W7: BIC | X7: WK | Y7: BMP | Z7: TF | AA7: PH | AB7: BST
A8: 46023 | B8: 11003 | C8: 10760 | D8: 81 | E8: =D8/B8*100 -> 0.73616286 | F8: =B8-(C8+D8) -> 162 | G8: =F8/B8*100 -> 1.4723257 | H8: 74 | I8: 32 | L8: 10 | S8: 43 | Z8: 3
A9: 46024 | B9: 7976 | C9: 7413 | D9: 289 | E9: =D9/B9*100 -> 3.6233701 | F9: =B9-(C9+D9) -> 274 | G9: =F9/B9*100 -> 3.4353059 | H9: 81 | I9: 20 | L9: 8 | P9: 26 | S9: 85 | X9: 27 | Y9: 24 | Z9: 3
A10: 46025 | B10: 8964 | C10: 8175 | D10: 340 | E10: =D10/B10*100 -> 3.7929496 | F10: =B10-(C10+D10) -> 449 | G10: =F10/B10*100 -> 5.0089246 | H10: 117 | I10: 32 | P10: 59 | S10: 127 | X10: 72 | Y10: 42
A11: TOTAL | B11: =SUM(B8:B10) -> 27943 | C11: =SUM(C8:C10) -> 26348 | D11: =SUM(D8:D10) -> 710 | E11: =SUM(E8:E10) -> 8.1524826 | F11: =SUM(F8:F10) -> 885 | G11: =F11/B11*100 -> 3.1671617 | H11: =SUM(H8:H10) -> 272 | I11: =SUM(I8:I10) -> 84 | J11: =SUM(J8:J10) -> 0 | K11: =SUM(K8:K10) -> 0 | L11: =SUM(L8:L10) -> 18 | M11: =SUM(M8:M10) -> 0 | N11: =SUM(N8:N10) -> 0 | O11: =SUM(O8:O10) -> 0 | ... AB11: =SUM(AB8:AB10) -> 0
A12: % | C12: =C11/$B$11*100 -> 94.291951 | D12: =D11/$B$11*100 -> 2.5408868 | E12: =E11/$B$11*100 -> 0.029175402 | F12: =F11/$B$11*100 -> 3.1671617 | G12: =G11/$B$11*100 -> 0.011334365 | H12: =H11/$B$11*100 -> 0.97341016 | I12: =I11/$B$11*100 -> 0.30061196 | J12: =J11/$B$11*100 -> 0 | ... AB12: =AB11/$B$11*100 -> 0 | AC12: =SUM(H12:AB12) -> 3.1671617
A13: 46026 | E13: =D13/B13*100 -> #DIV/0! | F13: =B13-(C13+D13) -> 0 | G13: =F13/B13*100 -> #DIV/0!
A14: 46027 | B14: 12695 | C14: 12034 | D14: 112 | E14: =D14/B14*100 -> 0.8822371 | F14: =B14-(C14+D14) -> 549 | G14: =F14/B14*100 -> 4.3245372 | H14: 181 | I14: 4 | L14: 9 | P14: 145 | S14: 139 | X14: 34 | Y14: 37
A15: 46028 | B15: 9853 | C15: 9166 | D15: 191 | E15: =D15/B15*100 -> 1.9384959 | F15: =B15-(C15+D15) -> 496 | G15: =F15/B15*100 -> 5.0339998 | H15: 114 | I15: 21 | P15: 142 | S15: 147 | X15: 38 | Y15: 34
A16: 46029 | B16: 10889 | C16: 10024 | D16: 435 | E16: =D16/B16*100 -> 3.9948572 | F16: =B16-(C16+D16) -> 430 | G16: =F16/B16*100 -> 3.9489393 | H16: 124 | I16: 28 | L16: 9 | P16: 47 | S16: 143 | X16: 52 | Y16: 27
A17: 46030 | B17: 10471 | C17: 9918 | D17: 234 | E17: =D17/B17*100 -> 2.2347436 | F17: =B17-(C17+D17) -> 319 | G17: =F17/B17*100 -> 3.0465094 | H17: 92 | I17: 25 | J17: 25 | P17: 45 | S17: 131 | X17: 21 | Y17: 5
A18: 46031 | B18: 16214 | C18: 14580 | D18: 689 | E18: =D18/B18*100 -> 4.2494141 | F18: =B18-(C18+D18) -> 945 | G18: =F18/B18*100 -> 5.8282965 | H18: 313 | I18: 37 | L18: 24 | P18: 281 | S18: 231 | X18: 49 | Y18: 10
A19: 46032 | B19: 18477 | C19: 15887 | D19: 469 | E19: =D19/B19*100 -> 2.5382908 | F19: 621 | G19: =F19/B19*100 -> 3.3609352 | H19: 203 | I19: 43 | P19: 167 | S19: 178 | Y19: 30
A20: TOTAL | B20: =SUM(B13:B19) -> 78599 | C20: =SUM(C13:C19) -> 71609 | D20: =SUM(D13:D19) -> 2130 | E20: =D20/B20*100 -> 2.7099581 | F20: =SUM(F13:F19) -> 3360 | G20: =SUM(G13:G19) -> #DIV/0! | H20: =SUM(H13:H19) -> 1027 | I20: =SUM(I13:I19) -> 158 | J20: =SUM(J13:J19) -> 25 | K20: =SUM(K13:K19) -> 0 | L20: =SUM(L13:L19) -> 42 | M20: =SUM(M13:M19) -> 0 | ... AB20: =SUM(AB13:AB19) -> 0
A21: % | C21: =C20/$B$20*100 -> 91.106757 | D21: =D20/$B$20*100 -> 2.7099581 | E21: =E20/$B$20*100 -> 0.0034478278 | F21: =F20/$B$20*100 -> 4.2748635 | G21: =G20/$B$20*100 -> #DIV/0! | H21: =H20/$B$20*100 -> 1.3066324 | I21: =I20/$B$20*100 -> 0.20102037 | J21: =J20/$B$20*100 -> 0.03180702 | ... AB21: =AB20/$B$20*100 -> 0 | AC21: =SUM(H21:AB21) -> 4.3066706
A22: 46033 | E22: 0 | F22: =B22-(C22+D22) -> 0
A23: 46034 | B23: 14954 | C23: 13853 | D23: 456 | E23: =D23/B23*100 -> 3.0493513 | F23: =B23-(C23+D23) -> 645 | G23: =F23/B23*100 -> 4.3132272 | H23: 236 | I23: 40 | L23: 16 | P23: 110 | S23: 223 | X23: 12 | Y23: 8
A24: 46035 | B24: 12860 | C24: 11778 | D24: 326 | E24: =D24/B24*100 -> 2.5349922 | F24: =B24-(C24+D24) -> 756 | G24: =F24/B24*100 -> 5.8786936 | H24: 225 | I24: 98 | P24: 65 | S24: 171 | X24: 117 | Y24: 80
A25: 46036 | B25: 17632 | C25: 15964 | D25: 928 | E25: =D25/B25*100 -> 5.2631579 | F25: =B25-(C25+D25) -> 740 | G25: =F25/B25*100 -> 4.1969147 | H25: 217 | I25: 28 | L25: 13 | P25: 226 | S25: 216 | Y25: 40
A26: 46037 | B26: 10997 | C26: 9964 | D26: 303 | E26: =D26/B26*100 -> 2.7552969 | F26: =B26-(C26+D26) -> 730 | G26: =F26/B26*100 -> 6.638174 | H26: 182 | I26: 188 | P26: 18 | S26: 144 | X26: 80 | Y26: 79 | Z26: 39
A27: 46038 | B27: 10228 | C27: 9107 | D27: 238 | E27: =D27/B27*100 -> 2.3269456 | F27: =B27-(C27+D27) -> 883 | G27: =F27/B27*100 -> 8.6331639 | H27: 268 | I27: 151 | P27: 21 | S27: 154 | X27: 142 | Y27: 31 | Z27: 116
A28: 46039 | B28: 15894 | C28: 14521 | D28: 461 | E28: =D28/B28*100 -> 2.9004656 | F28: =B28-(C28+D28) -> 912 | G28: =F28/B28*100 -> 5.7380143 | H28: 178 | I28: 44 | P28: 203 | S28: 234 | X28: 151 | Y28: 70 | Z28: 32
A29: TOTAL | B29: =SUM(B22:B28) -> 82565 | C29: =SUM(C22:C28) -> 75187 | D29: =SUM(D22:D28) -> 2712 | E29: =D29/B29*100 -> 3.2846848 | F29: =SUM(F22:F28) -> 4666 | G29: =SUM(G22:G28) -> 35.398188 | H29: =SUM(H22:H28) -> 1306 | I29: =SUM(I22:I28) -> 549 | J29: =SUM(J22:J28) -> 0 | K29: =SUM(K22:K28) -> 0 | L29: =SUM(L22:L28) -> 29 | M29: =SUM(M22:M28) -> 0 | ... AB29: =SUM(AB22:AB28) -> 0
A30: % | C30: =C29/$B$29*100 -> 91.06401 | D30: =D29/$B$29*100 -> 3.2846848 | F30: =F29/$B$29*100 -> 5.651305 | G30: =G29/$B$29*100 -> 0.042873115 | H30: =H29/$B$29*100 -> 1.581784 | I30: =I29/$B$29*100 -> 0.66493066 | J30: =J29/$B$29*100 -> 0 | K30: =K29/$B$29*100 -> 0 | L30: =L29/$B$29*100 -> 0.035123842 | M30: =M29/$B$29*100 -> 0 | ... AB30: =AB29/$B$29*100 -> 0 | AC30: =SUM(H30:AB30) -> 5.651305
A31: 46040 | E31: =D31/B31*100 -> #DIV/0! | F31: =B31-(C31+D31) -> 0 | G31: =F31/B31*100 -> #DIV/0!
A32: 46041 | B32: 15322 | C32: 14328 | D32: 320 | E32: =D32/B32*100 -> 2.0885002 | F32: =B32-(C32+D32) -> 674 | G32: =F32/B32*100 -> 4.3989035 | H32: 263 | I32: 58 | P32: 50 | S32: 257 | X32: 10 | Y32: 36
A33: 46042 | B33: 13089 | C33: 12225 | D33: 216 | E33: =D33/B33*100 -> 1.6502407 | F33: =B33-(C33+D33) -> 648 | G33: =F33/B33*100 -> 4.950722 | H33: 199 | I33: 16 | L33: 3 | P33: 77 | S33: 245 | Y33: 108
A34: 46043 | B34: 12469 | C34: 11664 | D34: 267 | E34: =D34/B34*100 -> 2.1413104 | F34: =B34-(C34+D34) -> 538 | G34: =F34/B34*100 -> 4.3147005 | H34: 166 | I34: 27 | P34: 51 | S34: 90 | T34: 13 | X34: 45 | Y34: 57 | Z34: 3 | AA34: 86
A35: 46044 | B35: 14332 | C35: 13592 | D35: 303 | E35: =D35/B35*100 -> 2.1141502 | F35: =B35-(C35+D35) -> 437 | G35: =F35/B35*100 -> 3.0491208 | H35: 144 | I35: 18 | P35: 47 | S35: 161 | X35: 11 | Y35: 29 | AA35: 27
A36: 46045 | B36: 10830 | C36: 9754 | D36: 566 | E36: =D36/B36*100 -> 5.2262235 | F36: =B36-(C36+D36) -> 510 | G36: =F36/B36*100 -> 4.7091413 | H36: 165 | I36: 100 | P36: 123 | S36: 122
A37: 46046 | B37: 11841 | C37: 10878 | D37: 242 | E37: =D37/B37*100 -> 2.0437463 | F37: =B37-(C37+D37) -> 721 | G37: =F37/B37*100 -> 6.0890128 | H37: 181 | I37: 6 | P37: 93 | S37: 126 | X37: 198 | Y37: 83 | Z37: 34
A38: TOTAL | B38: =SUM(B31:B37) -> 77883 | C38: =SUM(C31:C37) -> 72441 | D38: =SUM(D31:D37) -> 1914 | E38: =D38/B38*100 -> 2.4575325 | F38: =SUM(F31:F37) -> 3528 | G38: =SUM(G31:G37) -> #DIV/0! | H38: =SUM(H31:H37) -> 1118 | I38: =SUM(I31:I37) -> 225 | J38: =SUM(J31:J37) -> 0 | K38: =SUM(K31:K37) -> 0 | L38: =SUM(L31:L37) -> 3 | M38: =SUM(M31:M37) -> 0 | ... AB38: =SUM(AB31:AB37) -> 0
A39: % | C39: =C38/$B$38*100 -> 93.012596 | D39: =D38/$B$38*100 -> 2.4575325 | F39: =F38/$B$38*100 -> 4.5298717 | G39: =G38/$B$38*100 -> #DIV/0! | H39: =H38/$B$38*100 -> 1.4354866 | I39: =I38/$B$38*100 -> 0.28889488 | J39: =J38/$B$38*100 -> 0 | K39: =K38/$B$38*100 -> 0 | L39: =L38/$B$38*100 -> 0.0038519317 | M39: =M38/$B$38*100 -> 0 | ... AB39: =AB38/$B$38*100 -> 0 | AC39: =SUM(H39:AB39) -> 4.5298717
A40: 46047 | E40: =D40/B40*100 -> #DIV/0! | F40: =B40-(C40+D40) -> 0 | G40: =F40/B40*100 -> #DIV/0!
A41: 46048 | E41: =D41/B41*100 -> #DIV/0! | F41: =B41-(C41+D41) -> 0 | G41: =F41/B41*100 -> #DIV/0!
A42: 46049 | B42: 14398 | C42: 13166 | D42: 517 | E42: =D42/B42*100 -> 3.5907765 | F42: =B42-(C42+D42) -> 715 | G42: =F42/B42*100 -> 4.9659675 | H42: 269 | P42: 59 | S42: 163 | X42: 46 | Y42: 45 | Z42: 69 | AA42: 109
A43: 46050 | E43: =D43/B43*100 -> #DIV/0! | F43: =B43-(C43+D43) -> 0 | G43: =F43/B43*100 -> #DIV/0!
A44: 46051 | E44: =D44/B44*100 -> #DIV/0! | F44: =B44-(C44+D44) -> 0 | G44: =F44/B44*100 -> #DIV/0!
A45: 46052 | E45: =D45/B45*100 -> #DIV/0! | F45: =B45-(C45+D45) -> 0 | G45: =F45/B45*100 -> #DIV/0!
A46: 46053 | E46: =D46/B46*100 -> #DIV/0! | F46: =B46-(C46+D46) -> 0 | G46: =F46/B46*100 -> #DIV/0!
A47: TOTAL | B47: =SUM(B40:B46) -> 14398 | C47: =SUM(C40:C46) -> 13166 | D47: =SUM(D40:D46) -> 517 | E47: =SUM(E40:E46) -> #DIV/0! | F47: =SUM(F40:F46) -> 715 | G47: =SUM(G40:G46) -> #DIV/0! | H47: =SUM(H40:H46) -> 269 | I47: =SUM(I40:I46) -> 0 | ... AB47: =SUM(AB40:AB46) -> 0
A48: % | C48: =C47/$B$47*100 -> 91.443256 | D48: =D47/$B$47*100 -> 3.5907765 | E48: =E47/$B$47*100 -> #DIV/0! | F48: =F47/$B$47*100 -> 4.9659675 | G48: =G47/$B$47*100 -> #DIV/0! | H48: =H47/$B$47*100 -> 1.868315 | I48: =I47/$B$47*100 -> 0 | J48: =J47/$B$47*100 -> 0 | ... AB48: =AB47/$B$47*100 -> 0 | AC48: =SUM(H48:AB48) -> 5.2785109
A49: TOTAL | B49: =B47+B38+B29+B20+B11 -> 281388 | C49: =C47+C38+C29+C20+C11 -> 258751 | D49: =D47+D38+D29+D20+D11 -> 7983 | E49: =D49/B49*100 -> 2.837008 | F49: =F47+F38+F29+F20+F11 -> 13154 | G49: =F49/B49*100 -> 4.6746841 | H49: =H47+H38+H29+H20+H11 -> 3992 | I49: =I47+I38+I29+I20+I11 -> 1016 | J49: =J47+J38+J29+J20+J11 -> 25 | K49: =K47+K38+K29+K20+K11 -> 0 | L49: =L47+L38+L29+L20+L11 -> 92 | M49: =M47+M38+M29+M20+M11 -> 0 | N49: =N47+N38+N29+N20+N11 -> 0 | O49: =O47+O38+O29+O20+O11 -> 0 | ... AB49: =AB47+AB38+AB29+AB20+AB11 -> 0
C50: =C49/B49*100 -> 91.955236 | D50: =D49/B49*100 -> 2.837008 | E50: NA | F50: =F49/B49*100 -> 4.6746841 | G50: Current Trend | H50: =H49/$B$49*100 -> 1.4186817 | I50: =I49/$B$49*100 -> 0.36106728 | J50: =J49/$B$49*100 -> 0.0088845295 | K50: =K49/$B$49*100 -> 0 | L50: =L49/B49*100 -> 0.032695069 | M50: =M49/B49*100 -> 0 | N50: =N49/B49*100 -> 0 | O50: =O49/B49*100 -> 0 | P50: =P49/$B$49*100 -> 0.73030833 | Q50: =Q49/$B$49*100 -> 0 | R50: =R49/$B$49*100 -> 0 | S50: =S49/$B$49*100 -> 1.2544956 | T50: =T49/$B$49*100 -> 0.0046199554 | U50: =U49/$B$49*100 -> 0 | V50: =V49/$B$49*100 -> 0 | W50: =W49/$B$49*100 -> 0 | X50: =X49/$B$49*100 -> 0.39269621 | Y50: =Y49/B49*100 -> 0.31095853 | Z50: =Z49/$B$49*100 -> 0.10625897 | AA50: =AA49/$B$49*100 -> 0.078894622 | AB50: =AB49/$B$49*100 -> 0 | AC50: =SUM(H50:AB50) -> 4.6995607
G51: Target | H51: 0.5 | I51: 0.7 | J51: 0.1 | K51: 0.1 | L51: 0.7 | M51: 0.1 | N51: 0.1 | O51: 0.1 | P51: 0.3 | Q51: 0.1 | R51: 0.1 | S51: 1 | T51: 0.1 | U51: 0.1 | V51: 0.1 | W51: 0.1 | X51: 0.1 | Y51: 0.3 | Z51: 0.1 | AA51: 0.1 | AB51: 0.1 | AC51: =SUM(H51:AB51) -> 5
G52: Deviation | H52: =H51-H50 -> -0.91868168 | I52: =I51-I50 -> 0.33893272 | J52: =J51-J50 -> 0.09111547 | K52: =K51-K50 -> 0.1 | L52: =L51-L50 -> 0.66730493 | M52: =M51-M50 -> 0.1 | N52: =N51-N50 -> 0.1 | O52: =O51-O50 -> 0.1 | ... AB52: =AB51-AB50 -> 0.1

Sheet YEARLY 2024-25
B1: DISPOSAFE HEALTH AND LIFE CARE LIMITED Plot No.37A, Sector-06, Ballabgarh (Faridabad) Haryana India 121006 | X1: Doc. no. : | AA1: F/QC/01:00
X2: Supersedes : | AA2: 00
X3: Effective Date : | AA3: 45607
B4: VISUAL INSPECTION REPORT | X4: Page 1 of 1
A6: MONTH | B6: REC. QTY | C6: ACCEPTED QTY | D6: HOLD | E6: HOLD % | F6: REJ. QTY | G6: REJ % | H6: DEFECT MARKING
H7: 1 | I7: 2 | J7: 3 | K7: 4 | L7: 5 | M7: 6 | N7: 7 | O7: 8 | P7: 9 | Q7: 10 | R7: 11 | S7: 12 | T7: 13 | U7: 14 | V7: 15 | W7: 16 | X7: 17 | Y7: 18 | Z7: 19 | AA7: 20 | AB7: 21
H8: COAG | I8: SD | J8: TT | K8: BL | L8: PS | M8: SB | N8: PW | O8: FP | P8: RW | Q8: BEP | R8: DEC | S8: BM | T8: WEB | U8: BT | V8: SF | W8: BIC | X8: WK | Y8: BMP | Z8: TF | AA8: PH | AB8: BST
A9: APRIL 25 | B9: ='APRIL 25'!B35 -> 247767 | C9: ='APRIL 25'!C35 -> 215296 | D9: ='APRIL 25'!D35 -> 12200 | E9: =D9/B9*100 -> 4.923981 | F9: ='APRIL 25'!E35 -> 19271 | G9: =F9/B9*100 -> 7.777872 | H9: ='APRIL 25'!G35 -> 3421 | I9: ='APRIL 25'!H35 -> 2412 | J9: ='APRIL 25'!I35 -> 486 | K9: ='APRIL 25'!J35 -> 768 | L9: ='APRIL 25'!K35 -> 6809 | M9: ='APRIL 25'!L35 -> 0 | N9: ='APRIL 25'!M35 -> 0 | O9: ='APRIL 25'!N35 -> 0 | ... AB9: ='APRIL 25'!AA35 -> 0
A10: MAY 25 | B10: ='MAY 25'!B50 -> 260949 | C10: ='MAY 25'!C50 -> 232255 | D10: ='MAY 25'!D50 -> 9872 | E10: =D10/B10*100 -> 3.7831147 | F10: ='MAY 25'!E50 -> 18788 | G10: =F10/B10*100 -> 7.1998743 | H10: ='MAY 25'!G50 -> 933 | I10: ='MAY 25'!H50 -> 2304 | J10: ='MAY 25'!I50 -> 0 | K10: ='MAY 25'!J50 -> 0 | L10: ='MAY 25'!K50 -> 8127 | M10: ='MAY 25'!L50 -> 0 | N10: ='MAY 25'!M50 -> 11 | O10: ='MAY 25'!N50 -> 0 | ... AB10: ='MAY 25'!AA50 -> 0
A11: JUNE 25 | B11: ='JUNE 25'!B48 -> 269519 | C11: ='JUNE 25'!C48 -> 245388 | D11: ='JUNE 25'!D48 -> 8564 | E11: =D11/B11*100 -> 3.1775125 | F11: ='JUNE 25'!F48 -> 15567 | G11: =F11/B11*100 -> 5.7758451 | H11: ='JUNE 25'!H48 -> 2537 | I11: ='JUNE 25'!I48 -> 2038 | J11: ='JUNE 25'!J48 -> 0 | K11: ='JUNE 25'!K48 -> 0 | L11: ='JUNE 25'!L48 -> 1313 | M11: ='JUNE 25'!M48 -> 0 | N11: ='JUNE 25'!N48 -> 0 | O11: ='JUNE 25'!O48 -> 0 | ... AB11: ='JUNE 25'!AB48 -> 0
A12: JULY 25 | B12: ='JULY 25'!B49 -> 327463 | C12: ='JULY 25'!C49 -> 299311 | D12: ='JULY 25'!D49 -> 9798 | E12: =D12/B12*100 -> 2.9920938 | F12: ='JULY 25'!F49 -> 18354 | G12: =F12/B12*100 -> 5.604908 | H12: ='JULY 25'!H49 -> 3437 | I12: ='JULY 25'!I49 -> 2511 | J12: ='JULY 25'!J49 -> 0 | K12: ='JULY 25'!K49 -> 0 | L12: ='JULY 25'!L49 -> 1532 | M12: ='JULY 25'!M49 -> 6 | N12: ='JULY 25'!N49 -> 0 | O12: ='JULY 25'!O49 -> 8 | ... AB12: ='JULY 25'!AB49 -> 0
A13: AUGUST 25 | B13: ='AUGUST 25'!B49 -> 267149 | C13: ='AUGUST 25'!C49 -> 247269 | D13: ='AUGUST 25'!D49 -> 9657 | E13: =D13/B13*100 -> 3.6148367 | F13: ='AUGUST 25'!F49 -> 10764 | G13: =F13/B13*100 -> 4.0292122 | H13: ='AUGUST 25'!H49 -> 2083 | I13: ='AUGUST 25'!I49 -> 608 | J13: ='AUGUST 25'!J49 -> 0 | K13: ='AUGUST 25'!K49 -> 0 | L13: ='AUGUST 25'!L49 -> 1764 | M13: ='AUGUST 25'!M49 -> 0 | N13: ='AUGUST 25'!N49 -> 0 | O13: ='AUGUST 25'!O49 -> 0 | ... AB13: ='AUGUST 25'!AB49 -> 0
A14: SEPTEMBER 25 | B14: ='SEPTEMBER 25'!B48 -> 335960 | C14: ='SEPTEMBER 25'!C48 -> 310725 | D14: ='SEPTEMBER 25'!D48 -> 4509 | E14: ='SEPTEMBER 25'!E48 -> 1.3421241 | F14: ='SEPTEMBER 25'!F48 -> 20726 | G14: ='SEPTEMBER 25'!G48 -> 6.1691868 | H14: ='SEPTEMBER 25'!H48 -> 1316 | I14: ='SEPTEMBER 25'!I48 -> 1048 | ... AB14: ='SEPTEMBER 25'!AB48 -> 0
A15: OCTOBER 25 | B15: ='OCTOBER 25'!B49 -> 191128 | C15: ='OCTOBER 25'!C49 -> 172231 | D15: ='OCTOBER 25'!D49 -> 7416 | E15: ='OCTOBER 25'!E49 -> 3.8801222 | F15: ='OCTOBER 25'!F49 -> 11481 | G15: ='OCTOBER 25'!G49 -> 6.0069692 | H15: ='OCTOBER 25'!H49 -> 1116 | I15: ='OCTOBER 25'!I49 -> 1065 | ... AB15: ='OCTOBER 25'!AB49 -> 0
A16: NOVEMBER 25 | B16: ='NOVEMBER 25'!B48 -> 203088 | C16: ='NOVEMBER 25'!C48 -> 189576 | D16: ='NOVEMBER 25'!D48 -> 2409 | E16: ='NOVEMBER 25'!E48 -> 1.1861853 | F16: ='NOVEMBER 25'!F48 -> 11103 | G16: ='NOVEMBER 25'!G48 -> 5.4670882 | H16: ='NOVEMBER 25'!H48 -> 1701 | I16: ='NOVEMBER 25'!I48 -> 998 | ... AB16: ='NOVEMBER 25'!AB48 -> 0
A17: DECEMBER 25 | B17: ='DECEMBER 25'!B49 -> 331957 | C17: ='DECEMBER 25'!C49 -> 297260 | D17: ='DECEMBER 25'!D49 -> 10309 | E17: ='DECEMBER 25'!E49 -> 3.1055227 | F17: ='DECEMBER 25'!F49 -> 21170 | G17: ='DECEMBER 25'!G49 -> 6.377332 | H17: ='DECEMBER 25'!H49 -> 4187 | I17: ='DECEMBER 25'!I49 -> 3162 | ... AB17: ='DECEMBER 25'!AB49 -> 0
A18: JANUARY 26 | G18: ='APRIL 25'!F44 -> 0
A19: FEBRUARY 26 | G19: ='APRIL 25'!F45 -> 0
A20: MARCH 26 | G20: ='APRIL 25'!F46 -> 0
A21: TOTAL | B21: =SUM(B9:B20) -> 2434980 | C21: =SUM(C9:C20) -> 2209311 | D21: =SUM(D9:D20) -> 74734 | F21: =SUM(F9:F20) -> 147224 | G21: =F21/B21*100 -> 6.0462098 | H21: =SUM(H9:H20) -> 20731 | I21: =SUM(I9:I20) -> 16146 | J21: =SUM(J9:J20) -> 486 | K21: =SUM(K9:K20) -> 833 | L21: =SUM(L9:L20) -> 36578 | M21: =SUM(M9:M20) -> 6 | N21: =SUM(N9:N20) -> 19 | O21: =SUM(O9:O20) -> 34 | ... AB21: =SUM(AB9:AB20) -> 0
A22: IN % | C22: =C21/B21*100 -> 90.732203 | D22: =D21/B21*100 -> 3.0691833 | F22: =F21/B21*100 -> 6.0462098 | G22: =G21/B21*100 -> 0.00024830634 | H22: =H21/B21*100 -> 0.85138276 | I22: =I21/$B$21*100 -> 0.66308553 | J22: =J21/$B$21*100 -> 0.019959096 | K22: =K21/$B$21*100 -> 0.034209727 | L22: =L21/$B$21*100 -> 1.5021889 | M22: =M21/$B$21*100 -> 0.00024640859 | N22: =N21/$B$21*100 -> 0.00078029388 | O22: =O21/$B$21*100 -> 0.0013963154 | P22: =P21/$B$21*100 -> 0.21515577 | ... AB22: =AB21/$B$21*100 -> 0
B39: {=TRANSPOSE(H8:AB8)} -> COAG | C39: =H21 -> 20731
B40: SD | C40: =I21 -> 16146
B41: TT | C41: =J21 -> 486 | H41: REC. QTY | J41: =B21 -> 2434980
B42: BL | H42: ACCEPTED QTY | J42: =C21 -> 2209311
B43: PS | C43: =L21 -> 36578 | H43: HOLD | J43: =D21 -> 74734
B44: SB | C44: =M21 -> 6 | H44: REJ. QTY | J44: =F21 -> 147224
B45: PW | C45: =N21 -> 19
B46: FP | C46: =O21 -> 34
B47: RW | C47: =P21 -> 5239
B48: BEP | C48: =Q21 -> 5933
B49: DEC | C49: =R21 -> 772
B50: BM | C50: =S21 -> 37971
B51: WEB | C51: =T21 -> 13
B52: BT | C52: =U21 -> 0
B53: SF | C53: =V21 -> 0
B54: BIC | C54: =W21 -> 0
B55: WK | C55: =X21 -> 2970
B56: BMP | C56: =Y21 -> 3876
B57: TF | C57: =Z21 -> 2430
B58: PH | C58: =AA21 -> 492
B59: BST | C59: =AB21 -> 0
